series,season,round_number,event_date,event,circuit,session,driver,team,manufacturer,car_class,lap_number,lap_time_s,sector1_s,sector2_s,sector3_s,compound,tyre_manufacturer,tyre_life,fresh_tyre,stint,position,track_status,pit_in,pit_out,is_accurate,deleted,air_temp_c,track_temp_c,humidity_pct,pressure_mbar,rainfall,wind_speed_ms,wind_direction_deg,gap_ahead_s,gap_behind_s,mean_speed_kph,max_speed_kph,mean_throttle_pct,brake_fraction,mean_rpm,max_rpm,gear_changes,drs_fraction
F1,2022,1,2022-03-15,Synthetic_GP_1,Synthetic_Ring,R,AAA,SYN-A,SYN-A,F1,1,87.83647913472609,27.23111283984301,32.53970373721529,28.065662557667792,MEDIUM,Pirelli,1.0,1,1,1,1,False,False,True,False,23.089623661252542,31.570101995847796,45.72586214463778,1009.0692876502701,False,2.2773520403106815,88.36263371862621,1.0489842050185199,2.135688700816006,209.91577368326864,323.2108284979958,64.13906391058359,0.17970748177536724,10490.389415279578,11665.578545271492,50,0.07197554520398311
F1,2022,1,2022-03-15,Synthetic_GP_1,Synthetic_Ring,R,AAA,SYN-A,SYN-A,F1,2,88.0548992482234,27.291410838610357,32.50480993051804,28.258678479095003,MEDIUM,Pirelli,2.0,0,1,1,1,False,False,True,False,22.44747948866248,31.482602538596353,45.76490886892532,1009.9272485818984,False,2.1831383796390744,116.17011487057361,1.0113308986003307,1.9469864234494607,208.9723636633364,322.04449344793215,64.04296184388672,0.171911627605744,10537.91682104019,11719.24653246681,50,0.10934956590108959
F1,2022,1,2022-03-15,Synthetic_GP_1,Synthetic_Ring,R,AAA,SYN-A,SYN-A,F1,3,87.94828632968257,27.266252969112905,32.5816306446348,28.10040271593487,MEDIUM,Pirelli,3.0,0,1,1,1,False,False,True,False,22.82491987017701,33.1044823536638,45.88829805041584,1011.2890740320324,False,2.52761603581237,136.5102541940405,1.011935402569658,2.035852960589278,207.88613766407698,327.00083309268484,67.52451942416943,0.16800711097894777,10409.68710974029,11857.668958367018,46,0.12365820534390412
F1,2022,1,2022-03-15,Synthetic_GP_1,Synthetic_Ring,R,AAA,SYN-A,SYN-A,F1,4,88.11293104723865,27.318826676980756,32.56616865164279,28.2279357186151,MEDIUM,Pirelli,4.0,0,1,1,1,False,False,True,False,23.200174268250297,33.13007819336062,47.43852259165615,1009.7057060407933,False,2.331084437248587,159.62510888311687,1.0898763872100408,2.2145222007454133,208.6793234162914,320.3529444150315,64.4107152680259,0.18646903422573421,10140.985428057316,11753.683013504764,46,0.10805426148659822
F1,2022,1,2022-03-15,Synthetic_GP_1,Synthetic_Ring,R,AAA,SYN-A,SYN-A,F1,5,88.46767185546456,27.41213752691683,32.72392817487094,28.331606153676788,MEDIUM,Pirelli,5.0,0,1,1,1,False,False,True,False,23.206821170171228,34.24881907735748,45.6727865797778,1009.8188443323703,False,2.4078560264750104,177.9984367958566,0.9802715772034277,1.9885932856848945,208.65819617906965,322.9769570639229,65.11283755405117,0.19166127776190223,10484.901505351152,11797.585638699007,48,0.10320260896573702
F1,2022,1,2022-03-15,Synthetic_GP_1,Synthetic_Ring,R,AAA,SYN-A,SYN-A,F1,6,88.07947824878993,27.24357838877668,32.58027264572093,28.25562721429231,MEDIUM,Pirelli,6.0,0,1,1,1,False,False,True,False,22.998380131798513,34.5499646398004,46.583382354180415,1010.2460791935683,False,2.1772766886691284,204.77344039102744,1.2244756626486049,2.016827681858792,208.3321955934424,321.75211282711217,66.4108078921294,0.18493013291412355,10377.067211432251,11779.406966974679,48,0.12404925910241088
F1,2022,1,2022-03-15,Synthetic_GP_1,Synthetic_Ring,R,AAA,SYN-A,SYN-A,F1,7,88.41724506324887,27.38360727529185,32.74354267463959,28.290095113317427,MEDIUM,Pirelli,7.0,0,1,1,1,False,False,True,False,22.689897250377893,34.625837757748535,45.920818681384155,1010.1339597286536,False,2.5088217121653686,215.56412302360712,0.9408971647143726,2.0881390176122308,208.62013861591214,319.00450741418587,63.737185058953884,0.18362839799188754,10123.28628456312,11884.660852148116,47,0.12513477005328535
F1,2022,1,2022-03-15,Synthetic_GP_1,Synthetic_Ring,R,AAA,SYN-A,SYN-A,F1,8,88.63226010084684,27.47402648408251,32.78571874914816,28.37251486761616,MEDIUM,Pirelli,8.0,0,1,1,1,False,False,True,False,23.23369732530274,34.216543135324834,46.1309512075848,1008.5372715158319,False,2.115791264927128,255.99318999646763,1.1098586759756919,2.0457108068269814,207.2311591476567,322.89761917461664,64.41340719359391,0.173739269002798,10233.895730285349,11925.70693137144,47,0.10691824853587974
F1,2022,1,2022-03-15,Synthetic_GP_1,Synthetic_Ring,R,AAA,SYN-A,SYN-A,F1,9,88.33063543008312,27.371238978135455,32.6733374576525,28.286058994295168,HARD,Pirelli,9.0,0,1,1,1,False,False,True,False,23.00399737907398,35.321515141231146,45.305596472297104,1008.7897311085683,False,2.418328684999437,263.5181515959768,1.165405754880043,2.032876678374828,206.60959625346365,320.891812424753,66.67465266515006,0.1940727219955653,10210.976840677444,11779.147815174872,47,0.07477961051345194
F1,2022,1,2022-03-15,Synthetic_GP_1,Synthetic_Ring,R,AAA,SYN-A,SYN-A,F1,10,88.2928204958961,27.366487257472887,32.63509575971611,28.291237478707103,HARD,Pirelli,10.0,0,1,1,1,False,False,True,False,22.992966824433548,35.32707566011769,46.07144184429261,1012.0032977829501,False,2.3119221318886027,293.6382733039753,0.9492895295461525,2.12916803563558,207.00456387610333,322.93241913046523,65.11770959447563,0.1749203902966278,10481.910736887927,11769.81323954661,47,0.10697112703657416
F1,2022,1,2022-03-15,Synthetic_GP_1,Synthetic_Ring,R,AAA,SYN-A,SYN-A,F1,11,88.2138277197101,27.37477249106219,32.66810967031937,28.17094555832854,HARD,Pirelli,11.0,0,1,1,1,False,False,True,False,23.352952496075602,35.011109979130715,46.68051097463314,1010.8128257624053,False,2.595650066931998,307.49142885317406,1.0781443053885404,2.1831184452664982,208.9336265224746,324.84276694649293,65.08876469867774,0.19514972982664716,10237.942902422858,11886.172307699366,47,0.12747238227049004
F1,2022,1,2022-03-15,Synthetic_GP_1,Synthetic_Ring,R,AAA,SYN-A,SYN-A,F1,12,88.31140979592239,27.376164875076515,32.70041344880144,28.234831472044434,HARD,Pirelli,12.0,0,1,1,1,False,False,True,False,23.445333642013594,35.89839634898765,44.854823092810676,1006.8350293185358,False,2.077832104933036,340.5351124724304,1.0259299020337227,2.10443858896133,206.28866478953208,322.5083938572362,66.07706952754043,0.1713948439263272,10203.245727054626,11783.334514911969,45,0.09056582617901217
F1,2022,1,2022-03-15,Synthetic_GP_1,Synthetic_Ring,R,AAA,SYN-A,SYN-A,F1,13,88.3813067884567,27.36823381360497,32.67448425571723,28.338588719134492,HARD,Pirelli,13.0,0,1,1,1,False,False,True,False,23.151704321417984,34.01538812170981,45.938601371577825,1008.8255380754975,False,2.6016321341582036,348.0856404685925,1.0356066288820274,2.133975592541822,208.7678847227973,327.0503219737602,63.21442190826638,0.18887902377835045,10388.366564954506,11798.5970269869,51,0.10079612374550692
F1,2022,1,2022-03-15,Synthetic_GP_1,Synthetic_Ring,R,AAA,SYN-A,SYN-A,F1,14,88.52224472731845,27.375883395294256,32.732468372593594,28.413892959430605,HARD,Pirelli,14.0,0,1,1,1,False,False,True,False,22.97525648839481,35.008788339024704,46.081054370411266,1005.1228423767552,False,2.4273208298498647,27.23655797589032,0.9469884650227688,2.2333559850102724,204.95782618010583,323.0942398122612,63.65490858519004,0.17059300131797578,10546.9797199325,11815.762662339846,48,0.11095998483124114
F1,2022,1,2022-03-15,Synthetic_GP_1,Synthetic_Ring,R,AAA,SYN-A,SYN-A,F1,15,87.87236597723214,27.25576671588925,32.49224799923611,28.12435126210677,MEDIUM,Pirelli,1.0,1,1,1,1,False,False,True,False,23.011520078466603,34.33641752876197,46.8054056469438,1008.0934237674138,False,2.638141824339019,41.72563760019597,0.9862379023724411,2.099264171370873,212.1513046049222,320.35070889871173,69.44394328771295,0.19460406767259553,10339.73411099082,11877.172116556452,50,0.05772881073309484
F1,2022,1,2022-03-15,Synthetic_GP_1,Synthetic_Ring,R,AAA,SYN-A,SYN-A,F1,16,88.04585416794991,27.329857618580842,32.5869988539532,28.12899769541587,MEDIUM,Pirelli,2.0,0,1,1,1,False,False,True,False,22.981596776050026,34.145787113065424,46.08321735347453,1012.2934549968664,False,2.2307812700432055,59.845223630236774,0.9444752070236353,2.0610569695124616,209.80825078289635,319.36648997732186,69.13821169256722,0.18964332368194428,10519.190245786522,11866.889844644693,49,0.11220297175327304
F1,2022,1,2022-03-15,Synthetic_GP_1,Synthetic_Ring,R,AAA,SYN-A,SYN-A,F1,17,88.20609847023492,27.34213672200006,32.61887467247362,28.245087075761234,MEDIUM,Pirelli,3.0,0,1,1,1,False,False,True,False,22.924398022919807,33.724232367617546,45.79639957427705,1012.4040575167587,False,2.5135759029284235,96.0946360925102,1.0506687304227105,2.1067550558310657,208.22310838794283,322.30763631569454,63.78189317659894,0.17933138442530103,10513.575544481126,11760.74627531625,47,0.10557931297122043
F1,2022,1,2022-03-15,Synthetic_GP_1,Synthetic_Ring,R,AAA,SYN-A,SYN-A,F1,18,88.07054728951688,27.319181062169253,32.63183562070305,28.11953060664458,MEDIUM,Pirelli,4.0,0,1,1,1,False,False,True,False,22.522096736376316,33.213877913601664,45.76460164803491,1009.0976356218148,False,2.2864011204614823,113.07668026050084,1.0191432259126092,2.0997970972390974,209.24741645001004,321.01276730532055,66.92183883142675,0.20015516053475407,10366.445440615456,11779.712380393534,47,0.08910135952861828
F1,2022,1,2022-03-15,Synthetic_GP_1,Synthetic_Ring,R,AAA,SYN-A,SYN-A,F1,19,88.39067027873433,27.446838526521127,32.71232779685601,28.231503955357198,MEDIUM,Pirelli,5.0,0,1,1,1,False,False,True,False,22.625907132587713,32.81722980088766,44.89306897564852,1012.9283764155301,False,2.8199168179609475,120.75637552484284,0.9803271597934283,2.0406994203058386,209.2674059893389,320.29353787043414,66.0834141606927,0.19479144210918306,10524.747399582113,11705.790875858203,49,0.09991657541318073
F1,2022,1,2022-03-15,Synthetic_GP_1,Synthetic_Ring,R,AAA,SYN-A,SYN-A,F1,20,88.28302698926,27.373936137987076,32.662200894920204,28.246889956352717,MEDIUM,Pirelli,6.0,0,1,1,1,False,False,True,False,22.938406571868896,32.2686516393051,46.21445394544308,1012.806313659992,False,2.574184844511362,147.6098113065724,1.059197228477083,2.1055810546408553,209.6231733404511,319.62776275327616,66.7759141720304,0.1605332158823279,10216.825568799704,11885.463925246877,48,0.12412470120273328
F1,2022,1,2022-03-15,Synthetic_GP_1,Synthetic_Ring,R,AAA,SYN-A,SYN-A,F1,21,88.65089920704811,27.488286668823555,32.777453372766836,28.385159165457722,MEDIUM,Pirelli,7.0,0,1,1,1,False,False,True,False,22.486996668154337,31.489510533065026,45.62865148310915,1009.9158585788476,False,2.330315420445994,177.09472596904163,0.9823206806486412,1.9848480840472529,205.64057587635273,323.2327104713844,63.698172957378276,0.191121072717293,10538.14457875246,11908.475126529642,47,0.12029041126636178
F1,2022,1,2022-03-15,Synthetic_GP_1,Synthetic_Ring,R,AAA,SYN-A,SYN-A,F1,22,88.49630962698691,27.42811892224836,32.75012730751899,28.318063397219568,MEDIUM,Pirelli,8.0,0,1,1,1,False,False,True,False,22.883356381579254,30.928907291668814,45.66085434285793,1007.4003012574759,False,2.1750711817414623,182.44909043283906,0.9215869926184106,2.1175334843465072,209.51732707473352,323.78418957333116,65.24585109919781,0.1902917923269785,10427.351342047852,11678.661786117214,47,0.0913847244801871
F1,2022,1,2022-03-15,Synthetic_GP_1,Synthetic_Ring,R,AAA,SYN-A,SYN-A,F1,23,88.45970655207516,27.410998004711047,32.72122023762784,28.327488309736275,HARD,Pirelli,9.0,0,1,1,1,False,False,True,False,23.13914943693682,30.82824263472004,44.1009387609934,1013.8053943551978,False,2.836928075965602,220.78421624875114,0.9824545774592851,2.2587533192081946,206.47148816457238,321.70541509722545,66.3276823846662,0.1632864751342992,10350.22727066032,11898.375490840002,51,0.13144455089869223
F1,2022,1,2022-03-15,Synthetic_GP_1,Synthetic_Ring,R,AAA,SYN-A,SYN-A,F1,24,88.22007218462018,27.323403740208118,32.63228907723402,28.264379367178037,HARD,Pirelli,10.0,0,1,1,1,False,False,True,False,22.686814722504725,30.036395491595208,45.49840272857433,1008.0657101410354,False,2.3852335808236464,237.60384529646,0.9951823517492642,2.1882874225554567,207.57937665360572,319.94125658976526,66.00701630292792,0.17350043805198703,10272.971093172491,11885.343765271462,45,0.09963660621818668
F1,2022,1,2022-03-15,Synthetic_GP_1,Synthetic_Ring,R,AAA,SYN-A,SYN-A,F1,25,88.41874435622447,27.40516127323734,32.733031729224464,28.28055135376266,HARD,Pirelli,11.0,0,1,1,1,False,False,True,False,22.76604819075608,30.08226423451844,46.386501993625835,1008.3712756170478,False,2.4431792483606993,253.96782552698915,0.9897930756811093,2.105195516951614,208.25408531427664,324.9169259077624,64.18746198532965,0.17960670146732693,10176.155765070094,11865.149306034331,51,0.0738728095783279
F1,2022,1,2022-03-15,Synthetic_GP_1,Synthetic_Ring,R,AAA,SYN-A,SYN-A,F1,26,88.1978455916607,27.352714970064856,32.60898184556312,28.23614877603272,HARD,Pirelli,12.0,0,1,1,1,False,False,True,False,23.331705487598853,28.802802064625013,44.475553051788125,1010.8749580980235,False,2.227991103652893,276.0538008715738,0.9244485369031316,2.143278009778072,208.12634552866692,321.0572296562359,63.57572297156942,0.16164550710809078,10641.956362298524,11767.9740967869,48,0.11487866735896858
F1,2022,1,2022-03-15,Synthetic_GP_1,Synthetic_Ring,R,AAA,SYN-A,SYN-A,F1,27,88.1807247744452,27.30566589002348,32.58682689625197,28.28823198816975,HARD,Pirelli,13.0,0,1,1,1,False,False,True,False,23.047988527102177,28.360344155810225,46.04968647937437,1011.2305673143067,False,2.9770542598006746,295.68858727234283,0.9038684454849674,1.9609564223537008,210.39754398094212,322.2904066937178,68.78224775575279,0.15180430582201684,10468.461479972064,11692.424477255141,48,0.08844152118246495
F1,2022,1,2022-03-15,Synthetic_GP_1,Synthetic_Ring,R,AAA,SYN-A,SYN-A,F1,28,88.37354512566029,27.36969381784856,32.64139748239895,28.36245382541278,HARD,Pirelli,14.0,0,1,1,1,False,False,True,False,22.54811626980813,27.830082105160365,45.0227421495019,1009.9536451211205,False,2.8464597907615294,332.56462948712044,0.9915945642165516,2.090620807202383,207.91533442950737,320.75638074554615,65.86745222926876,0.17961326620464893,10567.773064914412,11986.673345435236,47,0.10726021946164417
F1,2022,1,2022-03-15,Synthetic_GP_1,Synthetic_Ring,R,BBB,SYN-A,SYN-A,F1,1,87.98431875340157,27.293322016089135,32.551080472283054,28.139916265029377,MEDIUM,Pirelli,1.0,1,1,2,1,False,False,True,False,22.980505361071412,31.18633394358111,45.39237872474556,1009.725589946044,False,2.3143915460634377,91.53079878462286,1.2272745552747588,1.7552040440251149,210.43773744668366,322.5254479913509,64.90247932514437,0.18233901333209576,10399.423878584306,11663.769325207728,46,0.08314279165718486
F1,2022,1,2022-03-15,Synthetic_GP_1,Synthetic_Ring,R,BBB,SYN-A,SYN-A,F1,2,88.17961899160433,27.322952369223195,32.61525091709036,28.241415705290777,MEDIUM,Pirelli,2.0,0,1,2,1,False,False,True,False,22.911693917234647,31.8191325957292,43.92472672208869,1009.5954494454068,False,2.5228768619649955,115.20786679771469,1.2447388196485139,1.85916853926874,207.8167148306661,320.5917278209103,66.47117981802229,0.1814321889347767,10381.596831816765,11756.07951769137,46,0.12104679784940225
F1,2022,1,2022-03-15,Synthetic_GP_1,Synthetic_Ring,R,BBB,SYN-A,SYN-A,F1,3,88.17095972388665,27.32521371265582,32.642366847774554,28.203379163456276,MEDIUM,Pirelli,3.0,0,1,2,1,False,False,True,False,23.138136001443534,31.829986566575275,46.24303746619037,1010.310069148164,False,2.570844073133654,139.0665007394614,1.1485679754880374,1.903788711488321,209.96211997057804,325.3389419839862,68.01934298608572,0.18233878048769106,10197.501781531455,11894.254481422802,47,0.059349607038660684
F1,2022,1,2022-03-15,Synthetic_GP_1,Synthetic_Ring,R,BBB,SYN-A,SYN-A,F1,4,88.28910394150773,27.3777519694995,32.71940749727043,28.191944474737802,MEDIUM,Pirelli,4.0,0,1,2,1,False,False,True,False,22.55234846507614,33.35194055498893,44.70355941980494,1009.8449698762589,False,2.341260276906537,168.18072942306307,1.275847897793949,1.723912936591045,211.23462887795276,321.6110838516368,66.85071669522554,0.18395730761809645,10414.330970052615,11899.480165756393,45,0.09455263973933639
F1,2022,1,2022-03-15,Synthetic_GP_1,Synthetic_Ring,R,BBB,SYN-A,SYN-A,F1,5,88.36618830614435,27.40438414271262,32.66541181738189,28.29639234604985,MEDIUM,Pirelli,5.0,0,1,2,1,False,False,True,False,23.219372896548442,33.59227332862234,46.58414590622792,1010.8710076713458,False,2.7677364439331047,183.1761632541205,1.2944859667178992,1.8808409626417009,206.0760577781079,319.6046312723172,65.26977195054914,0.17400142886268471,10287.652425084232,11574.498499353755,46,0.1279460857633238
F1,2022,1,2022-03-15,Synthetic_GP_1,Synthetic_Ring,R,BBB,SYN-A,SYN-A,F1,6,88.45983688818903,27.438845439754044,32.75060350738697,28.270387941048014,MEDIUM,Pirelli,6.0,0,1,2,1,False,False,True,False,22.81971601710026,34.214400321518795,45.9851240283497,1011.7025685186447,False,2.689200020059502,179.91665709876645,1.3312562834746247,1.8801976006115428,210.71174775775893,324.5738906959892,64.92134601051532,0.17959811945056814,10517.81107040021,11995.744521489509,46,0.10681465388536517
F1,2022,1,2022-03-15,Synthetic_GP_1,Synthetic_Ring,R,BBB,SYN-A,SYN-A,F1,7,88.40136061997313,27.39884070331956,32.70255847468949,28.29996144196408,MEDIUM,Pirelli,7.0,0,1,2,1,False,False,True,False,23.059544058136304,34.34168359456665,47.343203694008054,1011.5678905654675,False,2.4924216741027125,235.75487229176917,1.1490555641881768,1.7584882374188777,209.57431610625179,323.6737049575529,64.68261270822838,0.16477572224352358,10535.002396363052,11849.397008415364,49,0.10049108567107809
F1,2022,1,2022-03-15,Synthetic_GP_1,Synthetic_Ring,R,BBB,SYN-A,SYN-A,F1,8,88.63407050632073,27.455491892585513,32.814869619299735,28.363708994435477,MEDIUM,Pirelli,8.0,0,1,2,1,False,False,True,False,22.928012001071863,35.15376087784816,47.096435277822955,1008.6155431732053,False,2.2720837122643442,239.16691641852958,1.30728656009451,1.8148722311812635,207.85384959091067,324.8316656583541,64.73489403364358,0.1756082690452712,10557.460797698923,12023.85933892425,47,0.14998017328455873
F1,2022,1,2022-03-15,Synthetic_GP_1,Synthetic_Ring,R,BBB,SYN-A,SYN-A,F1,9,88.5001716009501,27.448598699710494,32.720189003816984,28.33138389742262,HARD,Pirelli,9.0,0,1,2,1,False,False,True,False,23.065656412120468,34.870165837697044,47.53345866228266,1007.8449057281689,False,2.4688912984388423,260.18920690290105,1.366542928417233,1.7741623483688158,205.5299668839509,322.71730581525776,66.42511736867567,0.1861914087909471,10356.462636167249,11849.87157004806,49,0.10276571948643977
F1,2022,1,2022-03-15,Synthetic_GP_1,Synthetic_Ring,R,BBB,SYN-A,SYN-A,F1,10,88.48500375339816,27.45136675729318,32.69158230341176,28.342054692693225,HARD,Pirelli,10.0,0,1,2,1,False,False,True,False,23.339530164908574,34.44740451159456,45.97291677193301,1009.4328391226637,False,2.3151731280924253,287.1810256154788,1.5532305832767808,1.9455678892531996,206.50417622396924,322.7770966417381,67.42399916482168,0.20057436169630335,10369.613289519199,11763.358665590244,49,0.13423887086443792
F1,2022,1,2022-03-15,Synthetic_GP_1,Synthetic_Ring,R,BBB,SYN-A,SYN-A,F1,11,88.6544645171336,27.503412695455836,32.741334045172145,28.409717776505623,HARD,Pirelli,11.0,0,1,2,1,False,False,True,False,23.201399946596766,35.24708694959995,45.491777600719416,1009.708837119162,False,2.9810507830856854,325.6767264127493,1.3433905705828222,1.9182459411846098,208.3387066217114,322.31741646378345,62.619036399625834,0.18367874565074235,10303.620125182748,11766.980590727566,46,0.10316851489489624
F1,2022,1,2022-03-15,Synthetic_GP_1,Synthetic_Ring,R,BBB,SYN-A,SYN-A,F1,12,88.59575507898283,27.410610986809463,32.75361277371226,28.43153131846111,HARD,Pirelli,12.0,0,1,2,1,False,False,True,False,23.365084138169454,33.80413171680631,46.253346102326475,1009.2471880352825,False,2.777849815729716,349.8387346384795,1.3079647978065978,1.6497812732976762,205.8066229627236,323.6849509866831,62.97928669342824,0.1829736526280001,10385.766151126993,11768.636876080742,48,0.10853913888117374
F1,2022,1,2022-03-15,Synthetic_GP_1,Synthetic_Ring,R,BBB,SYN-A,SYN-A,F1,13,88.91712178370997,27.603962280846442,32.92050910799824,28.392650394865285,HARD,Pirelli,13.0,0,1,2,1,False,False,True,False,22.81625856697875,34.567239775049515,44.31724360913111,1012.1641261823244,False,2.492593171287668,10.764269684986516,1.294387244555903,1.8431124490236928,205.31679267904013,322.4175457363215,66.18392379803659,0.17564785098411942,10389.108317981496,11691.540089127273,47,0.15561112939899643
F1,2022,1,2022-03-15,Synthetic_GP_1,Synthetic_Ring,R,BBB,SYN-A,SYN-A,F1,14,88.65355563357916,27.51015052163758,32.80991071329645,28.333494398645122,HARD,Pirelli,14.0,0,1,2,1,False,False,True,False,22.928401830568472,34.602392693321754,46.53237427910505,1012.3310265029131,False,2.6770304554258657,9.089849126623392,1.2322227240360357,1.8582745895107633,207.56870853093602,321.95988266948984,68.98061645815248,0.16048139600723466,10312.88157958711,11747.084303397209,47,0.1232707924634318
F1,2022,1,2022-03-15,Synthetic_GP_1,Synthetic_Ring,R,BBB,SYN-A,SYN-A,F1,15,88.09039189806825,27.32420854440233,32.56584081480318,28.200342538862735,MEDIUM,Pirelli,1.0,1,1,2,1,False,False,True,False,23.418558278071618,34.66628616123577,44.425967157662676,1009.4446722666161,False,2.68761875225762,37.65376108569353,1.1502229148358096,1.7851084178929322,206.52306246475553,323.7431095275022,66.62399949122832,0.19586899448978567,10374.044882897348,11646.666840945214,47,0.09161231550747456
F1,2022,1,2022-03-15,Synthetic_GP_1,Synthetic_Ring,R,BBB,SYN-A,SYN-A,F1,16,88.20223161929077,27.353396920330713,32.63799734547859,28.210837353481473,MEDIUM,Pirelli,2.0,0,1,2,1,False,False,True,False,23.13061015850463,33.411675525697504,45.35476766203476,1010.0570281205233,False,2.005656795828248,67.57538242495372,1.423620248347821,1.8924982789977227,210.13855562405948,323.7841352467768,66.81973383536511,0.1654336225743128,10378.597352265517,11774.06835104505,51,0.11415093442320969
F1,2022,1,2022-03-15,Synthetic_GP_1,Synthetic_Ring,R,BBB,SYN-A,SYN-A,F1,17,88.23410579767945,27.349882534892835,32.625070382562164,28.25915288022445,MEDIUM,Pirelli,3.0,0,1,2,1,False,False,True,False,23.490234433067872,32.93714081587824,46.104388664156524,1009.0382363491407,False,2.1971706148373316,70.32890429136933,1.35516582517063,1.7775458181611117,209.2017475511681,322.9229995497902,67.95767834672428,0.20571668882910293,10269.006384958022,11753.54922299129,46,0.1256865664353855
F1,2022,1,2022-03-15,Synthetic_GP_1,Synthetic_Ring,R,BBB,SYN-A,SYN-A,F1,18,88.26266719511891,27.298413623276744,32.6138225156818,28.350431056160367,MEDIUM,Pirelli,4.0,0,1,2,1,False,False,True,False,22.854692886322074,32.585031076743796,45.97039871676249,1010.222345954513,False,2.255330365130064,98.34139966152657,1.2814240014046407,1.6726031305160607,208.3297800878346,322.07242741648,67.59687528101236,0.1855586551199132,10389.76277800138,11711.263012490179,49,0.12262432741904411
F1,2022,1,2022-03-15,Synthetic_GP_1,Synthetic_Ring,R,BBB,SYN-A,SYN-A,F1,19,88.55579471848414,27.4379162733308,32.79378852601469,28.32408991913865,MEDIUM,Pirelli,5.0,0,1,2,1,False,False,True,False,22.649225479257794,32.36822108443941,45.19781376483821,1009.7638589464508,False,2.8620863229435383,129.76144030561352,1.5486350259955695,1.9267148632299618,206.87456506063634,321.9976592493446,65.83036192194656,0.18326223420885643,10557.359486637068,11751.086690832984,50,0.10440716373747386
F1,2022,1,2022-03-15,Synthetic_GP_1,Synthetic_Ring,R,BBB,SYN-A,SYN-A,F1,20,88.29261708865839,27.396748342136835,32.731154917753294,28.164713828768264,MEDIUM,Pirelli,6.0,0,1,2,1,False,False,True,False,23.03286139062057,32.13021032663931,47.316690136182665,1010.380333579911,False,2.579171769576482,156.50333577308788,1.3153988188407744,2.0287142239026004,209.9888955807417,321.1456370332183,65.7777952840919,0.18460207592938213,10496.720144015715,11756.267209429161,46,0.11614642789454471
F1,2022,1,2022-03-15,Synthetic_GP_1,Synthetic_Ring,R,BBB,SYN-A,SYN-A,F1,21,88.61533370213698,27.441742898916214,32.78044071732744,28.393150085893325,MEDIUM,Pirelli,7.0,0,1,2,1,False,False,True,False,23.036141339840384,31.42551929156391,45.86790845962611,1008.3952023398792,False,2.2146015805361126,171.83109131981246,1.318263833750816,1.7439870181046564,208.5358352881378,325.26926100166753,70.62564276375973,0.20022255284245763,10371.506511889493,11874.019912874062,47,0.11204211792138569
F1,2022,1,2022-03-15,Synthetic_GP_1,Synthetic_Ring,R,BBB,SYN-A,SYN-A,F1,22,88.58682923170691,27.44173690199336,32.785441027034096,28.35965130267946,MEDIUM,Pirelli,8.0,0,1,2,1,False,False,True,False,22.604246127144755,31.76882057474741,47.055294597466116,1010.0536455111668,False,2.4877560012110664,205.26832496483314,1.3488038276556598,1.7978324824298018,208.75663371571687,318.7322321983099,67.80004716754668,0.18699159736184287,10419.263189999863,11806.841056221032,48,0.13072591538709474
F1,2022,1,2022-03-15,Synthetic_GP_1,Synthetic_Ring,R,BBB,SYN-A,SYN-A,F1,23,88.5891808429159,27.44346847567776,32.74497460688716,28.40073776035097,HARD,Pirelli,9.0,0,1,2,1,False,False,True,False,22.788039780392445,30.196953741734447,45.811450130504014,1009.8546648578057,False,2.797274297137883,204.90309676588413,1.1699765635615078,1.8141266940943568,209.5333693825499,324.86210486177407,68.38414838524355,0.17572901318078948,10452.821698682646,11871.408463239442,46,0.11710072150332887
F1,2022,1,2022-03-15,Synthetic_GP_1,Synthetic_Ring,R,BBB,SYN-A,SYN-A,F1,24,88.3749582367483,27.383458700139965,32.73213466474708,28.25936487186125,HARD,Pirelli,10.0,0,1,2,1,False,False,True,False,22.839192676858072,29.851837626293197,45.507852064621076,1011.3276415498824,False,2.5167586204668027,238.23882789566903,1.420182223193742,1.908884225963955,208.82090775577228,327.54177262676484,64.34939193647222,0.18808409593082293,10358.641283505958,11985.578326337129,49,0.14400880242784847
F1,2022,1,2022-03-15,Synthetic_GP_1,Synthetic_Ring,R,BBB,SYN-A,SYN-A,F1,25,88.46543256491314,27.437937719859978,32.75180069209146,28.275694152961712,HARD,Pirelli,11.0,0,1,2,1,False,False,True,False,22.709340127246435,28.35600780198263,46.664312910794344,1011.5409529525424,False,2.6974668024711193,265.89251372927424,1.0740502750890955,1.9133793519569993,208.02146283604145,320.93189477542853,67.91735561593877,0.17771315575108798,10284.457654759077,11837.390215674424,46,0.09174464204889211
F1,2022,1,2022-03-15,Synthetic_GP_1,Synthetic_Ring,R,BBB,SYN-A,SYN-A,F1,26,88.65845149339407,27.484658792206204,32.80082839812642,28.372964303061444,HARD,Pirelli,12.0,0,1,2,1,False,False,True,False,22.991987673560565,28.048763303785833,46.496823521690835,1011.5875891641887,False,2.7557564965328107,280.86617710568794,1.2658565545541407,1.8256238378044043,208.22653844821042,322.6783371906003,66.16553825398368,0.1709959179039485,10533.640787808617,11759.959036822167,51,0.11924886913555728
F1,2022,1,2022-03-15,Synthetic_GP_1,Synthetic_Ring,R,BBB,SYN-A,SYN-A,F1,27,88.5981674070921,27.518739763887876,32.81009610834103,28.2693315348632,HARD,Pirelli,13.0,0,1,2,1,False,False,True,False,23.107641185842667,27.963132624188663,46.39159301575034,1009.4267197765132,False,2.3948296483006666,320.1671154639771,1.3436102067357232,1.8561172531838752,206.61391816104748,323.0989222835179,65.4275900912509,0.16191523644259004,10370.69375635531,11578.187853607724,46,0.09547884425144589
F1,2022,1,2022-03-15,Synthetic_GP_1,Synthetic_Ring,R,BBB,SYN-A,SYN-A,F1,28,88.42906590263637,27.351758604091312,32.68974889567878,28.38755840286627,HARD,Pirelli,14.0,0,1,2,1,False,False,True,False,22.934208861311006,27.615081655682214,46.27267234629586,1008.4151211252545,False,2.141998455566011,312.0111904835727,1.3651405174900184,1.7128365191734867,210.67006093523898,323.598240305145,65.36053237557464,0.17940187214465728,10473.94108726778,11975.624012531618,45,0.11389412699666547
F1,2022,1,2022-03-15,Synthetic_GP_1,Synthetic_Ring,R,CCC,SYN-B,SYN-B,F1,1,88.51198620946859,27.49094139604956,32.68994740240925,28.33109741100977,MEDIUM,Pirelli,1.0,1,1,3,1,False,False,True,False,22.707989684755304,31.631666394867104,46.58333965533233,1011.3222224582018,False,2.4384819173636822,98.65605634326744,1.5649307802915013,1.520782693099454,207.50715612189305,322.4682387885208,63.240142504785325,0.1811895377168977,10717.26003922252,11914.503149822673,46,0.09253317835343415
F1,2022,1,2022-03-15,Synthetic_GP_1,Synthetic_Ring,R,CCC,SYN-B,SYN-B,F1,2,88.70193077066536,27.486384099094575,32.786181482715,28.429365188855776,MEDIUM,Pirelli,2.0,0,1,3,1,False,False,True,False,23.30132483832018,31.925007503977614,45.17851299083081,1008.9515148096349,False,2.3274421452631167,121.07799546811924,1.3769471097728472,1.6749819881909915,204.86765968244453,321.7399386003909,66.96258732849027,0.19868324887601332,10552.489441927273,11684.8865162053,48,0.1273849797295339
F1,2022,1,2022-03-15,Synthetic_GP_1,Synthetic_Ring,R,CCC,SYN-B,SYN-B,F1,3,88.86695084028243,27.476593846696638,32.847567588432234,28.542789405153556,MEDIUM,Pirelli,3.0,0,1,3,1,False,False,True,False,22.776093044571173,33.24121593373043,45.046703076928,1009.659369363004,False,2.4725770256653647,123.18861320387055,1.6166124173142624,1.6271448568674838,206.12784889285655,322.5727759707491,68.27377263753988,0.15860623830362805,10399.978613190795,11728.54155882846,46,0.11441519675892557
F1,2022,1,2022-03-15,Synthetic_GP_1,Synthetic_Ring,R,CCC,SYN-B,SYN-B,F1,4,89.00053581692644,27.659441432702053,32.88632437789397,28.45477000633042,MEDIUM,Pirelli,4.0,0,1,3,1,False,False,True,False,22.80771530103935,32.70742241518793,46.792586723251844,1013.7634916534486,False,2.5872640671627463,152.55801250718017,1.6783898629184892,1.6221060142912547,206.45054917274473,322.58388633328116,64.91761142824656,0.17787485297380262,10328.405176386943,11874.490835855804,46,0.10203692694617117
F1,2022,1,2022-03-15,Synthetic_GP_1,Synthetic_Ring,R,CCC,SYN-B,SYN-B,F1,5,88.9267681140186,27.578275861935097,32.918045961030444,28.43044629105306,MEDIUM,Pirelli,5.0,0,1,3,1,False,False,True,False,22.639351793951278,33.39973583270905,45.9504101256197,1010.0887635952872,False,2.2764695816402494,178.55399865016724,1.587267176932837,1.5692193784098334,206.8270638935623,324.51823401766615,63.8315203814235,0.19340722586225545,10404.430148149026,11725.129960942262,48,0.09646019197623777
F1,2022,1,2022-03-15,Synthetic_GP_1,Synthetic_Ring,R,CCC,SYN-B,SYN-B,F1,6,88.74877135998193,27.45186348639541,32.83584933767614,28.461058535910382,MEDIUM,Pirelli,6.0,0,1,3,1,False,False,True,False,22.784647086653507,34.104004710100945,47.14213119878374,1010.9716397003986,False,2.3045902518464394,183.8198245566866,1.4662410495052758,1.5237744718432,208.59365152762925,326.55726707113337,66.63702281746866,0.18004118692634058,10537.288132955162,12045.274112543017,45,0.13593146555159477
F1,2022,1,2022-03-15,Synthetic_GP_1,Synthetic_Ring,R,CCC,SYN-B,SYN-B,F1,7,88.9236030581316,27.537900611136905,32.89988925893764,28.485813188057058,MEDIUM,Pirelli,7.0,0,1,3,1,False,False,True,False,23.106406452795447,34.43559156661688,46.61707979109822,1013.5115559828243,False,2.346825375872469,215.53024421826046,1.5148950005343433,1.5878211068029067,206.44977232746172,322.67139422083096,66.87462106675066,0.19046724331583623,10336.237144788534,11717.864796989497,50,0.09147591006394307
F1,2022,1,2022-03-15,Synthetic_GP_1,Synthetic_Ring,R,CCC,SYN-B,SYN-B,F1,8,89.05410191696254,27.58896976367323,32.9425045075464,28.5226276457429,MEDIUM,Pirelli,8.0,0,1,3,1,False,False,True,False,23.01369411254696,34.90751206905279,44.98456600509384,1008.2729212966431,False,2.406808130878786,246.25178358232213,1.7617715658178845,1.3811859327305156,203.05594023213953,322.32439489473194,66.43839645868852,0.1762565075467296,10294.939521962498,11793.892146761267,48,0.1099006919699544
F1,2022,1,2022-03-15,Synthetic_GP_1,Synthetic_Ring,R,CCC,SYN-B,SYN-B,F1,9,88.89237606760852,27.57585844347306,32.91708246504241,28.399435159093052,HARD,Pirelli,9.0,0,1,3,1,False,False,True,False,22.436686363654367,34.79749562940079,45.8525963720446,1011.3860041650802,False,2.286221827427111,263.6181130014917,1.7173727532623992,1.713663792454606,205.68587614409756,325.7795358776229,65.70863498816217,0.17825868084926738,10507.256601321265,11663.347568487197,45,0.09938882015660172
F1,2022,1,2022-03-15,Synthetic_GP_1,Synthetic_Ring,R,CCC,SYN-B,SYN-B,F1,10,89.04139528964956,27.600422745541483,32.939637606453466,28.50133493765461,HARD,Pirelli,10.0,0,1,3,1,False,False,True,False,22.477545665630426,34.775217780057794,45.10945569419679,1010.6035347454642,False,2.494876517635721,297.10762539274884,1.5752421999492463,1.6605884539149005,204.58840006087726,326.50337360825193,65.93525008547637,0.16502645525825926,10288.08944240625,11654.185255866338,48,0.08605780621170044
F1,2022,1,2022-03-15,Synthetic_GP_1,Synthetic_Ring,R,CCC,SYN-B,SYN-B,F1,11,88.90671534232892,27.54080203094786,32.88536334528715,28.48054996609391,HARD,Pirelli,11.0,0,1,3,1,False,False,True,False,23.067997872037544,35.652634562276205,44.47982556842424,1010.9599552253845,False,2.6634080415075303,322.0829989926311,1.7182216838040234,1.7212478205913166,206.80004839606556,325.37080769645394,68.72384286356015,0.18661387789800352,10200.982141436842,11786.903577048639,48,0.102337474699846
F1,2022,1,2022-03-15,Synthetic_GP_1,Synthetic_Ring,R,CCC,SYN-B,SYN-B,F1,12,89.02683174350682,27.626119113230907,32.97180377227758,28.42890885799833,HARD,Pirelli,12.0,0,1,3,1,False,False,True,False,22.89193580834435,35.41452262289027,45.07425297003629,1006.3135078716585,False,2.8610747498597657,339.3280344784507,1.532441054933228,1.5543420870421691,206.40422674243177,321.03159820977373,66.39735486784063,0.1919220213285134,10336.962273923082,11686.516733032913,50,0.15056069621821
F1,2022,1,2022-03-15,Synthetic_GP_1,Synthetic_Ring,R,CCC,SYN-B,SYN-B,F1,13,89.13250028790524,27.616455506102024,32.95133657906323,28.564708202739986,HARD,Pirelli,13.0,0,1,3,1,False,False,True,False,22.630110522586026,34.6114099798666,46.23767724961846,1011.1561534656875,False,2.6064206453973835,350.3595992825546,1.5366148508805302,1.6330625556014218,205.7378851511663,322.8130167211893,71.64886729947229,0.1729144031883691,10579.942308070136,11794.76537115611,47,0.12443330223072877
F1,2022,1,2022-03-15,Synthetic_GP_1,Synthetic_Ring,R,CCC,SYN-B,SYN-B,F1,14,89.1367288474224,27.649812938819178,33.02253120176719,28.464384706836036,HARD,Pirelli,14.0,0,1,3,1,False,False,True,False,23.380104692286018,35.08418499057298,46.32865173513516,1011.5902523978866,False,2.3499009025605186,13.698831166527498,1.7516771034783958,1.6164800544531106,206.08073029343842,320.02888269681864,63.64144582699884,0.16562197131809486,10606.906749531832,11715.259140517106,48,0.13463683130824577
F1,2022,1,2022-03-15,Synthetic_GP_1,Synthetic_Ring,R,CCC,SYN-B,SYN-B,F1,15,88.57280057131429,27.462826005664397,32.75601390125259,28.353960664397306,MEDIUM,Pirelli,1.0,1,1,3,1,False,False,True,False,23.514580738051713,34.65601437896294,47.00309381948784,1012.4139800930036,False,2.47440743469665,38.39975639685383,1.4297861689174347,1.625848813952686,207.65985526835985,321.1860943880385,66.37407416560976,0.188398557752082,10392.5106765405,11877.29869198484,47,0.13213978225330947
F1,2022,1,2022-03-15,Synthetic_GP_1,Synthetic_Ring,R,CCC,SYN-B,SYN-B,F1,16,88.63118081374401,27.522285334707718,32.802154949662395,28.306740529373897,MEDIUM,Pirelli,2.0,0,1,3,1,False,False,True,False,23.18672242093771,33.71902348360257,46.18244809597647,1007.8809738655559,False,1.8536094552190536,55.951487028238205,1.7431146696523492,1.7807076995188118,207.86182056468007,323.05715008624793,65.56048590355977,0.1638095028419034,10514.831737664344,12070.227932569242,47,0.12434226149572983
F1,2022,1,2022-03-15,Synthetic_GP_1,Synthetic_Ring,R,CCC,SYN-B,SYN-B,F1,17,88.64999368629967,27.48986359510297,32.82698495375418,28.333145137442514,MEDIUM,Pirelli,3.0,0,1,3,1,False,False,True,False,23.16262618811245,34.24833965710298,45.01498411343125,1010.5802517512501,False,2.834168157754966,74.12340080424224,1.5238511931571237,1.4710628586039545,208.02400375294778,323.12296133652643,64.5796104455142,0.16692214371930747,10235.426958704747,11750.98715258269,46,0.08305062594311255
F1,2022,1,2022-03-15,Synthetic_GP_1,Synthetic_Ring,R,CCC,SYN-B,SYN-B,F1,18,88.61965902035313,27.49947263798915,32.78277062338099,28.337415758982985,MEDIUM,Pirelli,4.0,0,1,3,1,False,False,True,False,23.0546778391345,32.341512265067955,46.40798422951842,1012.5637545550094,False,3.001785240795707,94.01976160614095,1.5661593840479273,1.4843805130665995,207.0308670105258,320.3661200802661,66.67138864462787,0.18305241603405967,10221.678691862797,11701.460374227368,51,0.12069425275631224
F1,2022,1,2022-03-15,Synthetic_GP_1,Synthetic_Ring,R,CCC,SYN-B,SYN-B,F1,19,88.73527510415732,27.520389050022402,32.81485951747329,28.400026536661635,MEDIUM,Pirelli,5.0,0,1,3,1,False,False,True,False,22.807033374918802,32.94631896130695,46.622216201851984,1009.5754779178009,False,2.6429636468226403,113.73534601024363,1.6752093159941412,1.7580405585813135,203.85050177991914,318.618434677492,71.22664269112855,0.1687286366897073,10524.406213204147,11923.419807053438,49,0.11299236959120752
F1,2022,1,2022-03-15,Synthetic_GP_1,Synthetic_Ring,R,CCC,SYN-B,SYN-B,F1,20,88.90915152097816,27.616379285357826,32.86903737853709,28.423734857083247,MEDIUM,Pirelli,6.0,0,1,3,1,False,False,True,False,23.187967636395822,31.541808766713466,45.28476682322449,1012.3848037372235,False,1.8693262641406783,172.63118906973023,1.7554549524501175,1.597879366678785,208.56464815120523,320.5950759125148,65.64537438627274,0.15797230886233393,10178.73838937754,11809.193878115027,49,0.09017203068463638
F1,2022,1,2022-03-15,Synthetic_GP_1,Synthetic_Ring,R,CCC,SYN-B,SYN-B,F1,21,89.04989040695611,27.582074631815683,32.93835253985091,28.529463235289512,MEDIUM,Pirelli,7.0,0,1,3,1,False,False,True,False,22.967300074579594,31.482256604512095,47.9307270485184,1008.1375091336436,False,2.824406642437736,171.64101932669735,1.5721019271699777,1.4679154139911956,207.16577483735165,323.2349448156559,69.26503151117886,0.17247903110899027,10429.364334468797,11710.26780983635,50,0.08528300959316508
F1,2022,1,2022-03-15,Synthetic_GP_1,Synthetic_Ring,R,CCC,SYN-B,SYN-B,F1,22,88.89115828059433,27.58030101741036,32.898458372965884,28.41239889021808,MEDIUM,Pirelli,8.0,0,1,3,1,False,False,True,False,23.708730641185277,31.722318084983293,46.483043705305576,1010.9109140890629,False,2.3209267577156654,199.63913307474547,1.5420506363022843,1.559563217688714,206.85492310390532,319.55750881989206,65.11626111709309,0.16577667309935162,10381.191444124808,11704.236905061374,46,0.11202468840642617
F1,2022,1,2022-03-15,Synthetic_GP_1,Synthetic_Ring,R,CCC,SYN-B,SYN-B,F1,23,89.04119052273617,27.628315160509306,32.93475792558141,28.478117436645462,HARD,Pirelli,9.0,0,1,3,1,False,False,True,False,22.573963228680537,30.6521267576806,45.186720905754036,1007.7288383953381,False,2.2641720245411543,221.97194740062753,1.7499358052128093,1.5343785793698184,208.0327474935095,317.43941356969054,71.30160947816951,0.1957802307432356,10265.855115474385,11816.900864759316,46,0.11204441606589864
F1,2022,1,2022-03-15,Synthetic_GP_1,Synthetic_Ring,R,CCC,SYN-B,SYN-B,F1,24,88.83559899165826,27.609512337991,32.847699680198495,28.378386973468764,HARD,Pirelli,10.0,0,1,3,1,False,False,True,False,22.795551805199963,29.12613336490036,46.467961282747616,1007.1255231560998,False,2.5556740424888935,247.59390808005298,1.4746866871235456,1.7328525960931371,207.04660262129727,321.11439446504266,67.06135034800286,0.179382291426486,10264.208635500616,11765.175072581284,47,0.09971532730706559
F1,2022,1,2022-03-15,Synthetic_GP_1,Synthetic_Ring,R,CCC,SYN-B,SYN-B,F1,25,88.90104697616526,27.556324100258713,32.92423585505464,28.42048702085191,HARD,Pirelli,11.0,0,1,3,1,False,False,True,False,23.22608246327823,29.089430458757032,46.65234455441658,1011.2643866516372,False,2.355643575843236,252.74317756928622,1.5965269728935794,1.5827956029120942,210.37875245125903,321.28661175907166,64.18665443123483,0.16996584489498925,10348.6064277173,11757.285655423915,48,0.1020200196999909
F1,2022,1,2022-03-15,Synthetic_GP_1,Synthetic_Ring,R,CCC,SYN-B,SYN-B,F1,26,89.01135656884342,27.63820961489886,32.92674730470871,28.446399649235858,HARD,Pirelli,12.0,0,1,3,1,False,False,True,False,22.634517792333256,28.733685623544343,47.64457562919701,1014.0582595542642,False,2.626746602396639,296.31098535379135,1.4776465538394186,1.7176268955064222,207.03031493656167,326.3958884368239,66.84225515541884,0.1876521243571688,10566.352480802696,11732.970483403453,45,0.11834823456287784
F1,2022,1,2022-03-15,Synthetic_GP_1,Synthetic_Ring,R,CCC,SYN-B,SYN-B,F1,27,88.99143196875939,27.54381664962095,32.987633091096185,28.45998222804225,HARD,Pirelli,13.0,0,1,3,1,False,False,True,False,22.792625887603574,27.93186644249125,45.36843725438842,1011.1153441540891,False,2.4634329318269517,305.1982051078677,1.5633469608393293,1.590869333326577,207.80956556009684,324.1223328412665,66.84287997279057,0.16278937561923174,10498.706304355108,12098.82475884033,50,0.13039355243268183
F1,2022,1,2022-03-15,Synthetic_GP_1,Synthetic_Ring,R,CCC,SYN-B,SYN-B,F1,28,89.176901436419,27.638776488944913,32.982575640484235,28.555549306989853,HARD,Pirelli,14.0,0,1,3,1,False,False,True,False,22.96567543408654,28.162041006306264,47.40701574002231,1009.3148669779928,False,2.196600921729947,327.3367599422281,1.75891687302936,1.5068152226328844,205.4693600879209,324.79386254066117,63.426632400867135,0.1868757240272185,10385.986068955202,11534.483802867811,48,0.10987713693292535
F1,2022,1,2022-03-15,Synthetic_GP_1,Synthetic_Ring,R,DDD,SYN-B,SYN-B,F1,1,88.87417318738038,27.554569595701963,32.93098600685848,28.388617584819933,MEDIUM,Pirelli,1.0,1,1,4,1,False,False,True,False,22.862965546221883,31.02109504853193,47.58155179864924,1008.6394029925904,False,2.212854728239833,83.28039659418728,1.893183262814469,1.476412843044723,207.0022183116523,324.93501044970225,66.00182306415161,0.18050143670712432,10384.958942785026,11740.533282875365,49,0.11014786340329759
F1,2022,1,2022-03-15,Synthetic_GP_1,Synthetic_Ring,R,DDD,SYN-B,SYN-B,F1,2,88.64340554025405,27.48019318110695,32.74643942339241,28.416772935754686,MEDIUM,Pirelli,2.0,0,1,4,1,False,False,True,False,22.85287473541481,31.545916849092656,46.74681986076424,1011.2320993912093,False,2.6648898579695746,112.87200772261436,1.8507231205187644,1.3885483933892715,205.41871301642166,325.5051850661418,67.33582498499969,0.18021189653318112,10684.437642388992,11868.649879641267,46,0.10271079312116035
F1,2022,1,2022-03-15,Synthetic_GP_1,Synthetic_Ring,R,DDD,SYN-B,SYN-B,F1,3,88.53574861845857,27.44076452800404,32.74949532844397,28.34548876201056,MEDIUM,Pirelli,3.0,0,1,4,1,False,False,True,False,23.12580394816903,33.038635783200654,45.12001402771868,1007.4633548027125,False,2.5187538010193706,134.64300639686905,1.8635349981748925,1.3459197909275473,207.18104652362885,323.2095910814172,63.66528079908539,0.18650226659090927,10237.542723399778,11776.995878490552,48,0.0957648539598211
F1,2022,1,2022-03-15,Synthetic_GP_1,Synthetic_Ring,R,DDD,SYN-B,SYN-B,F1,4,89.02667460995612,27.5303303517577,32.914334471107736,28.582009787090684,MEDIUM,Pirelli,4.0,0,1,4,1,False,False,True,False,23.33100592320127,32.90083601445093,45.60528650518252,1008.3283797783748,False,2.4236859037136216,159.81886948007772,1.8122216524655288,1.263845169109477,204.34093139895458,323.61843210240045,64.17574460905665,0.18125584277961443,10453.484674733347,11725.194681931813,48,0.1126775235082679
F1,2022,1,2022-03-15,Synthetic_GP_1,Synthetic_Ring,R,DDD,SYN-B,SYN-B,F1,5,88.99702650464748,27.615551690624137,32.903761477877,28.477713336146344,MEDIUM,Pirelli,5.0,0,1,4,1,False,False,True,False,23.099016189263633,34.45907114643712,45.34702057614009,1011.7059442115806,False,2.4833698472302133,172.4964637376627,1.8491514290807318,1.3692102503010246,205.6909782284896,320.90773839989043,64.32642844551407,0.17476536810435858,10682.921603017858,11759.094985866348,51,0.09873612943045722
F1,2022,1,2022-03-15,Synthetic_GP_1,Synthetic_Ring,R,DDD,SYN-B,SYN-B,F1,6,89.21998542890383,27.66649681644093,33.02956205364784,28.523926558815063,MEDIUM,Pirelli,6.0,0,1,4,1,False,False,True,False,23.196779035505877,33.94110028355779,46.18949043700353,1009.8094108277912,False,3.014453668675099,203.7103555738633,1.89310522593712,1.325704299310253,202.95465837481473,318.6942427456183,67.76124892374531,0.17612849670317818,10343.050728107979,11774.482853895985,49,0.10543841622251127
F1,2022,1,2022-03-15,Synthetic_GP_1,Synthetic_Ring,R,DDD,SYN-B,SYN-B,F1,7,89.02811229073524,27.581497437958692,32.91536880647694,28.531246046299607,MEDIUM,Pirelli,7.0,0,1,4,1,False,False,True,False,22.61869032453042,34.569433149625965,45.06895794308301,1011.7710987097871,False,2.5726583239748497,225.1646624905629,1.7941949248620948,1.5023318046650163,205.80001809121555,324.6879629307609,65.09407252538013,0.18783074875463085,10209.432555807929,11626.842505483875,45,0.10180507069371617
F1,2022,1,2022-03-15,Synthetic_GP_1,Synthetic_Ring,R,DDD,SYN-B,SYN-B,F1,8,88.93356467057397,27.54957952972117,32.89303341412358,28.49095172672922,MEDIUM,Pirelli,8.0,0,1,4,1,False,False,True,False,22.8454572748572,34.47658666728965,46.09942269056476,1007.9435004970436,False,1.9662115230703299,249.96279525081235,1.7993918334785692,1.3488076357858823,204.5314253625904,324.17996435811887,67.1284703554079,0.17005508961729507,10297.094970732445,11707.939683535007,48,0.11899624624192955
F1,2022,1,2022-03-15,Synthetic_GP_1,Synthetic_Ring,R,DDD,SYN-B,SYN-B,F1,9,89.15169391250599,27.647302610583402,33.01770908134677,28.486682220575815,HARD,Pirelli,9.0,0,1,4,1,False,False,True,False,23.371501778174668,33.81984424160746,45.51519512471034,1011.8444579085616,False,2.304118784049904,270.71563036726053,2.0245160038618697,1.3400521210667935,205.5947625749567,325.8784117758539,66.32946740262699,0.18086893220302028,10280.208422841839,11771.12199942128,51,0.08374706180527189
F1,2022,1,2022-03-15,Synthetic_GP_1,Synthetic_Ring,R,DDD,SYN-B,SYN-B,F1,10,89.15411886483258,27.614888199390553,32.98973318096098,28.54949748448105,HARD,Pirelli,10.0,0,1,4,1,False,False,True,False,23.10458478538084,35.28442431015114,46.27756141625012,1011.0070895544327,False,1.948376951144008,289.17405664292323,1.8337567190324255,1.4371356947566727,201.81641463706734,319.3144274481356,67.3845347766513,0.17763060712347684,10504.988493696965,11707.42902128879,50,0.09763085950513561
F1,2022,1,2022-03-15,Synthetic_GP_1,Synthetic_Ring,R,DDD,SYN-B,SYN-B,F1,11,89.28753135219877,27.730885118607745,33.01526341831604,28.541382815274986,HARD,Pirelli,11.0,0,1,4,1,False,False,True,False,22.751014354868833,36.121224872944744,45.29397279259212,1011.7579659544862,False,2.4308544907087293,303.81953019343706,2.0108390511791727,1.4321659192178586,202.26082632268498,325.31302286949784,64.2649494683524,0.1783150359132806,10220.065751435728,11658.183717041418,46,0.09656173475113783
F1,2022,1,2022-03-15,Synthetic_GP_1,Synthetic_Ring,R,DDD,SYN-B,SYN-B,F1,12,89.23183348182494,27.62535402424192,33.026908472331776,28.579570985251245,HARD,Pirelli,12.0,0,1,4,1,False,False,True,False,23.022254032994773,36.09867799244931,45.359575184766285,1009.2601385764606,False,2.6994713009265894,348.41009886079496,1.8226358042588722,1.4516447911362902,207.13606316430037,323.279935481004,63.79491579463452,0.17620253398418456,10301.763876174426,11829.626866487042,46,0.11219369026987078
F1,2022,1,2022-03-15,Synthetic_GP_1,Synthetic_Ring,R,DDD,SYN-B,SYN-B,F1,13,89.2568170012412,27.700515060163156,33.008534980679144,28.547766960398903,HARD,Pirelli,13.0,0,1,4,1,False,False,True,False,23.212899512594372,35.41235230444548,44.43646600597063,1011.3951050378638,False,2.601747632863819,3.1754585573872305,1.793453532851429,1.1340462467222299,203.54648425410642,325.050599889314,64.55163014866258,0.17693933798990333,10218.262684730047,11667.447241299487,45,0.10278700296536378
F1,2022,1,2022-03-15,Synthetic_GP_1,Synthetic_Ring,R,DDD,SYN-B,SYN-B,F1,14,89.31486440927746,27.68536894890058,33.000406817845445,28.629088642531435,HARD,Pirelli,14.0,0,1,4,1,False,False,True,False,22.310656635272778,34.82218924538069,46.75217317461802,1008.7090675925888,False,2.20450045930285,9.469505936367511,1.9247315951947486,1.3699890348607857,207.5074313937417,325.8226543237264,65.08866232910823,0.19008089684382592,10303.554362098643,11912.212885850222,51,0.09474030740836323
F1,2022,1,2022-03-15,Synthetic_GP_1,Synthetic_Ring,R,DDD,SYN-B,SYN-B,F1,15,88.76546782551704,27.49281090667842,32.86526193539014,28.407394983448476,MEDIUM,Pirelli,1.0,1,1,4,1,False,False,True,False,23.56878996436971,34.18204387387375,46.31697138811834,1011.6924748081159,False,2.5274397431756728,57.93639420009646,2.020597775982017,1.2927040821458773,205.1656073224197,321.7441963014323,66.35300852470182,0.18014155151778963,10272.900609807375,11856.808786631882,48,0.10134281083485855
F1,2022,1,2022-03-15,Synthetic_GP_1,Synthetic_Ring,R,DDD,SYN-B,SYN-B,F1,16,88.74055501729069,27.490065572005705,32.793000572362686,28.457488872922298,MEDIUM,Pirelli,2.0,0,1,4,1,False,False,True,False,22.918020334543257,33.81861762249816,46.30722390537572,1010.5404871580439,False,2.192994393395217,66.7081206658865,1.803615089045788,1.356419869785195,205.26311602323833,325.12396590951624,68.0652852306925,0.19560396960762824,10361.481867942684,11691.48509281812,49,0.13041051020775668
F1,2022,1,2022-03-15,Synthetic_GP_1,Synthetic_Ring,R,DDD,SYN-B,SYN-B,F1,17,88.93268392207777,27.584237702178005,32.91702402154465,28.431422198355122,MEDIUM,Pirelli,3.0,0,1,4,1,False,False,True,False,23.337185195023228,33.77128982327867,46.011056071054014,1010.3388593592936,False,2.798911506115659,90.7710993604341,1.9990194595559703,1.2988020326089056,206.61881802221092,326.47137027218764,65.78751490928158,0.18985382195088832,10388.26864558745,11775.333400456972,48,0.10381310429597246
F1,2022,1,2022-03-15,Synthetic_GP_1,Synthetic_Ring,R,DDD,SYN-B,SYN-B,F1,18,89.00861206440577,27.562621741259388,32.94376471252297,28.502225610623405,MEDIUM,Pirelli,4.0,0,1,4,1,False,False,True,False,22.78577535229378,32.520472348264754,45.6827720464918,1012.7024404331966,False,3.038797963179444,107.6540474576505,1.830372955167602,1.4103489462693846,206.97276926497162,323.60516781690666,63.956570578936045,0.1798054376441382,10365.748261760269,11567.463457405322,45,0.1219733824876446
F1,2022,1,2022-03-15,Synthetic_GP_1,Synthetic_Ring,R,DDD,SYN-B,SYN-B,F1,19,89.08376712575185,27.658277462884133,32.94536663299849,28.480123029869226,MEDIUM,Pirelli,5.0,0,1,4,1,False,False,True,False,22.868319561801194,32.92780728491615,44.661438055385304,1009.6382764794948,False,2.8699702167831553,130.12799429915037,1.8937451358500117,1.3414384383361315,206.88316329595375,322.99736213508993,68.22792039925868,0.1812382753102861,10380.014742752448,11772.346276848339,46,0.09210263873384178
F1,2022,1,2022-03-15,Synthetic_GP_1,Synthetic_Ring,R,DDD,SYN-B,SYN-B,F1,20,89.26239529796419,27.711214364588333,33.04058482513868,28.51059610823718,MEDIUM,Pirelli,6.0,0,1,4,1,False,False,True,False,22.984315825667824,31.871188382782446,45.43415168779163,1013.2861462441988,False,2.4703809617657813,145.11378509664797,1.9322952908073618,1.341315449213114,204.86999103093495,323.6062527536369,66.61188641282384,0.19410317706483726,10397.53458997709,12009.932482405726,51,0.09235957479996566
F1,2022,1,2022-03-15,Synthetic_GP_1,Synthetic_Ring,R,DDD,SYN-B,SYN-B,F1,21,89.17116254253546,27.680720608706835,32.95997383564047,28.53046809818815,MEDIUM,Pirelli,7.0,0,1,4,1,False,False,True,False,22.699451967005658,31.911505140698893,47.81710095662397,1007.9076150908004,False,2.417358640276706,171.53448582550072,1.9137305151375519,1.339862746485867,204.79611134239587,322.30213195448084,64.63107732219878,0.17614093536152134,10302.968605965041,11852.896184202613,47,0.07138551782861963
F1,2022,1,2022-03-15,Synthetic_GP_1,Synthetic_Ring,R,DDD,SYN-B,SYN-B,F1,22,88.94071920940839,27.592523890220782,32.91104434637985,28.43715097280775,MEDIUM,Pirelli,8.0,0,1,4,1,False,False,True,False,22.87454846777177,30.93695828624277,46.49236858850129,1010.5552818935155,False,2.2620582456640714,192.82851335445775,1.8753516695369057,1.1946179017023173,205.99491131402115,324.19146081986656,66.57654034091495,0.17845920398455126,10528.040240982362,11921.849554979188,51,0.08815434731756958
F1,2022,1,2022-03-15,Synthetic_GP_1,Synthetic_Ring,R,DDD,SYN-B,SYN-B,F1,23,88.86501493004992,27.53321113611095,32.832533549161866,28.499270244777108,HARD,Pirelli,9.0,0,1,4,1,False,False,True,False,23.464185528730354,30.03496906848013,47.41885186659131,1008.0797316353877,False,2.315401717853476,206.5543195821068,1.7789610349958476,1.4416106422266104,206.5866911589242,321.63362144903846,65.8570576357711,0.18629096355675698,10505.719129371859,11766.297987120724,48,0.09349188021210493
F1,2022,1,2022-03-15,Synthetic_GP_1,Synthetic_Ring,R,DDD,SYN-B,SYN-B,F1,24,89.0735102392728,27.66766327771578,32.99836836192644,28.407478599630593,HARD,Pirelli,10.0,0,1,4,1,False,False,True,False,23.194984945328944,30.741466431900488,44.89676022007397,1009.8662292493066,False,2.5010144922140856,243.70841349887564,1.7718458607023813,1.3749452982889445,204.89699935616898,323.3020421190927,71.40696572523808,0.18097575104209612,10127.877190515359,11732.791351329544,47,0.11224698423050147
F1,2022,1,2022-03-15,Synthetic_GP_1,Synthetic_Ring,R,DDD,SYN-B,SYN-B,F1,25,88.89440436711448,27.58089579084034,32.87474049234662,28.438768083927513,HARD,Pirelli,11.0,0,1,4,1,False,False,True,False,22.73983769478453,28.705105746689597,45.634364191771894,1007.9305226120731,False,2.585452908616403,258.6772639103017,1.8213984258438136,1.4151771595885154,205.67341926642445,319.7646896829325,65.85765261073257,0.1871772502327488,10350.975881073327,11823.979051840497,45,0.13620555804369489
F1,2022,1,2022-03-15,Synthetic_GP_1,Synthetic_Ring,R,DDD,SYN-B,SYN-B,F1,26,89.30406016472332,27.69315711426378,33.0799218289687,28.53098122149084,HARD,Pirelli,12.0,0,1,4,1,False,False,True,False,23.070649724954997,29.382935649813763,44.24492114008408,1009.7159192650837,False,2.238509415575734,289.81362449545077,1.9001147903563307,1.3923096753735,203.87211678597438,319.94238081911016,67.88133368507658,0.19322546644366795,10250.664430650804,11664.466032874016,45,0.11701120229235239
F1,2022,1,2022-03-15,Synthetic_GP_1,Synthetic_Ring,R,DDD,SYN-B,SYN-B,F1,27,89.38503096563163,27.713526726896195,33.04985855547454,28.621645683260894,HARD,Pirelli,13.0,0,1,4,1,False,False,True,False,22.288751095220636,28.048712957244398,46.808583516025365,1008.4398960988536,False,2.538898604225257,300.1868240175372,1.8238293225959255,1.3886362802125185,204.611603855624,321.8916035875755,65.09805185205953,0.1966894486084078,10511.75434181423,11880.282582010683,46,0.1196840312344839
F1,2022,1,2022-03-15,Synthetic_GP_1,Synthetic_Ring,R,DDD,SYN-B,SYN-B,F1,28,88.94195745895858,27.56169362168637,32.92407753280331,28.4561863044689,HARD,Pirelli,14.0,0,1,4,1,False,False,True,False,22.99413620420745,28.701082468221855,47.85551412489978,1009.0050086927047,False,2.2621495830094225,323.95969849823007,1.9005304473599094,1.3140789600165061,208.40904049800344,321.5228001184302,63.62124109290534,0.18060661165301803,10174.831549943428,11811.05431508245,49,0.11041903870975507
F1,2022,2,2022-05-15,Synthetic_GP_2,Synthetic_Park,R,AAA,SYN-A,SYN-A,F1,1,89.81986088034584,27.862161815703235,33.22242789667941,28.735271167963198,MEDIUM,Pirelli,1.0,1,1,1,1,False,False,True,False,23.49672892902701,32.44061176970711,42.615692718390946,1011.56374024529,False,3.467832102744435,116.26422348648939,1.172965119674208,2.0065975591190184,207.3849412130341,322.4025095882391,68.10324752958742,0.18335783360026842,10659.9949243003,11742.985555052866,46,0.08498144060116666
F1,2022,2,2022-05-15,Synthetic_GP_2,Synthetic_Park,R,AAA,SYN-A,SYN-A,F1,2,89.9510571615272,27.87466313071192,33.2815118374408,28.794882193374477,MEDIUM,Pirelli,2.0,0,1,1,1,False,False,True,False,23.580897756313526,34.37531727373837,41.7920329707048,1012.3794060246643,False,2.9685589946850928,147.88455503109344,0.9936770385587204,2.2039477893587884,209.48592966176034,324.036169176122,65.40752933047608,0.18077554441991078,10403.727604251377,11708.397536428247,51,0.134273615088922
F1,2022,2,2022-05-15,Synthetic_GP_2,Synthetic_Park,R,AAA,SYN-A,SYN-A,F1,3,89.69439402234401,27.8194453866665,33.2092175414482,28.665731094229315,MEDIUM,Pirelli,3.0,0,1,1,1,False,False,True,False,24.151350676765247,33.169477293638124,44.954419329124576,1011.4882045042112,False,2.976737685480034,164.8764452202101,0.9442565427972531,2.1234576398500025,210.05280235593366,319.8633083782611,67.5272533176748,0.18153176251951586,10345.975356967285,11916.154241871925,47,0.053672115165118654
F1,2022,2,2022-05-15,Synthetic_GP_2,Synthetic_Park,R,AAA,SYN-A,SYN-A,F1,4,89.82127420450493,27.83706399617927,33.24439584903343,28.739814359292232,MEDIUM,Pirelli,4.0,0,1,1,1,False,False,True,False,23.363492800981664,34.38327847756901,45.06665987446836,1011.9307909048105,False,3.622268705726204,188.85173191427725,0.9012578665502216,2.257163481182361,210.08172670539346,321.1369722879128,66.55417739874,0.19158576639576685,10492.71583599174,11706.142505901165,47,0.09596152766350953
F1,2022,2,2022-05-15,Synthetic_GP_2,Synthetic_Park,R,AAA,SYN-A,SYN-A,F1,5,89.94776875211456,27.900556974820244,33.29466362831612,28.752548148978185,MEDIUM,Pirelli,5.0,0,1,1,1,False,False,True,False,23.784649215662228,34.58914613734848,45.14695324831874,1010.7317125150494,False,2.677047140624551,218.73361203690195,1.0856959244559965,2.156354650492737,210.88640217352162,326.5862256654566,62.20039052087425,0.19282108577119286,10366.065999347053,11771.928313956361,51,0.07262609063986349
F1,2022,2,2022-05-15,Synthetic_GP_2,Synthetic_Park,R,AAA,SYN-A,SYN-A,F1,6,89.9661153071465,27.88205866446949,33.26617996316863,28.817876679508373,MEDIUM,Pirelli,6.0,0,1,1,1,False,False,True,False,23.59381200714467,35.03295403680815,44.4941739794607,1008.3048692530691,False,2.6319343817656446,248.45290543635298,0.9455639275092833,2.1006050414894513,207.3547281882353,322.64527310111276,63.171024252390424,0.17734171758956302,10283.88622100618,11815.988218506207,48,0.14729303750408232
F1,2022,2,2022-05-15,Synthetic_GP_2,Synthetic_Park,R,AAA,SYN-A,SYN-A,F1,7,90.10168894595812,27.908571492745697,33.339502917778226,28.853614535434197,MEDIUM,Pirelli,7.0,0,1,1,1,False,False,True,False,23.706064018353352,35.878395286288224,42.375116826525506,1010.1367948128103,False,2.6463189228303037,245.50621339619448,1.1401677130889454,2.0315054067882623,207.0602229423539,322.3180893215437,64.3873121773395,0.1887457490351933,10266.656765311149,11686.701675549104,45,0.08183052971619509
F1,2022,2,2022-05-15,Synthetic_GP_2,Synthetic_Park,R,AAA,SYN-A,SYN-A,F1,8,89.91561782169003,27.8655405382231,33.26179109375519,28.78828618971174,MEDIUM,Pirelli,8.0,0,1,1,1,False,False,True,False,24.57073750604654,36.07473882110018,43.00462368359304,1012.8959103105689,False,3.2378864558265756,283.00885633337896,0.8093879430342846,2.138103644818708,207.70147587580436,323.6630489612674,64.84076760356984,0.1814950286537538,10514.088645930467,11815.273513543967,50,0.1183465064508136
F1,2022,2,2022-05-15,Synthetic_GP_2,Synthetic_Park,R,AAA,SYN-A,SYN-A,F1,9,90.10013810467146,27.88879540312865,33.333498247673035,28.87784445386977,HARD,Pirelli,9.0,0,1,1,1,False,False,True,False,23.190383202875037,36.385010298502806,45.47837812547164,1009.1192086094899,False,3.5695759925269304,310.8463604297305,1.0967036908966545,2.0196099412759634,206.7813818623531,322.73979741460954,62.1828385572366,0.1784156799809443,10411.702178785134,11729.520979186127,50,0.1477284577196714
F1,2022,2,2022-05-15,Synthetic_GP_2,Synthetic_Park,R,AAA,SYN-A,SYN-A,F1,10,90.02986743858779,27.887739365484,33.29821898144328,28.843909091660514,HARD,Pirelli,10.0,0,1,1,1,False,False,True,False,23.484814887129886,35.554740162536035,43.19098952469841,1008.6333981816307,False,3.2997047556537247,341.8123395505739,1.1452946627222276,2.2416578184216056,209.8777487218745,323.1404160302806,67.29225993861861,0.1874974594783146,10602.047315100745,11694.854825133008,45,0.1336240930103206
F1,2022,2,2022-05-15,Synthetic_GP_2,Synthetic_Park,R,AAA,SYN-A,SYN-A,F1,11,89.80190409999732,27.81032742406211,33.27027523376889,28.721301442166315,HARD,Pirelli,11.0,0,1,1,1,False,False,True,False,23.56967170492734,36.012385199714146,44.102672431861556,1010.9751746690362,False,2.9464139283533206,339.1000561729694,1.1185925464911604,2.0483167034409595,212.13623785518143,322.84569664983644,66.56552946455999,0.1691871041509415,10271.307258308156,11809.71773067052,47,0.0887288644092156
F1,2022,2,2022-05-15,Synthetic_GP_2,Synthetic_Park,R,AAA,SYN-A,SYN-A,F1,12,90.08878891819093,27.92236506101922,33.3128105182999,28.85361333887181,HARD,Pirelli,12.0,0,1,1,1,False,False,True,False,23.7210162098571,36.35215826007576,45.021353950859556,1011.1241285629812,False,2.998704724545546,6.597548327043228,1.0646516716798973,2.2286227809364094,207.4419101986132,319.6140121134406,65.21381864215337,0.1758542465495078,10422.330426600012,11754.784274210013,45,0.09973633984675914
F1,2022,2,2022-05-15,Synthetic_GP_2,Synthetic_Park,R,AAA,SYN-A,SYN-A,F1,13,90.0356497958315,27.935989849170348,33.291135527259065,28.80852441940209,HARD,Pirelli,13.0,0,1,1,1,False,False,True,False,23.85342625460083,36.42861624464377,42.83363597752037,1009.6732531398678,False,3.3336265802887786,38.97401640246892,0.9197157604577332,2.062689560418327,209.9459484323696,321.4683392590327,66.38427932531862,0.1817510523373787,10404.654385486163,11744.338455433834,46,0.10029273204251449
F1,2022,2,2022-05-15,Synthetic_GP_2,Synthetic_Park,R,AAA,SYN-A,SYN-A,F1,14,90.18441927983343,27.945486878899835,33.362838805422655,28.876093595510945,HARD,Pirelli,14.0,0,1,1,1,False,False,True,False,23.82785068459682,35.953051812634,42.10376562206308,1009.1761375610324,False,3.061047087892251,62.046349917777945,0.9416210506440998,2.0076104035398283,207.4627289402959,325.3763244933275,65.96889345362376,0.18956271395693758,10367.493364469161,11807.216775006442,51,0.10659234707032973
F1,2022,2,2022-05-15,Synthetic_GP_2,Synthetic_Park,R,AAA,SYN-A,SYN-A,F1,15,89.87338635711993,27.852348640440752,33.24441988762667,28.776617829052505,MEDIUM,Pirelli,1.0,1,1,1,1,False,False,True,False,24.047990695846124,35.79456645069462,44.23970462129671,1011.6317917319121,False,2.8315459586744884,68.76036938440251,1.053383793793005,2.060060346458552,211.1039656833663,327.70639518400844,66.78594757521994,0.18546985478638148,10377.756202883476,11658.569255692224,46,0.11813956383473104
F1,2022,2,2022-05-15,Synthetic_GP_2,Synthetic_Park,R,AAA,SYN-A,SYN-A,F1,16,89.48964815541459,27.768758388256956,33.14574976095739,28.575140006200236,MEDIUM,Pirelli,2.0,0,1,1,1,False,False,True,False,23.72800050280852,35.41650281998732,42.82831620721161,1011.3174761776012,False,2.639585534359951,94.37719468540354,0.9407150395135858,2.0128335014094905,214.6849586229816,316.09654382214745,64.81022172299619,0.1782302612272723,10525.814943414553,11861.160015318701,48,0.12176699480759538
F1,2022,2,2022-05-15,Synthetic_GP_2,Synthetic_Park,R,AAA,SYN-A,SYN-A,F1,17,89.55333717405432,27.81009433325387,33.17364082809694,28.569602012703506,MEDIUM,Pirelli,3.0,0,1,1,1,False,False,True,False,23.998273009129754,34.92330169963416,45.44760000146397,1008.2021728707144,False,2.7337807777885024,115.34159692216662,1.017294480349559,2.0765360640243467,211.31507754900386,323.1616540971756,65.62376374077598,0.18519952824775954,10348.67081703322,11885.457050609062,46,0.10413847655556202
F1,2022,2,2022-05-15,Synthetic_GP_2,Synthetic_Park,R,AAA,SYN-A,SYN-A,F1,18,89.74649312080459,27.776859811186995,33.233385586858965,28.736247722758627,MEDIUM,Pirelli,4.0,0,1,1,1,False,False,True,False,23.667823776721974,34.303154046140435,44.81388404726383,1011.01874145262,False,2.932133878757725,143.35912317692942,1.0420152775890494,1.934396655898568,207.826837747559,321.1106368691605,64.97179871948522,0.17179281957759102,10246.330804334742,11874.009567989873,48,0.10520989196808513
F1,2022,2,2022-05-15,Synthetic_GP_2,Synthetic_Park,R,AAA,SYN-A,SYN-A,F1,19,89.93791239053165,27.882105025511663,33.26331427742862,28.792493087591367,MEDIUM,Pirelli,5.0,0,1,1,1,False,False,True,False,23.67084746379497,34.05053086503784,44.30532857650433,1010.2514494429902,False,2.8122122750809124,162.78786580241444,1.0344945505205538,2.0741640550150895,207.01835069119838,321.4613593381576,67.08516606722995,0.20481730442169732,10360.679942696785,11833.673944476112,46,0.058670702727144725
F1,2022,2,2022-05-15,Synthetic_GP_2,Synthetic_Park,R,AAA,SYN-A,SYN-A,F1,20,89.8780304182763,27.86718626140837,33.23807408764537,28.772770069222553,MEDIUM,Pirelli,6.0,0,1,1,1,False,False,True,False,23.58804438930272,33.3844487707482,45.38468798385021,1007.9687602526859,False,2.9365035447269983,178.77971355140608,0.9774746553090922,2.177567287608643,208.80888415788067,326.93834455133623,67.41302973541958,0.18271933859891928,10553.889561531476,11901.910865996007,50,0.1432768540321375
F1,2022,2,2022-05-15,Synthetic_GP_2,Synthetic_Park,R,AAA,SYN-A,SYN-A,F1,21,89.99686374765889,27.875554897840114,33.23573050997538,28.88557833984339,MEDIUM,Pirelli,7.0,0,1,1,1,False,False,True,False,23.764640925594552,33.3058079591639,44.25844761263424,1006.9609482674485,False,3.0447903137493832,209.4171136280413,1.006795910738241,2.1004536388153237,207.40502709155993,319.6488509928737,67.37633633425588,0.1886685808471522,10412.460732582123,11966.766630184653,46,0.08588012007387502
F1,2022,2,2022-05-15,Synthetic_GP_2,Synthetic_Park,R,AAA,SYN-A,SYN-A,F1,22,89.93985732652793,27.8565556078608,33.25510013961446,28.828201579052667,MEDIUM,Pirelli,8.0,0,1,1,1,False,False,True,False,23.93225436361414,32.71329461617902,44.418319776546724,1007.8222637476624,False,3.2336118794116215,223.2466576323327,0.8954272623010284,2.157752828906087,208.49280309261954,322.8580745696204,66.76590958179617,0.1611073951678585,10298.099075399183,11744.457734726027,51,0.11065069629514192
F1,2022,2,2022-05-15,Synthetic_GP_2,Synthetic_Park,R,AAA,SYN-A,SYN-A,F1,23,89.9798221156636,27.879596234489295,33.326205996263724,28.774019884910572,HARD,Pirelli,9.0,0,1,1,1,False,False,True,False,24.07996438795193,31.33236501864566,43.94172388376655,1010.2310554048225,False,3.0042535401493953,251.10830538393998,1.0041736487547874,2.152030396788263,209.17079944137956,325.0307830758581,67.89105510076999,0.18375860157810875,10513.973438141848,11811.835818574355,46,0.1094678698558047
F1,2022,2,2022-05-15,Synthetic_GP_2,Synthetic_Park,R,AAA,SYN-A,SYN-A,F1,24,89.77517296120169,27.893309899471507,33.23174454407213,28.650118517658058,HARD,Pirelli,10.0,0,1,1,1,False,False,True,False,24.201364770085704,30.030206946308887,44.10785108802531,1010.8192468195533,False,2.70723038873363,271.4142103421377,0.9601260045178748,2.2916783335900153,206.9462413932271,320.8946067998256,61.50594099335734,0.1806586917972792,10354.756444558536,11758.341426510133,49,0.06717521677697438
F1,2022,2,2022-05-15,Synthetic_GP_2,Synthetic_Park,R,AAA,SYN-A,SYN-A,F1,25,90.28482566210555,28.001376192884187,33.399750163838675,28.883699305382684,HARD,Pirelli,11.0,0,1,1,1,False,False,True,False,24.302003544352782,30.746518068584724,42.09095091909458,1010.7890426761246,False,3.2928059218557197,290.4502651459676,0.9407544024017505,2.1710216943288976,208.91877000041012,321.9786082593098,62.42302406571278,0.20031592193247405,10354.554196903566,11739.098599933237,50,0.0788073628429258
F1,2022,2,2022-05-15,Synthetic_GP_2,Synthetic_Park,R,AAA,SYN-A,SYN-A,F1,26,89.90683058778583,27.885901436396104,33.283573667507866,28.737355483881863,HARD,Pirelli,12.0,0,1,1,1,False,False,True,False,23.65010598997937,29.35562115766292,43.480278193447134,1010.3426835843692,False,3.0179723181215334,325.9804617050082,0.9057332620677038,2.2063898744547785,207.14656457645984,323.910179756145,66.0330082287225,0.16660300346248882,10415.078701337092,11723.297248642331,51,0.12411925280904522
F1,2022,2,2022-05-15,Synthetic_GP_2,Synthetic_Park,R,AAA,SYN-A,SYN-A,F1,27,90.18007538100576,27.946871527856256,33.35735334254025,28.875850510609254,HARD,Pirelli,13.0,0,1,1,1,False,False,True,False,23.556296631133765,29.516205659117873,44.92551789751116,1008.8710493721605,False,3.180383766928357,334.2536233684258,0.9558360098287504,2.083952072131505,207.8654000483793,326.06056601931573,68.99929948392165,0.1774112979940951,10609.356906268733,11795.671325009089,48,0.1276715566754786
F1,2022,2,2022-05-15,Synthetic_GP_2,Synthetic_Park,R,AAA,SYN-A,SYN-A,F1,28,89.99118173821793,27.888137688907115,33.20698705663547,28.896056992675348,HARD,Pirelli,14.0,0,1,1,1,False,False,True,False,24.524554661254573,29.31881393186839,44.24334631423718,1011.2276737199047,False,2.700602688622294,11.443767796113434,1.079901947336865,2.197840589652608,209.93675189660826,326.3820004062346,65.90799630191162,0.18937616498169396,10303.300824444821,11764.619881633576,45,0.13113520308658985
F1,2022,2,2022-05-15,Synthetic_GP_2,Synthetic_Park,R,BBB,SYN-A,SYN-A,F1,1,89.8237621363918,27.833231091356794,33.18767729980961,28.802853745225406,MEDIUM,Pirelli,1.0,1,1,2,1,False,False,True,False,23.399975442226573,32.96504883360187,44.361329379547705,1012.6537551148156,False,2.954272139784922,120.45066967082089,1.1485071083872394,1.872280218708049,207.43821853642544,324.2201118286166,67.27837809260063,0.1677452834136138,10358.200037983808,11814.084672512861,51,0.09710078337572098
F1,2022,2,2022-05-15,Synthetic_GP_2,Synthetic_Park,R,BBB,SYN-A,SYN-A,F1,2,89.87849572761371,27.86561299665823,33.280172279502814,28.732710451452668,MEDIUM,Pirelli,2.0,0,1,2,1,False,False,True,False,24.100772214748154,32.745634156176074,45.105153645989695,1010.1743911582084,False,3.092518139012254,144.1297027464189,1.2840936151333886,1.7390316285352583,207.01234764067877,323.4312964988167,66.06983567175789,0.17589641332889,10451.483737485172,11658.120298927053,47,0.10892716413656946
F1,2022,2,2022-05-15,Synthetic_GP_2,Synthetic_Park,R,BBB,SYN-A,SYN-A,F1,3,89.92895806920566,27.891631577276833,33.337309199401396,28.700017292527434,MEDIUM,Pirelli,3.0,0,1,2,1,False,False,True,False,23.8852053574377,34.077994502861706,45.076427781957946,1008.6890775539462,False,2.699721856454497,158.93695660293804,1.3806029734901777,1.765436985225328,209.60908643748775,320.02832810868756,71.21820175942506,0.1832582537939742,10492.943582134936,11856.355025269766,51,0.11568213032950152
F1,2022,2,2022-05-15,Synthetic_GP_2,Synthetic_Park,R,BBB,SYN-A,SYN-A,F1,4,90.04739188735148,27.921473480190595,33.32252029615963,28.80339811100125,MEDIUM,Pirelli,4.0,0,1,2,1,False,False,True,False,23.49181484500059,34.972185869775124,42.607839009451894,1012.3079568499796,False,3.3566392525618993,204.79887774727194,1.3658880814831822,1.9005905444502211,207.17819030794254,323.7522505349436,68.09582564271373,0.18505005299863866,10496.896770046857,11683.106912512543,50,0.12020065996927602
F1,2022,2,2022-05-15,Synthetic_GP_2,Synthetic_Park,R,BBB,SYN-A,SYN-A,F1,5,90.13489039682507,27.893288015121257,33.36496135506682,28.876641026636996,MEDIUM,Pirelli,5.0,0,1,2,1,False,False,True,False,23.64444309842529,35.91391234424332,43.871171131592774,1008.762947122543,False,3.2229859272275063,222.65842532484552,1.3548053786238445,1.8204175876439936,206.08492664040946,324.61924582609555,72.29627730750171,0.18777180050383943,10493.970844891881,11710.427252104264,46,0.088726762268978
F1,2022,2,2022-05-15,Synthetic_GP_2,Synthetic_Park,R,BBB,SYN-A,SYN-A,F1,6,89.89210668995182,27.825709168147732,33.27369710865398,28.792700413150108,MEDIUM,Pirelli,6.0,0,1,2,1,False,False,True,False,23.472474383220973,34.95760354232384,43.34030998293389,1011.5389104924723,False,2.947819541170501,228.99540905622507,1.4044439218467202,1.8159361078049097,208.92119303723567,324.34008714880906,63.11895890688288,0.20283023537038375,10555.402558894435,11778.496660482539,47,0.08673601131793167
F1,2022,2,2022-05-15,Synthetic_GP_2,Synthetic_Park,R,BBB,SYN-A,SYN-A,F1,7,90.09609392554854,27.958311304294156,33.304395732126125,28.833386889128263,MEDIUM,Pirelli,7.0,0,1,2,1,False,False,True,False,23.238977941455005,35.75590822783257,43.220697563893644,1009.253171747996,False,3.1871893897511328,259.6035920007523,1.2152629543183606,1.896339575995043,208.44267522154897,321.01424113173886,69.80401289748983,0.17415283154532002,10658.676597786742,11690.602921067682,49,0.08600848616716153
F1,2022,2,2022-05-15,Synthetic_GP_2,Synthetic_Park,R,BBB,SYN-A,SYN-A,F1,8,90.09887561101264,27.93458812011587,33.347977341867214,28.81631014902956,MEDIUM,Pirelli,8.0,0,1,2,1,False,False,True,False,23.847911602922103,35.1687329978241,44.677558830211424,1007.3032817007291,False,2.681434261652294,290.4731765376564,1.4618562617783242,1.9061793101661022,208.89652007814172,322.14881303826616,63.951692194420005,0.16305928470716916,10223.014981908216,11854.493847907057,46,0.10317853429473373
F1,2022,2,2022-05-15,Synthetic_GP_2,Synthetic_Park,R,BBB,SYN-A,SYN-A,F1,9,90.28671197384264,28.002737462660935,33.40741185519436,28.87656265598735,HARD,Pirelli,9.0,0,1,2,1,False,False,True,False,23.641919510343754,35.47279635698251,45.564112540486605,1007.6713838275317,False,2.9173312749011626,298.32441403616787,1.182945747851111,1.8019538397559978,206.34147926447116,322.56074859919585,66.71248456805488,0.1855176472734482,10428.979802734597,11822.04085051433,46,0.06690490113644995
F1,2022,2,2022-05-15,Synthetic_GP_2,Synthetic_Park,R,BBB,SYN-A,SYN-A,F1,10,89.98829332053357,27.893361417431965,33.299141644276915,28.795790258824695,HARD,Pirelli,10.0,0,1,2,1,False,False,True,False,23.513755233053818,35.8991743929106,43.34737304745866,1010.7474276031472,False,2.931361506211828,315.05114339815196,1.27805452876472,1.7480086912452801,207.46282930099315,323.08146133585046,69.76482716997148,0.17325073799679677,10551.59816728485,11937.777589257461,46,0.13996323202220193
F1,2022,2,2022-05-15,Synthetic_GP_2,Synthetic_Park,R,BBB,SYN-A,SYN-A,F1,11,90.26650052155343,27.98414898766097,33.39329829255341,28.88905324133904,HARD,Pirelli,11.0,0,1,2,1,False,False,True,False,24.40461217941138,35.788685193332824,44.11634945827287,1008.9158559933431,False,2.9365527733227115,345.1572166799782,1.195685607084516,1.9293105099318506,209.25938128770537,324.4071947615888,68.18795507107413,0.16927800240308866,10540.580889679397,11848.202132474447,45,0.0850342467889673
F1,2022,2,2022-05-15,Synthetic_GP_2,Synthetic_Park,R,BBB,SYN-A,SYN-A,F1,12,90.16195301445666,27.92852750814195,33.38597042710558,28.84745507920912,HARD,Pirelli,12.0,0,1,2,1,False,False,True,False,23.71672977415719,36.26801236969926,42.410234077873184,1011.4801759294197,False,2.8212780153033403,18.01651320880876,1.2210306625291898,1.8441991247075815,209.23550295267276,325.0613182794939,64.68793174230235,0.17250668829010524,10507.67015700732,11956.234869414478,45,0.08695850512236022
F1,2022,2,2022-05-15,Synthetic_GP_2,Synthetic_Park,R,BBB,SYN-A,SYN-A,F1,13,90.22741362773527,27.94948803911231,33.38874413284188,28.889181455781085,HARD,Pirelli,13.0,0,1,2,1,False,False,True,False,23.3649050658227,34.73834457528976,42.98754755154136,1009.9296194873543,False,2.965580825381463,35.92679366017552,1.2358431538066934,2.1180343186969957,206.0475378592745,324.63357388018295,64.32997115032806,0.1700306579060608,10343.036832295807,11635.512488100092,49,0.09523545765832667
F1,2022,2,2022-05-15,Synthetic_GP_2,Synthetic_Park,R,BBB,SYN-A,SYN-A,F1,14,90.29659689121274,27.985491163181706,33.44376839857917,28.86733732945187,HARD,Pirelli,14.0,0,1,2,1,False,False,True,False,23.672019905143852,36.27915255195545,43.20945421890844,1011.5887764298114,False,2.664883540408698,43.58689160656223,1.325712631218341,1.8495364312781295,206.2699165192183,318.9833914766194,63.41988363001574,0.18741428855509237,10581.71658210485,11820.644880517348,49,0.1252505462977635
F1,2022,2,2022-05-15,Synthetic_GP_2,Synthetic_Park,R,BBB,SYN-A,SYN-A,F1,15,89.76717041493986,27.81797109068968,33.2305482211206,28.718651103129574,MEDIUM,Pirelli,1.0,1,1,2,1,False,False,True,False,23.68859472176769,35.35928735222071,43.33703737623769,1008.7519370520364,False,3.243674692443956,77.7423790805882,1.4715985877448314,1.8757028920318612,209.8159916569043,323.02095820854777,68.95457134792515,0.19024016997617135,10388.564308384648,11853.598518119523,47,0.09718314153396568
F1,2022,2,2022-05-15,Synthetic_GP_2,Synthetic_Park,R,BBB,SYN-A,SYN-A,F1,16,89.70425373354769,27.802467731138165,33.19856624680519,28.70321975560433,MEDIUM,Pirelli,2.0,0,1,2,1,False,False,True,False,24.166110107144693,34.09042238145139,42.10158854316468,1012.6574475274916,False,3.1703188084866984,90.3545848777893,1.3358614057771643,1.9381195363062742,210.5011447846097,321.8030219803078,67.42744262511215,0.18153268753030147,10339.786053488418,11790.402068423276,49,0.10875889795352324
F1,2022,2,2022-05-15,Synthetic_GP_2,Synthetic_Park,R,BBB,SYN-A,SYN-A,F1,17,89.67102920360186,27.77947285359176,33.224859333215065,28.66669701679504,MEDIUM,Pirelli,3.0,0,1,2,1,False,False,True,False,23.920417353677546,34.912047524290045,43.49110962927321,1008.9604219673816,False,2.814806638865051,124.97977267962193,1.368771938933696,1.684967879559227,205.65508664776726,328.1962842427147,60.82319283986769,0.19436559451088065,10602.454377556269,11891.635236591623,51,0.16898056677920165
F1,2022,2,2022-05-15,Synthetic_GP_2,Synthetic_Park,R,BBB,SYN-A,SYN-A,F1,18,89.9255616544886,27.906811591281546,33.2390287249708,28.779721338236257,MEDIUM,Pirelli,4.0,0,1,2,1,False,False,True,False,23.907153460789736,34.24828794353586,43.10275010980371,1010.2463972383026,False,3.2023311647867136,132.04108070303073,1.1658211660131348,1.966437249708328,208.1513505475049,323.6815481812444,62.968820051218934,0.17953030855936083,10299.206427705118,11734.244203345645,47,0.11153489593605675
F1,2022,2,2022-05-15,Synthetic_GP_2,Synthetic_Park,R,BBB,SYN-A,SYN-A,F1,19,90.13379250756427,27.925235637605425,33.33434470938628,28.87421216057256,MEDIUM,Pirelli,5.0,0,1,2,1,False,False,True,False,24.089353485980336,33.50284011449495,43.295341477756,1010.8669682345447,False,3.2454274624993844,162.6499243525908,1.3937795253530403,2.0619188562751924,206.1361320382727,325.5810550362674,66.49956135873818,0.17789029478821256,10450.531455805078,11797.22622895159,46,0.1288788794781798
F1,2022,2,2022-05-15,Synthetic_GP_2,Synthetic_Park,R,BBB,SYN-A,SYN-A,F1,20,90.2296692215456,27.959569635163565,33.37658434665729,28.893515239724756,MEDIUM,Pirelli,6.0,0,1,2,1,False,False,True,False,23.59371083974512,32.90413703159111,45.367281903572604,1007.057491240126,False,3.077020033692127,183.14592659447055,1.3864256990254327,1.7290915541973413,206.78956580196893,321.8626145611569,64.51225623453067,0.18726990601967375,10391.084238222491,11801.541655036413,48,0.07641080412202775
F1,2022,2,2022-05-15,Synthetic_GP_2,Synthetic_Park,R,BBB,SYN-A,SYN-A,F1,21,90.40723094611408,28.042073460722133,33.468550175313226,28.89660731007872,MEDIUM,Pirelli,7.0,0,1,2,1,False,False,True,False,23.3571000700357,32.72076150812212,44.30719699566419,1009.7108628851926,False,3.0916807483744098,206.86082013811847,1.3965918260656232,1.9601449541674756,206.98454324511766,320.3976792769316,68.10897920956431,0.18513823201027177,10524.891009452162,11846.617878074678,50,0.08654167098334868
F1,2022,2,2022-05-15,Synthetic_GP_2,Synthetic_Park,R,BBB,SYN-A,SYN-A,F1,22,89.92846776451199,27.8091193618474,33.22545307204335,28.89389533062124,MEDIUM,Pirelli,8.0,0,1,2,1,False,False,True,False,23.875727160594113,33.10723730885097,42.582744505841134,1009.9278916728298,False,3.0870330000270267,226.10301117380732,1.2750840809374697,1.8784678153795957,209.093817755895,324.202260853626,61.79498512093001,0.17698848817855015,10292.371095453944,11676.680502221085,45,0.09905597443882
F1,2022,2,2022-05-15,Synthetic_GP_2,Synthetic_Park,R,BBB,SYN-A,SYN-A,F1,23,89.89480986806761,27.816778269746024,33.269336898267376,28.80869470005421,HARD,Pirelli,9.0,0,1,2,1,False,False,True,False,23.720093063032117,31.564071055575592,42.54533268656427,1010.6960661531427,False,2.8792126213393487,267.1266631353917,1.1880282464153493,1.9498094925242082,209.71570276895184,321.4293356229883,63.73024709151876,0.17391522476820043,10385.868934126305,11871.409142806446,45,0.10955001457883018
F1,2022,2,2022-05-15,Synthetic_GP_2,Synthetic_Park,R,BBB,SYN-A,SYN-A,F1,24,90.18786846720303,27.91653675144916,33.360465756850864,28.91086595890301,HARD,Pirelli,10.0,0,1,2,1,False,False,True,False,23.824446872019596,31.534229361510462,44.89598390380046,1009.2680737390183,False,2.6490328012977016,260.40660805826303,1.2546510526151218,1.9892626545178145,207.5013720031647,317.9407969830006,67.76774726944566,0.20295172342793566,10403.06599287359,11798.102520452057,50,0.1245274159124605
F1,2022,2,2022-05-15,Synthetic_GP_2,Synthetic_Park,R,BBB,SYN-A,SYN-A,F1,25,90.14399305721128,27.964427441208024,33.340628450710525,28.838937165292727,HARD,Pirelli,11.0,0,1,2,1,False,False,True,False,23.4435853152643,31.447540663270008,44.087689333555225,1008.9944864293892,False,2.9534458687814555,299.4750502147184,1.2335709496323954,1.835846015932709,207.89753100450767,322.7159801898412,63.65503251552794,0.19570058379308775,10382.439068271457,11661.629923708646,51,0.09503434359177687
F1,2022,2,2022-05-15,Synthetic_GP_2,Synthetic_Park,R,BBB,SYN-A,SYN-A,F1,26,90.15225725955052,28.008192512072217,33.2892070106887,28.85485773678961,HARD,Pirelli,12.0,0,1,2,1,False,False,True,False,23.794894907017014,30.286551149134713,44.25061622704896,1010.6524722089188,False,3.042755271545367,312.398657782379,1.1947728483198772,1.7129651954840048,207.88990662182195,327.3178318246766,65.25699253161437,0.20078995161602742,10469.64923033851,11807.614106036212,48,0.11951941024096889
F1,2022,2,2022-05-15,Synthetic_GP_2,Synthetic_Park,R,BBB,SYN-A,SYN-A,F1,27,90.37020889983579,28.039273806213657,33.40691664633956,28.92401844728257,HARD,Pirelli,13.0,0,1,2,1,False,False,True,False,24.15389656701313,29.893371633028657,44.43581584549697,1010.4961232361161,False,3.0361526568625465,340.41030013547027,1.2377078674700324,1.812351298060204,205.96572120476787,321.088160836562,65.47671428095639,0.1842362764015508,10529.371010130388,11800.923094829372,46,0.10847173225222402
F1,2022,2,2022-05-15,Synthetic_GP_2,Synthetic_Park,R,BBB,SYN-A,SYN-A,F1,28,90.20955749565405,27.970309372483634,33.43520986954065,28.80403825362977,HARD,Pirelli,14.0,0,1,2,1,False,False,True,False,24.100495626730115,30.769501596931825,44.496722431822455,1012.8588295449797,False,2.875241588985596,338.4040478380965,1.2748755594412584,1.9224056878505453,205.4921456908462,317.92030716894106,66.27806076301883,0.1765626794606892,10488.71582332012,11809.122528775677,47,0.08715520757175693
F1,2022,2,2022-05-15,Synthetic_GP_2,Synthetic_Park,R,CCC,SYN-B,SYN-B,F1,1,90.14737484276893,27.904956477075313,33.31297982366004,28.929438542033573,MEDIUM,Pirelli,1.0,1,1,3,1,False,False,True,False,24.008388621790477,33.24298073781357,44.59676819612933,1011.0656711587417,False,3.2522288405318553,135.80773953000786,1.6102029347542994,1.5565351744800424,209.83512747990252,323.06311419588053,66.04958842012091,0.17663241293742188,10309.126759508947,12016.431685248821,51,0.09788390784554779
F1,2022,2,2022-05-15,Synthetic_GP_2,Synthetic_Park,R,CCC,SYN-B,SYN-B,F1,2,90.20898341656881,27.95563328503193,33.34408877514138,28.909261356395504,MEDIUM,Pirelli,2.0,0,1,3,1,False,False,True,False,23.582291899092017,32.67634059054397,44.71972648078397,1010.5589529654466,False,3.189595929629584,147.2531716388932,1.8476355253029808,1.524382971265876,209.51659569295487,322.7249332632737,67.76594043690818,0.17754905272433313,10219.599646373503,11705.113037810117,46,0.11201500131281487
F1,2022,2,2022-05-15,Synthetic_GP_2,Synthetic_Park,R,CCC,SYN-B,SYN-B,F1,3,90.28521875855736,27.980831045384495,33.422061694609,28.882326018563873,MEDIUM,Pirelli,3.0,0,1,3,1,False,False,True,False,23.77161840202375,34.033971084425815,45.00348512286192,1010.0909072222225,False,3.248191385513235,173.5822331510378,1.6449998233423395,1.5675686817713819,208.6385638364872,320.17690084142686,63.998091302573734,0.18765766005399798,10458.110391981292,11959.021367203808,49,0.12729547475755554
F1,2022,2,2022-05-15,Synthetic_GP_2,Synthetic_Park,R,CCC,SYN-B,SYN-B,F1,4,90.21377252033712,27.980498136757635,33.409815487513995,28.82345889606549,MEDIUM,Pirelli,4.0,0,1,3,1,False,False,True,False,24.09833504942946,35.024845318713844,43.39145305329694,1012.9588313249038,False,2.9538585430601145,194.03818191761886,1.5709276050994598,1.579704202426403,206.8236275593441,322.5234423096036,64.5834478941733,0.1841785815949071,10402.60336447743,11966.137185668931,51,0.12214619859142956
F1,2022,2,2022-05-15,Synthetic_GP_2,Synthetic_Park,R,CCC,SYN-B,SYN-B,F1,5,90.54623773598198,28.06842041153807,33.552080247905344,28.92573707653856,MEDIUM,Pirelli,5.0,0,1,3,1,False,False,True,False,23.733538646179163,35.089156333562705,42.58576728550562,1011.2533039334721,False,2.9776241503330123,208.19766446882255,1.6230657147444212,1.620867233441265,207.3180145223593,324.3065457343906,67.84533763382764,0.1728942973770614,10463.996488050125,12062.108722324607,46,0.1048891316879177
F1,2022,2,2022-05-15,Synthetic_GP_2,Synthetic_Park,R,CCC,SYN-B,SYN-B,F1,6,90.7287470249531,28.201187255040963,33.54298002165664,28.98457974825549,MEDIUM,Pirelli,6.0,0,1,3,1,False,False,True,False,23.36543073266704,34.87766649388563,45.18888642714114,1010.935768153157,False,3.0152413545756542,239.39702080513266,1.6399592365314977,1.6479978726747802,207.06684966660092,322.95692429936736,69.18256627429425,0.18616648377719444,10445.1138714364,11924.942420619525,46,0.1279815806259021
F1,2022,2,2022-05-15,Synthetic_GP_2,Synthetic_Park,R,CCC,SYN-B,SYN-B,F1,7,90.42509003827271,28.021541791757024,33.425876289232676,28.977671957283015,MEDIUM,Pirelli,7.0,0,1,3,1,False,False,True,False,23.898866524206028,35.797280569059986,45.758453885574326,1010.3897552034057,False,3.128075646076983,258.30381414125145,1.3952085758055104,1.602111632002482,206.86532656048365,324.3038189743606,66.33857555760528,0.17048052312189402,10565.285290168184,11730.626249615272,47,0.08843653135465393
F1,2022,2,2022-05-15,Synthetic_GP_2,Synthetic_Park,R,CCC,SYN-B,SYN-B,F1,8,90.51264667398225,28.032047313283933,33.484383334186,28.996216026512315,MEDIUM,Pirelli,8.0,0,1,3,1,False,False,True,False,24.095615465977232,35.83329734589546,45.16797761746896,1010.1691251183084,False,3.0530162408710253,271.46877428197234,1.6646544399286891,1.585233331230739,203.69085327301786,323.92278525277214,64.1251056642919,0.1654634058943455,10317.317883526255,11915.805865258912,50,0.13061809287377962
F1,2022,2,2022-05-15,Synthetic_GP_2,Synthetic_Park,R,CCC,SYN-B,SYN-B,F1,9,90.42471005537722,28.05553838474161,33.433920239872194,28.935251430763415,HARD,Pirelli,9.0,0,1,3,1,False,False,True,False,24.161388123269766,35.810573411606946,43.67591470971381,1007.8241667222059,False,3.378167721710153,306.86686953726155,1.62585847091415,1.594684095422632,205.29828489036157,322.84577347850524,65.18029573806125,0.1943788467908222,10344.931225794542,11727.658755921258,45,0.13842567533939007
F1,2022,2,2022-05-15,Synthetic_GP_2,Synthetic_Park,R,CCC,SYN-B,SYN-B,F1,10,90.75001587414386,28.09149748510586,33.59785730269306,29.060661086344936,HARD,Pirelli,10.0,0,1,3,1,False,False,True,False,23.277991659958364,36.329041697078516,43.40028900975112,1011.9845621274065,False,3.153225787304764,325.14178807363817,1.5924883037255253,1.7030645799727255,204.45938661391074,321.7049418278327,63.181002376922095,0.16889616914035316,10321.129124526256,11697.51863599639,46,0.13400922669904358
F1,2022,2,2022-05-15,Synthetic_GP_2,Synthetic_Park,R,CCC,SYN-B,SYN-B,F1,11,90.78138767439677,28.151708484504244,33.60379653573099,29.025882654161535,HARD,Pirelli,11.0,0,1,3,1,False,False,True,False,23.88191394377683,36.86945442863437,42.96580491483577,1006.9830175918726,False,2.9704073117091814,341.51219671193746,1.522886565023346,1.4883367821205815,204.67492462432818,323.74050960693614,66.1930805515641,0.17198372701892428,10349.48084332366,11956.6476752189,51,0.0916409159274175
F1,2022,2,2022-05-15,Synthetic_GP_2,Synthetic_Park,R,CCC,SYN-B,SYN-B,F1,12,90.35909129382678,28.010770970558518,33.434106934404866,28.914213388863395,HARD,Pirelli,12.0,0,1,3,1,False,False,True,False,23.59025892126132,36.04472105249573,43.571252643584145,1009.719333567239,False,3.1328621759910376,22.857793159192397,1.5659629544094875,1.700419281641989,206.8377366633341,322.0697247439553,65.74536813535185,0.1799988633406887,10413.974425493843,11782.913622324708,50,0.12998491832198775
F1,2022,2,2022-05-15,Synthetic_GP_2,Synthetic_Park,R,CCC,SYN-B,SYN-B,F1,13,90.49644898144908,28.059678641647164,33.46228132129117,28.974489018510738,HARD,Pirelli,13.0,0,1,3,1,False,False,True,False,23.852218265580813,36.03278938440196,43.94854684655767,1010.3571588470593,False,2.749243894640766,24.360262111406655,1.6525031721027372,1.4239190818332634,204.82212223876584,326.3793456502703,66.06456226838337,0.17894832651681933,10538.680774911192,11806.981238713164,47,0.15389148724851748
F1,2022,2,2022-05-15,Synthetic_GP_2,Synthetic_Park,R,CCC,SYN-B,SYN-B,F1,14,90.72711003625665,28.197453531208808,33.54224679799809,28.98740970704975,HARD,Pirelli,14.0,0,1,3,1,False,False,True,False,23.770713737782838,35.299991810437845,44.847194755284995,1010.9880606959546,False,2.732588629739224,52.18377620568924,1.6081045354409955,1.4797152713332766,205.42006741247545,323.81625793743126,66.21509989090343,0.18445631206545984,10547.090595830065,11901.319637266435,46,0.1181552475236266
F1,2022,2,2022-05-15,Synthetic_GP_2,Synthetic_Park,R,CCC,SYN-B,SYN-B,F1,15,90.19638436726983,27.936119556294,33.418692007883486,28.84157280309234,MEDIUM,Pirelli,1.0,1,1,3,1,False,False,True,False,23.4704584853823,35.71844151396814,43.86568517582562,1009.415680756767,False,3.055080399339218,71.79187799725503,1.6400358511898918,1.5765840717651947,210.84258134149204,325.5257221018812,66.86999378250431,0.18077333507906593,10370.923809582828,11812.612734754843,47,0.12351064982989321
F1,2022,2,2022-05-15,Synthetic_GP_2,Synthetic_Park,R,CCC,SYN-B,SYN-B,F1,16,90.37660503656465,27.9890769793817,33.457627205029276,28.92990085215368,MEDIUM,Pirelli,2.0,0,1,3,1,False,False,True,False,23.96046456375759,34.86359065161811,44.129635138318335,1010.2913268540727,False,3.273735781561941,96.86405737848008,1.6071749530525536,1.693629112177479,206.55743506873375,318.96077499679024,66.6461634835586,0.16505501359187622,10556.886188492163,11602.725680543908,49,0.08992436432272177
F1,2022,2,2022-05-15,Synthetic_GP_2,Synthetic_Park,R,CCC,SYN-B,SYN-B,F1,17,90.0260886833243,27.897968851980007,33.32953487035578,28.798584960988514,MEDIUM,Pirelli,3.0,0,1,3,1,False,False,True,False,24.29177082972636,33.979548315673036,42.71100147721107,1011.411619990137,False,3.02847862601849,114.71365876771443,1.5638075233247124,1.600685846074756,208.01924278788653,322.2304024919608,66.68713661686671,0.1989891179995191,10447.091276663297,11819.444126408016,48,0.09489039238870683
F1,2022,2,2022-05-15,Synthetic_GP_2,Synthetic_Park,R,CCC,SYN-B,SYN-B,F1,18,90.62684972919841,28.023336458249332,33.542775263587245,29.060738007361834,MEDIUM,Pirelli,4.0,0,1,3,1,False,False,True,False,23.46632846436125,35.091115380400815,43.0868581527474,1008.3192596265326,False,2.975637210413745,137.58951654243305,1.5355422872926903,1.643260996500273,206.96166676286083,326.25902620010595,64.158973254431,0.1642077773981033,10526.421045387131,11952.374325866716,46,0.10329936817289112
F1,2022,2,2022-05-15,Synthetic_GP_2,Synthetic_Park,R,CCC,SYN-B,SYN-B,F1,19,90.3312922689842,27.98914322277241,33.466781490062104,28.875367556149683,MEDIUM,Pirelli,5.0,0,1,3,1,False,False,True,False,24.23555934074098,32.75079218750027,43.80146961097905,1006.7932255718316,False,3.280974569294019,162.65214506222708,1.5063745018851704,1.7777078828037984,209.22650784106102,322.265413092058,63.27905319272483,0.1800446573731933,10385.91231636248,11790.265496470633,48,0.10379846010521435
F1,2022,2,2022-05-15,Synthetic_GP_2,Synthetic_Park,R,CCC,SYN-B,SYN-B,F1,20,90.62725868607725,28.105652526706653,33.52879470544424,28.992811453926365,MEDIUM,Pirelli,6.0,0,1,3,1,False,False,True,False,23.900171993943605,33.09456372028192,43.18726013255418,1010.609177430314,False,2.927588925312338,183.84740883552058,1.7087834856590394,1.6506513212433012,206.69524721167286,326.5878213911025,68.68923409266621,0.17958998590843636,10346.113746556626,11888.255575342491,46,0.12033258064778549
F1,2022,2,2022-05-15,Synthetic_GP_2,Synthetic_Park,R,CCC,SYN-B,SYN-B,F1,21,90.61356648083476,28.051590456154862,33.55813991318215,29.003836111497748,MEDIUM,Pirelli,7.0,0,1,3,1,False,False,True,False,23.35691454053522,32.717195549271366,42.1676261576596,1010.5826322826607,False,3.087064637673785,213.16673812369618,1.6416691374668333,1.519751356443028,205.1444981033085,321.817349902033,61.85389451355297,0.17083259454254002,10165.669532310014,11843.735713146789,45,0.1282810413814529
F1,2022,2,2022-05-15,Synthetic_GP_2,Synthetic_Park,R,CCC,SYN-B,SYN-B,F1,22,90.59820592410748,28.05578663962049,33.52140216430966,29.02101712017732,MEDIUM,Pirelli,8.0,0,1,3,1,False,False,True,False,23.60957268441527,32.37321315987315,44.34620106574835,1009.5384335716154,False,2.902393721562529,233.8724935250782,1.689490657599782,1.771305090070339,206.09017737369638,322.2645325739006,65.29860303386613,0.157519368221209,10383.240477111598,11756.381729982542,51,0.0667764170490353
F1,2022,2,2022-05-15,Synthetic_GP_2,Synthetic_Park,R,CCC,SYN-B,SYN-B,F1,23,90.53241461567956,28.01952521111694,33.487595569088285,29.02529383547433,HARD,Pirelli,9.0,0,1,3,1,False,False,True,False,23.9773039614355,31.769753939078317,43.265893262810906,1010.0773819010178,False,2.906846917684986,243.26812949782266,1.6467931851610824,1.5853345873057998,209.19694978896266,320.6511482665328,65.93465742556074,0.18406473676209842,10267.056586826071,11834.161391613325,46,0.13139378802079837
F1,2022,2,2022-05-15,Synthetic_GP_2,Synthetic_Park,R,CCC,SYN-B,SYN-B,F1,24,90.54752279932421,28.043381558623203,33.46758345696195,29.036557783739063,HARD,Pirelli,10.0,0,1,3,1,False,False,True,False,23.507416123283583,30.27640394368641,42.38632067778385,1010.1514754823486,False,3.267788801559475,277.8826348062082,1.5145746589003133,1.614217588536576,206.32527040065406,324.28913610143536,66.45603155718008,0.1696062046331735,10125.35391900327,11774.112005294346,51,0.11328709821978977
F1,2022,2,2022-05-15,Synthetic_GP_2,Synthetic_Park,R,CCC,SYN-B,SYN-B,F1,25,90.5070407954879,28.02803693800763,33.46899244413008,29.010011413350185,HARD,Pirelli,11.0,0,1,3,1,False,False,True,False,23.671494959033495,30.403071492880642,43.30855480361211,1008.4918732457678,False,3.178909502912236,294.5810025743159,1.4740701024521818,1.5670848998304656,206.6175336600203,325.4019415450661,66.38190355652186,0.19459599508227737,10382.902055006141,11768.993463914181,46,0.09847550907275594
F1,2022,2,2022-05-15,Synthetic_GP_2,Synthetic_Park,R,CCC,SYN-B,SYN-B,F1,26,90.50594248828239,28.060417678562995,33.50733778338149,28.9381870263379,HARD,Pirelli,12.0,0,1,3,1,False,False,True,False,23.89826508175046,30.750002350345042,44.733121102239636,1010.7379583176504,False,3.1762744580381623,316.92363648024616,1.6154144175420144,1.523006608130925,207.0630293671322,322.47680915842335,64.11709384761548,0.19004657865561767,10126.734290715705,11778.213608459902,51,0.15774423070476334
F1,2022,2,2022-05-15,Synthetic_GP_2,Synthetic_Park,R,CCC,SYN-B,SYN-B,F1,27,90.6434083840827,28.102455188734037,33.526874910253575,29.01407828509509,HARD,Pirelli,13.0,0,1,3,1,False,False,True,False,23.459564613458173,29.405101635181772,43.98204509028854,1010.1067259564579,False,3.322344091036383,337.716396657925,1.5462842260709282,1.5510016670225484,210.55179825602602,323.76114899687605,66.81843480117448,0.1877201161308179,10418.348724292324,11656.838183004686,49,0.10382073322142493
F1,2022,2,2022-05-15,Synthetic_GP_2,Synthetic_Park,R,CCC,SYN-B,SYN-B,F1,28,90.38275717800919,28.02017441396137,33.44535023558688,28.917232528460936,HARD,Pirelli,14.0,0,1,3,1,False,False,True,False,23.355126865558375,29.029739936934885,43.42647525925375,1009.0630154505528,False,2.818290446426091,0.7082892555713443,1.5142446436458752,1.6907614492397816,205.1893195104087,317.9434722023196,65.31335025494501,0.1633947324775798,10343.882692256802,11884.674083640364,50,0.09738777441202519
F1,2022,2,2022-05-15,Synthetic_GP_2,Synthetic_Park,R,DDD,SYN-B,SYN-B,F1,1,90.11853572516968,27.903713708679835,33.376250944740484,28.838571071749364,MEDIUM,Pirelli,1.0,1,1,4,1,False,False,True,False,23.546567556924963,32.83868122358099,45.93948260724503,1009.6131169231074,False,3.2282990822714317,136.0175310918808,1.9333783312302741,1.2244822982051553,207.63430482812888,324.5457337125569,66.0366479253648,0.18479240145556955,10312.820177675176,11851.322986187926,50,0.1290876119380917
F1,2022,2,2022-05-15,Synthetic_GP_2,Synthetic_Park,R,DDD,SYN-B,SYN-B,F1,2,90.49527596059963,28.04531435197286,33.486100455215336,28.96386115341143,MEDIUM,Pirelli,2.0,0,1,4,1,False,False,True,False,24.07356568547944,33.89219450204103,44.5164636658799,1007.9132944795979,False,3.158454063650358,127.35258083930812,1.8461366633005745,1.4158534821822202,205.99333694412258,325.83473918329815,64.75415548098981,0.17096028515296458,10588.729097246052,11711.7430705595,48,0.15147271922123665
F1,2022,2,2022-05-15,Synthetic_GP_2,Synthetic_Park,R,DDD,SYN-B,SYN-B,F1,3,90.65976130337991,28.096083848326668,33.58870156913849,28.974975885914745,MEDIUM,Pirelli,3.0,0,1,4,1,False,False,True,False,23.534977289530982,33.88761174136639,44.984337607081585,1007.6342102622965,False,3.4233372165711633,159.5220192370092,1.9501967111705234,1.4426578098378116,205.1902581377626,327.1919257168908,69.4471954600582,0.18695242059458592,10369.098051178833,11747.934836932278,45,0.09338135546394738
F1,2022,2,2022-05-15,Synthetic_GP_2,Synthetic_Park,R,DDD,SYN-B,SYN-B,F1,4,90.60730178515264,28.073856946330352,33.54164369223472,28.99180114658757,MEDIUM,Pirelli,4.0,0,1,4,1,False,False,True,False,23.03664177283717,34.2260608381327,44.17886806595959,1009.0959621391075,False,2.9927662251530927,213.52699511087707,1.7132405286834664,1.49362595228688,204.13214368346283,324.1866799404174,63.648831445731744,0.17939512419342096,10523.469865744912,11849.510858154752,46,0.11764554073721274
F1,2022,2,2022-05-15,Synthetic_GP_2,Synthetic_Park,R,DDD,SYN-B,SYN-B,F1,5,90.40924422877023,28.061186608530992,33.42351099467175,28.924546625567494,MEDIUM,Pirelli,5.0,0,1,4,1,False,False,True,False,23.608826468895362,34.39139049651025,44.09515234885006,1010.3645822929541,False,3.230063878174323,208.36906490185547,1.9881047323680663,1.5244380193474165,208.37876563944874,324.3773270830789,67.55206378793517,0.17082164875063346,10309.625861438766,11864.394652330806,51,0.1378420414509491
F1,2022,2,2022-05-15,Synthetic_GP_2,Synthetic_Park,R,DDD,SYN-B,SYN-B,F1,6,90.64562431332223,28.068722590071012,33.56861760022167,29.008284123029547,MEDIUM,Pirelli,6.0,0,1,4,1,False,False,True,False,23.893267231791118,36.382234182409015,44.20278375795737,1010.7683901377129,False,3.2515504636237957,237.15130965016706,1.7580825757043768,1.4596336613067467,204.20950608961567,320.9423843534647,67.68696435780686,0.16410664531215818,10342.823914526503,11917.834540330396,45,0.09389308760773013
F1,2022,2,2022-05-15,Synthetic_GP_2,Synthetic_Park,R,DDD,SYN-B,SYN-B,F1,7,90.54622877550045,28.086541509305828,33.478233793814404,28.981453472380217,MEDIUM,Pirelli,7.0,0,1,4,1,False,False,True,False,23.656470701133784,35.59947944468929,41.6905697033071,1010.0102803251234,False,3.077014769716976,262.4580679964787,1.8318585055921244,1.5792433604913796,204.70998959103798,319.8901567367952,67.47688002446206,0.18988907307128627,10142.694753733833,11626.751586898983,51,0.10036976464622119
F1,2022,2,2022-05-15,Synthetic_GP_2,Synthetic_Park,R,DDD,SYN-B,SYN-B,F1,8,90.79188708414515,28.11762652690243,33.602399779859965,29.071860777382753,MEDIUM,Pirelli,8.0,0,1,4,1,False,False,True,False,24.141834120703273,36.03107307802891,43.62785179466409,1007.9232983054814,False,2.7340085772800786,259.16447174963105,2.072387588473901,1.4583258295465042,205.57988522438794,324.69654276110805,63.63105416806282,0.17592569716434248,10328.899161985135,11758.523951477779,50,0.08751784527096282
F1,2022,2,2022-05-15,Synthetic_GP_2,Synthetic_Park,R,DDD,SYN-B,SYN-B,F1,9,90.67434824553429,28.02691335318945,33.530305436407644,29.117129455937196,HARD,Pirelli,9.0,0,1,4,1,False,False,True,False,23.868770058040287,36.25587783578129,44.3653721845232,1011.4479888215324,False,2.8735125553930794,313.32814608171014,1.8699281062532065,1.3249914430392444,205.61710411384297,321.6743674763672,67.33110666259375,0.1755241279634149,10321.551468649679,11725.784407674799,51,0.0930554683971654
F1,2022,2,2022-05-15,Synthetic_GP_2,Synthetic_Park,R,DDD,SYN-B,SYN-B,F1,10,90.73472966273683,28.16387440470996,33.60318588778914,28.96766937023773,HARD,Pirelli,10.0,0,1,4,1,False,False,True,False,23.297230766931413,35.89312497569306,44.622656757179115,1009.7504231223587,False,2.8246659563556644,327.8560218302831,1.7709593925713132,1.517733265713784,204.59853694776322,323.8832544295844,68.78883744452625,0.17681003816833496,10133.611224494842,11953.171265739738,48,0.11186235217541655
F1,2022,2,2022-05-15,Synthetic_GP_2,Synthetic_Park,R,DDD,SYN-B,SYN-B,F1,11,90.88349676810398,28.158015385861493,33.612882362812364,29.112599019430128,HARD,Pirelli,11.0,0,1,4,1,False,False,True,False,23.81663894949909,36.266591752309964,44.64467412347865,1011.3808379118211,False,3.1332833210939217,334.27570759067265,1.86618144470571,1.1643607859259548,207.4571560422148,323.3232745411925,67.07731164371079,0.179194644911538,10238.014922270611,11720.931203464754,51,0.11430793065586219
F1,2022,2,2022-05-15,Synthetic_GP_2,Synthetic_Park,R,DDD,SYN-B,SYN-B,F1,12,90.7031046058889,28.11350720627705,33.62386469563102,28.965732703980827,HARD,Pirelli,12.0,0,1,4,1,False,False,True,False,24.107619693425733,36.56860067204394,43.2677721102842,1011.3244383860135,False,3.058756320801139,13.432558350380816,1.8565165714253549,1.3541757441406275,205.89526609666456,319.57134218200486,65.94986036483084,0.19192277966024343,10672.856815198365,11919.664102774683,48,0.12373711897669532
F1,2022,2,2022-05-15,Synthetic_GP_2,Synthetic_Park,R,DDD,SYN-B,SYN-B,F1,13,90.9393665632754,28.161680153873142,33.594188311198494,29.183498098203764,HARD,Pirelli,13.0,0,1,4,1,False,False,True,False,23.620009261791566,36.063610950191524,43.83972847684151,1007.5019290508841,False,3.153209007169803,24.718856541477805,1.762766423951296,1.4632133409641042,203.1243852111212,322.5996962321769,66.4371605359436,0.19158113560423026,10563.683218648155,11749.540433773564,49,0.11769195517501205
F1,2022,2,2022-05-15,Synthetic_GP_2,Synthetic_Park,R,DDD,SYN-B,SYN-B,F1,14,90.9267447068583,28.17612992763598,33.639075978796,29.111538800426317,HARD,Pirelli,14.0,0,1,4,1,False,False,True,False,23.932629676133356,35.83885299608846,42.5743733807341,1012.1175524353741,False,2.8034747113109892,52.134860434374275,1.9767133047359702,1.4768422070455751,206.14717306352657,322.191280321902,65.38712984101456,0.18318353640670956,10360.860605071668,11749.287037729691,49,0.14304288667354037
F1,2022,2,2022-05-15,Synthetic_GP_2,Synthetic_Park,R,DDD,SYN-B,SYN-B,F1,15,90.51637540944648,28.04694094653665,33.47631947849652,28.99311498441331,MEDIUM,Pirelli,1.0,1,1,4,1,False,False,True,False,23.510195761389156,35.46255796082107,44.48739755201559,1009.7848843143871,False,3.458948715010706,75.6464731519929,2.0836347004016407,1.2344504822715099,205.2997667825577,326.2744776603519,63.98310483308469,0.17766188566492394,10508.652887258824,11863.026578313147,45,0.0770126791460161
F1,2022,2,2022-05-15,Synthetic_GP_2,Synthetic_Park,R,DDD,SYN-B,SYN-B,F1,16,90.2364453920721,27.958931668093012,33.34875353023228,28.928760193746804,MEDIUM,Pirelli,2.0,0,1,4,1,False,False,True,False,23.493290589330794,35.401705167497916,46.56890912664625,1009.6070413524085,False,2.9466428663743156,98.5097589320091,1.9562660809262413,1.2815412768156034,208.9265175331502,321.99771505784116,68.57636129392787,0.17028306722268685,10165.812277475456,11840.624015995878,46,0.08717333581327538
F1,2022,2,2022-05-15,Synthetic_GP_2,Synthetic_Park,R,DDD,SYN-B,SYN-B,F1,17,90.65768494959958,28.143635424351007,33.52920156903282,28.98484795621576,MEDIUM,Pirelli,3.0,0,1,4,1,False,False,True,False,24.073475014580843,34.596754700624984,43.1814035751864,1008.7520967035176,False,3.2196125185456124,113.55019647372256,1.9200001982676131,1.46491704925865,205.4494179639276,320.10648636262835,67.8348968896196,0.1667606333552529,10288.23632118591,11621.229623910629,48,0.11117403408990063
F1,2022,2,2022-05-15,Synthetic_GP_2,Synthetic_Park,R,DDD,SYN-B,SYN-B,F1,18,90.80737233302833,28.138823802855494,33.59924218954246,29.06930634063037,MEDIUM,Pirelli,4.0,0,1,4,1,False,False,True,False,23.59716533249668,34.48145706212542,45.06696666699379,1008.7828239883685,False,2.474205812207595,141.21332344514718,1.9022845162704474,1.4460995191587356,206.17886015787587,323.38878306475397,66.74197411888314,0.17650565589826295,10441.028137664107,11805.576565906624,46,0.1391012978871945
F1,2022,2,2022-05-15,Synthetic_GP_2,Synthetic_Park,R,DDD,SYN-B,SYN-B,F1,19,90.43485840914914,27.97485505417992,33.426643399704794,29.03335995526443,MEDIUM,Pirelli,5.0,0,1,4,1,False,False,True,False,23.726895454038935,34.219882829665394,41.55318753097279,1008.4028277617866,False,3.1789305388214033,169.04212544311497,1.8540474852249949,1.372039405931718,208.04984950437014,325.4487359634718,65.96368562415546,0.17899612673286217,10328.649576364161,11963.065278847334,50,0.10809753190671058
F1,2022,2,2022-05-15,Synthetic_GP_2,Synthetic_Park,R,DDD,SYN-B,SYN-B,F1,20,90.64717895458222,28.109405017684907,33.55905955648131,28.978714380416,MEDIUM,Pirelli,6.0,0,1,4,1,False,False,True,False,23.562913145903458,32.62422805440565,44.579481639154466,1008.717233689929,False,2.819630582244889,192.13818362264442,1.8674169969882113,1.5839816086453626,206.55916595335296,320.58428685644145,65.05091008086617,0.19065697892333017,10379.296130768098,11718.787794155167,45,0.0835365243067715
F1,2022,2,2022-05-15,Synthetic_GP_2,Synthetic_Park,R,DDD,SYN-B,SYN-B,F1,21,90.52000453679486,28.066242047500488,33.47208006912932,28.98168242016505,MEDIUM,Pirelli,7.0,0,1,4,1,False,False,True,False,24.10596773991531,33.03249399432113,45.39989356476727,1011.1260705201795,False,3.013447127540822,215.35990259097787,2.006972617003036,1.2510093784231109,206.58074010472524,325.53497439817494,65.05122753338334,0.1697426721226767,10377.821451049082,11653.744727099724,48,0.11579408278568794
F1,2022,2,2022-05-15,Synthetic_GP_2,Synthetic_Park,R,DDD,SYN-B,SYN-B,F1,22,90.7173128545535,28.096835892697765,33.55191239810131,29.06856456375442,MEDIUM,Pirelli,8.0,0,1,4,1,False,False,True,False,23.960849407168308,32.094757002438605,43.6853189446526,1010.2864664488286,False,3.001012757141516,217.47468665397582,1.7353334370812181,1.1936573792105794,205.39022998949554,322.3960498955036,66.9487718772321,0.18360241417576262,10516.061456580255,11930.107646481762,51,0.11992866655689398
F1,2022,2,2022-05-15,Synthetic_GP_2,Synthetic_Park,R,DDD,SYN-B,SYN-B,F1,23,90.61411952680518,28.090504365987748,33.52264254517928,29.000972615638155,HARD,Pirelli,9.0,0,1,4,1,False,False,True,False,23.490562659457648,31.6155759695181,43.053932220422524,1010.3124986466606,False,2.883207382106284,253.13989285311516,1.92978468018581,1.3808437119064363,206.88926627423535,321.9074140874621,63.938324958167655,0.18491127793074316,10454.17455798199,11777.997393906873,47,0.1555684810055033
F1,2022,2,2022-05-15,Synthetic_GP_2,Synthetic_Park,R,DDD,SYN-B,SYN-B,F1,24,90.85985659405549,28.194571590110808,33.63711294986913,29.028172054075547,HARD,Pirelli,10.0,0,1,4,1,False,False,True,False,23.734736769845615,30.688172061746364,44.265509378102415,1010.16794632482,False,2.711442355911605,273.93788773338474,1.9958392959563092,1.334413823346142,205.84921551719611,322.1543869066051,66.204085348493,0.18905696604069583,10442.955326797735,11867.453894706145,49,0.0695176156816206
F1,2022,2,2022-05-15,Synthetic_GP_2,Synthetic_Park,R,DDD,SYN-B,SYN-B,F1,25,90.69570712201995,28.086059931951528,33.57918178140185,29.03046540866658,HARD,Pirelli,11.0,0,1,4,1,False,False,True,False,24.502180517288878,31.129642090773494,45.334904050561356,1011.4409955183345,False,2.920595016128712,288.2124537411663,2.036213611490729,1.1467748085619827,204.82905582435419,323.5855560216946,64.60343758386409,0.16590220059781205,10319.745420981624,11778.106612030086,45,0.07957185467363571
F1,2022,2,2022-05-15,Synthetic_GP_2,Synthetic_Park,R,DDD,SYN-B,SYN-B,F1,26,90.52694162558561,28.07939672374956,33.506489225992475,28.94105567584357,HARD,Pirelli,12.0,0,1,4,1,False,False,True,False,24.405418873564813,30.55781677534113,44.59744106591697,1013.8532605232806,False,3.1364853124305934,316.89261906357365,1.9727780940028052,1.3925711679562174,207.38962286221334,326.12386264273954,63.30956788146,0.16857297392066772,10351.223155865053,11734.507073162691,46,0.12387866722823164
F1,2022,2,2022-05-15,Synthetic_GP_2,Synthetic_Park,R,DDD,SYN-B,SYN-B,F1,27,90.80252336788355,28.173114024356284,33.564936496752324,29.064472846774947,HARD,Pirelli,13.0,0,1,4,1,False,False,True,False,24.321980152298075,29.417148301845724,45.520447420012,1011.0591706791812,False,3.192517761739711,335.9120657347536,1.9216463706248703,1.5071110132455208,205.71307612638614,325.4283260022569,64.34883524825716,0.18124482338767467,10291.381618889198,11857.955594735593,49,0.1284662254301227
F1,2022,2,2022-05-15,Synthetic_GP_2,Synthetic_Park,R,DDD,SYN-B,SYN-B,F1,28,90.72460760528475,28.16592905949278,33.581010284067155,28.97766826172481,HARD,Pirelli,14.0,0,1,4,1,False,False,True,False,24.09125037576334,29.366862576247147,43.854915383122716,1012.7446236714719,False,2.6359267009568885,15.126681454317577,1.9340235301825197,1.4900231307357603,206.51243805189412,320.031348889887,67.74220029919972,0.1775811292181255,10382.571243054274,11800.871636293983,50,0.11693054233486788
F1,2022,3,2022-07-15,Synthetic_GP_3,Synthetic_Street,R,AAA,SYN-A,SYN-A,F1,1,91.17379063332287,28.277578197789776,33.72237742109946,29.173835014433628,MEDIUM,Pirelli,1.0,1,1,1,1,False,False,True,False,24.043886065716713,34.79806715807108,42.04404017829181,1011.5222049906656,False,3.320878230073188,171.32651203754529,0.9602600018160555,2.104907551824077,211.10692544367708,320.1592796193409,66.61079957392346,0.18856267934655913,10327.797346452619,11912.036271391611,45,0.0729732910826397
F1,2022,3,2022-07-15,Synthetic_GP_3,Synthetic_Street,R,AAA,SYN-A,SYN-A,F1,2,91.3827295522885,28.314482565905227,33.77370266778916,29.294544318594113,MEDIUM,Pirelli,2.0,0,1,1,1,False,False,True,False,24.45456156539689,33.83325021310817,42.018618547542744,1013.1689975315578,False,3.480283862674166,183.46326441710505,0.76478837343927,2.0823671409122744,207.40340115733267,325.9158138565428,66.96673124650583,0.17170443794445137,10400.284177134528,11886.39187945883,46,0.13416297567486052
F1,2022,3,2022-07-15,Synthetic_GP_3,Synthetic_Street,R,AAA,SYN-A,SYN-A,F1,3,91.30782708515851,28.261938615276627,33.79577111706713,29.250117352814748,MEDIUM,Pirelli,3.0,0,1,1,1,False,False,True,False,24.828137451015955,34.612616810732945,42.25250057785324,1011.0283731632455,False,3.7761012034694597,217.1233231402403,1.023016283043594,2.340104553441344,212.23362381533443,320.91994823624333,67.80598037590012,0.1742956233914216,10406.452463290998,11808.964360734199,45,0.09127972389143851
F1,2022,3,2022-07-15,Synthetic_GP_3,Synthetic_Street,R,AAA,SYN-A,SYN-A,F1,4,91.27050919660994,28.283076342344827,33.80125627439517,29.186176579869937,MEDIUM,Pirelli,4.0,0,1,1,1,False,False,True,False,24.12211439325969,35.295792998874404,42.4871991637165,1010.9384586897758,False,3.3854420475331493,231.37573634130302,1.0528326557645664,2.064682731504615,209.45648439241467,319.8805081335903,67.97080008746828,0.1817070737231525,10527.82641167464,11598.73115646717,47,0.0769078137184665
F1,2022,3,2022-07-15,Synthetic_GP_3,Synthetic_Street,R,AAA,SYN-A,SYN-A,F1,5,91.49735688715737,28.387004281397726,33.84495753696099,29.265395068798654,MEDIUM,Pirelli,5.0,0,1,1,1,False,False,True,False,24.33694870168519,34.94894784729169,43.041949902003616,1010.2099318589488,False,3.6414979964982286,249.72676833571361,0.7812957358464097,2.0615171178570013,209.40467587681763,325.7175125676443,65.20827878185888,0.1785691063365165,10321.107400058876,11751.536784452479,45,0.10463828038224515
F1,2022,3,2022-07-15,Synthetic_GP_3,Synthetic_Street,R,AAA,SYN-A,SYN-A,F1,6,91.65620545716187,28.4346839586924,33.855279639232045,29.366241859237427,MEDIUM,Pirelli,6.0,0,1,1,1,False,False,True,False,23.666590998953893,35.912926918378425,41.42729654878778,1010.689037712882,False,3.008295798071898,257.41000405172593,0.9216431262900548,2.1734380917595137,209.45239737836502,319.74671467083704,63.59114049428881,0.16560311361408458,10255.504515956489,11887.868880550825,50,0.0833274173786479
F1,2022,3,2022-07-15,Synthetic_GP_3,Synthetic_Street,R,AAA,SYN-A,SYN-A,F1,7,91.5140537375005,28.330673827650457,33.84507558754215,29.3383043223079,MEDIUM,Pirelli,7.0,0,1,1,1,False,False,True,False,24.31449052640939,36.19023487145887,42.19546372843003,1008.5988379295399,False,3.4150764324720235,300.8987157246743,1.027399125835265,2.281134899887898,208.79606815211233,321.82354882719915,66.07258065709533,0.1934330374117311,10314.485485497336,11714.194147521894,48,0.1177056833455202
F1,2022,3,2022-07-15,Synthetic_GP_3,Synthetic_Street,R,AAA,SYN-A,SYN-A,F1,8,91.49499460255731,28.362563428434836,33.85567310640606,29.276758067716415,MEDIUM,Pirelli,8.0,0,1,1,1,False,False,True,False,24.551045189927137,37.28969670407444,42.02658446051423,1009.6303107130764,False,3.814274518236724,322.79719013948994,0.9330599394765764,2.0516980865689045,209.86695131575746,319.39230379209636,65.89569195825206,0.17375973262524222,10456.983403225362,11694.474858500149,45,0.10068374562682002
F1,2022,3,2022-07-15,Synthetic_GP_3,Synthetic_Street,R,AAA,SYN-A,SYN-A,F1,9,91.39921711140701,28.335602677492087,33.765950385207546,29.297664048707375,HARD,Pirelli,9.0,0,1,1,1,False,False,True,False,24.27074367715122,36.733934775323256,42.6673134101564,1009.1892538210934,False,3.375447194192833,341.2812415340219,1.0543947391132695,2.1140570795681413,208.4301269942735,322.56995675759663,67.59362122829299,0.1814998364126378,10464.469251694918,11872.40315799639,45,0.10327399237935936
F1,2022,3,2022-07-15,Synthetic_GP_3,Synthetic_Street,R,AAA,SYN-A,SYN-A,F1,10,91.55659740529859,28.342691713468007,33.87291265861627,29.34099303321431,HARD,Pirelli,10.0,0,1,1,1,False,False,True,False,24.461935717994244,37.50140893221411,42.34338287088463,1011.588160929394,False,3.7656868765776292,6.472944133891872,0.9571960402485213,2.0745264965674077,208.3172753574907,324.3759964570992,64.95397478299041,0.17794454711982194,10616.37370991259,11944.046603345521,47,0.12163347156997527
F1,2022,3,2022-07-15,Synthetic_GP_3,Synthetic_Street,R,AAA,SYN-A,SYN-A,F1,11,91.5741277869168,28.38620427086681,33.875494002993264,29.312429513056728,HARD,Pirelli,11.0,0,1,1,1,False,False,True,False,24.295732709943596,37.51054436605171,42.51028910953265,1012.0668870456898,False,3.50270026647618,23.385017186293283,1.0313593158271461,1.9297870916440925,208.9049886713271,320.9685088647494,62.743681991481324,0.1716072132150655,10466.34179659128,11835.250816784637,47,0.11436476632118471
F1,2022,3,2022-07-15,Synthetic_GP_3,Synthetic_Street,R,AAA,SYN-A,SYN-A,F1,12,91.4886012858874,28.397237914492752,33.889078838679666,29.202284532714984,HARD,Pirelli,12.0,0,1,1,1,False,False,True,False,24.16035013593681,36.957298100380534,40.548783890716855,1009.8530746987591,False,3.273688718012399,54.956927268061236,0.9338980642142927,2.0925910923174813,208.49988683107154,324.2144891425597,65.91824841992464,0.1894486403721664,10547.385334786724,11829.216584708496,49,0.11551416003338065
F1,2022,3,2022-07-15,Synthetic_GP_3,Synthetic_Street,R,AAA,SYN-A,SYN-A,F1,13,91.60190314073607,28.45946938536232,33.8620534517462,29.280380303627553,HARD,Pirelli,13.0,0,1,1,1,False,False,True,False,24.688351754167186,37.18096692164199,40.836692144531426,1010.3387839749117,False,3.5883283025123567,67.22707412131433,0.8014537772797289,2.0157900670216415,207.0139131135321,319.85216248166796,63.96590049808385,0.17814900334973832,10434.573579563388,11904.869406343374,50,0.13258162045477603
F1,2022,3,2022-07-15,Synthetic_GP_3,Synthetic_Street,R,AAA,SYN-A,SYN-A,F1,14,91.97480442085565,28.534168094983112,34.03562038112128,29.405015944751256,HARD,Pirelli,14.0,0,1,1,1,False,False,True,False,24.443709582147843,37.3041588800651,43.059611948462674,1011.2344240381666,False,3.3647396230966518,82.66440355162126,0.8584730895277807,2.085156830089241,207.94575237590763,320.5353943389425,66.13429558680551,0.1727493707610132,10569.245083108523,11846.286827869542,49,0.09268028041613419
F1,2022,3,2022-07-15,Synthetic_GP_3,Synthetic_Street,R,AAA,SYN-A,SYN-A,F1,15,90.9859601321443,28.193925513403062,33.67837686295975,29.11365775578149,MEDIUM,Pirelli,1.0,1,1,1,1,False,False,True,False,24.22039025434487,36.72631385917085,41.985186338643096,1011.653076840543,False,3.622781681301384,111.65925269798487,0.8659390221094199,2.146689268452688,211.230641951353,321.5862018754773,66.27670865281358,0.18348642540105825,10481.854519517807,11736.656295576435,49,0.08550779050999202
F1,2022,3,2022-07-15,Synthetic_GP_3,Synthetic_Street,R,AAA,SYN-A,SYN-A,F1,16,91.29719491343036,28.347034919535663,33.80956224237158,29.140597751523124,MEDIUM,Pirelli,2.0,0,1,1,1,False,False,True,False,24.749355265616504,35.68709725692719,41.88839815680433,1007.2363049890849,False,3.0811496511180043,124.7430542353531,0.9844801609310794,2.141887385814677,210.72125486392696,323.67111278462124,66.71535049323153,0.17708699806066278,10620.861050182846,11941.750966321588,49,0.10695934296565102
F1,2022,3,2022-07-15,Synthetic_GP_3,Synthetic_Street,R,AAA,SYN-A,SYN-A,F1,17,91.22816886446148,28.287692638314397,33.74224406850735,29.198232157639737,MEDIUM,Pirelli,3.0,0,1,1,1,False,False,True,False,25.19838334325636,35.497629729259096,41.38922892443681,1010.3927485992203,False,3.7844882810652494,168.80181478766815,1.1886557180447386,2.153151896944761,210.57172233714618,322.8655621500584,68.13419910176061,0.17669607593384826,10344.913297628418,12017.950765558466,48,0.09905212886526318
F1,2022,3,2022-07-15,Synthetic_GP_3,Synthetic_Street,R,AAA,SYN-A,SYN-A,F1,18,91.34474507858484,28.303940413927343,33.76635144880631,29.27445321585118,MEDIUM,Pirelli,4.0,0,1,1,1,False,False,True,False,24.265404281355256,35.55177381081141,39.832577866332,1010.153028128459,False,3.749211503087585,169.25384648811792,1.233882496698083,2.167757528073783,207.72197370870572,324.37608609237606,62.87162953539852,0.17917037138438008,10238.524938352579,11871.329278361305,49,0.10426198737112678
F1,2022,3,2022-07-15,Synthetic_GP_3,Synthetic_Street,R,AAA,SYN-A,SYN-A,F1,19,91.27205560958866,28.257148750427934,33.75996311255366,29.25494374660707,MEDIUM,Pirelli,5.0,0,1,1,1,False,False,True,False,24.555779566463848,35.047339105375485,41.35757152426044,1010.3041001730179,False,3.1049322320057313,202.16551988046876,1.0951476383815277,2.1189880804548555,208.56420688391825,323.27623353783315,65.9286572475318,0.18799042316950132,10152.372846364458,11830.814296638633,50,0.08416176870151336
F1,2022,3,2022-07-15,Synthetic_GP_3,Synthetic_Street,R,AAA,SYN-A,SYN-A,F1,20,91.51567406960758,28.426839403126827,33.88505686148599,29.203777804994765,MEDIUM,Pirelli,6.0,0,1,1,1,False,False,True,False,24.466110631762785,34.495433443872,42.52427031349521,1010.0641922370702,False,3.7604376193212525,200.92274089214334,0.8505715987650936,1.9816059513008728,210.81838821380475,324.3054585871983,67.79979968720748,0.17209514715753826,10357.457178107705,11820.259113988332,50,0.07381798512766963
F1,2022,3,2022-07-15,Synthetic_GP_3,Synthetic_Street,R,AAA,SYN-A,SYN-A,F1,21,91.49839418852466,28.338428895828375,33.78549408319774,29.374471209498545,MEDIUM,Pirelli,7.0,0,1,1,1,False,False,True,False,25.067782463490172,33.76000955748749,44.12669784425486,1009.350732408267,False,3.4582167600196367,256.18144119280157,1.228105941370178,2.127292594256867,210.15363467246746,323.25997006109947,62.270749646708104,0.1944179769058541,10345.261190831805,11778.080874032645,45,0.12736763552627786
F1,2022,3,2022-07-15,Synthetic_GP_3,Synthetic_Street,R,AAA,SYN-A,SYN-A,F1,22,91.6496907777755,28.461377831841276,33.9014075708562,29.286905375078028,MEDIUM,Pirelli,8.0,0,1,1,1,False,False,True,False,24.400928128037048,33.860406345167526,42.03540064671959,1009.2149557698137,False,3.5837924352118287,271.24582362289766,0.7405808401606782,2.013674339779075,207.2066346191634,324.90150512358565,66.41765722767553,0.17125454782682217,10438.24495369614,11592.601542196426,50,0.10319990711076826
F1,2022,3,2022-07-15,Synthetic_GP_3,Synthetic_Street,R,AAA,SYN-A,SYN-A,F1,23,91.44605063078711,28.368876988025526,33.78668729521166,29.29048634754993,HARD,Pirelli,9.0,0,1,1,1,False,False,True,False,24.7929320018851,33.06047031455293,41.17060341932445,1010.8381952110269,False,3.7145545286039408,300.52116687952423,0.9989466924810338,2.114645380832577,205.99159826324978,321.72742693753173,65.30640660970822,0.18758107213240846,10616.541102131025,11773.091125067673,50,0.1344497135927428
F1,2022,3,2022-07-15,Synthetic_GP_3,Synthetic_Street,R,AAA,SYN-A,SYN-A,F1,24,91.61523477316342,28.343564789506136,33.87871811529957,29.39295186835772,HARD,Pirelli,10.0,0,1,1,1,False,False,True,False,24.78907531748194,32.54315209208575,42.13043064370524,1009.8782558819381,False,4.068055558724912,308.19271626037994,1.0297038494880972,2.019895512840858,207.23142761489314,326.36104487402713,63.76585627271935,0.17498066208311977,10424.335977750288,11669.720890441793,51,0.12039401793044882
F1,2022,3,2022-07-15,Synthetic_GP_3,Synthetic_Street,R,AAA,SYN-A,SYN-A,F1,25,91.4347506480876,28.292974548053298,33.81037825887506,29.331397841159244,HARD,Pirelli,11.0,0,1,1,1,False,False,True,False,24.496852037077158,32.024090850661146,43.858884423930284,1009.239655786488,False,3.507649195492611,331.84042108066717,1.071801290593722,1.8560920449400866,208.50160492695474,320.6283123243051,62.24278818095691,0.1929136218304096,10319.848430145716,11743.371227022963,45,0.12698015246260586
F1,2022,3,2022-07-15,Synthetic_GP_3,Synthetic_Street,R,AAA,SYN-A,SYN-A,F1,26,91.67563170030455,28.45505766449858,33.912675604027996,29.30789843177797,HARD,Pirelli,12.0,0,1,1,1,False,False,True,False,24.651367602548614,31.000907504892297,39.91325842244276,1011.0029529660083,False,3.780337035636645,354.75597140781406,1.0377246310629014,2.070507003980493,207.77134949291,322.98884344108046,64.89105567791073,0.18666313339414342,10515.131306197332,11795.597990683465,50,0.14664659011316963
F1,2022,3,2022-07-15,Synthetic_GP_3,Synthetic_Street,R,AAA,SYN-A,SYN-A,F1,27,91.8152509799004,28.477674051476704,33.934297315205995,29.4032796132177,HARD,Pirelli,13.0,0,1,1,1,False,False,True,False,24.515229567717014,29.981142534888974,43.665154972904,1008.3904700679552,False,3.382269624534208,0.7876155589949576,0.8608796363498626,2.0799532936455716,208.63135259987695,321.9403987726891,63.70384496310941,0.17585756042721107,10262.908981992818,11801.238476825865,48,0.12398397421203436
F1,2022,3,2022-07-15,Synthetic_GP_3,Synthetic_Street,R,AAA,SYN-A,SYN-A,F1,28,91.78127367401137,28.431489592513763,33.985984267357715,29.363799814139895,HARD,Pirelli,14.0,0,1,1,1,False,False,True,False,24.185271300630685,30.12110027791662,40.62991980493082,1011.4529690351343,False,3.426519985189741,47.93956892036101,0.9568881893498009,2.1723475736100175,205.8598342225318,324.15410272851506,65.34985070287058,0.1828152537686186,10254.804305651794,11787.901413540116,45,0.13078350394254196
F1,2022,3,2022-07-15,Synthetic_GP_3,Synthetic_Street,R,BBB,SYN-A,SYN-A,F1,1,91.16975478918813,28.237080385054576,33.742190119639595,29.190484284493962,MEDIUM,Pirelli,1.0,1,1,2,1,False,False,True,False,24.797453247132704,36.000290074495005,42.04148551857236,1012.2474712714762,False,3.2344809502369927,170.12414079354932,1.4049807556157377,1.7883787716823638,208.23809595802854,321.7935667117872,63.26202959422641,0.1654898404283449,10451.704825309926,11857.928773185884,48,0.11440855687496616
F1,2022,3,2022-07-15,Synthetic_GP_3,Synthetic_Street,R,BBB,SYN-A,SYN-A,F1,2,91.62637752726438,28.388847932072203,33.89031915409687,29.347210441095307,MEDIUM,Pirelli,2.0,0,1,2,1,False,False,True,False,24.69458414183643,34.223280620085156,40.477215730931896,1012.6215323394576,False,3.4905308139517484,195.46082589903676,1.1452372311052341,1.8026038466648548,210.29923397802858,323.37816644985827,68.35395308259785,0.17113118934188545,10477.85165393167,11765.276655946835,51,0.15677508548797817
F1,2022,3,2022-07-15,Synthetic_GP_3,Synthetic_Street,R,BBB,SYN-A,SYN-A,F1,3,91.36607628062278,28.32866160999409,33.76376545278946,29.273649217839235,MEDIUM,Pirelli,3.0,0,1,2,1,False,False,True,False,24.545762699064575,35.25528304126767,41.61816231001919,1007.9825383974312,False,3.7535797538323616,211.0912176005984,1.1623708835747926,1.7765331962326034,208.1294734439781,320.94175873424336,66.96994123274585,0.1875499245713258,10362.965289870448,11683.12953214757,46,0.06845367981899572
F1,2022,3,2022-07-15,Synthetic_GP_3,Synthetic_Street,R,BBB,SYN-A,SYN-A,F1,4,91.39119709912728,28.314582728302124,33.83047825796832,29.24613611285683,MEDIUM,Pirelli,4.0,0,1,2,1,False,False,True,False,24.805662027001528,34.57124274945403,42.61397962225608,1008.8751271665817,False,3.7334223298969453,225.90805836440524,1.1554679619266188,1.7286537010991072,208.01337076035696,324.6038481881993,66.82324987431664,0.1678880541001003,10253.15476031758,11739.070508577277,50,0.1201128730486261
F1,2022,3,2022-07-15,Synthetic_GP_3,Synthetic_Street,R,BBB,SYN-A,SYN-A,F1,5,91.7598199238457,28.409365147608465,33.926489046666056,29.423965729571172,MEDIUM,Pirelli,5.0,0,1,2,1,False,False,True,False,24.535777232965607,35.411213993368676,39.801197674275116,1009.3453183624536,False,3.173183079648738,253.02264629104292,1.241174360846953,1.8976670483340685,208.89571859538864,323.3047541221681,68.14443467128432,0.18753219826278078,10319.077662900923,11783.653460665084,51,0.08188710704559615
F1,2022,3,2022-07-15,Synthetic_GP_3,Synthetic_Street,R,BBB,SYN-A,SYN-A,F1,6,91.6880757199701,28.43822174564273,33.93764307636408,29.31221089796329,MEDIUM,Pirelli,6.0,0,1,2,1,False,False,True,False,24.879645192734056,35.91326361190566,40.36273944423982,1009.3329651319108,False,3.738826196311038,273.9456823179427,1.2728006068128828,1.8210573856348349,209.80382368115357,326.6937756408892,67.81352735769934,0.17030287523167859,10351.031172755178,11724.99234353659,45,0.10944022567661993
F1,2022,3,2022-07-15,Synthetic_GP_3,Synthetic_Street,R,BBB,SYN-A,SYN-A,F1,7,91.68261482147052,28.41589868475203,33.90644614845909,29.360269988259404,MEDIUM,Pirelli,7.0,0,1,2,1,False,False,True,False,25.27794807596241,36.85252055601815,40.12723371614077,1011.4557992546987,False,3.747770229565242,297.1786849516245,1.1437466487535994,1.977831343107563,208.0852882354708,322.1727115730973,68.93733401976048,0.1837495815468846,10555.877881419998,11852.99523774978,49,0.11038902750322567
F1,2022,3,2022-07-15,Synthetic_GP_3,Synthetic_Street,R,BBB,SYN-A,SYN-A,F1,8,91.81399054176677,28.493216977032297,33.932431455440046,29.388342109294427,MEDIUM,Pirelli,8.0,0,1,2,1,False,False,True,False,24.791323392637292,36.603935230043184,42.67667508904443,1013.132776661919,False,4.0171956598508824,299.63938283833835,1.4386073468894698,1.758439586504001,207.1497741963723,325.79252280375346,68.30750527821772,0.18746258946332434,10445.422312186827,11820.655196844811,46,0.09192726634957868
F1,2022,3,2022-07-15,Synthetic_GP_3,Synthetic_Street,R,BBB,SYN-A,SYN-A,F1,9,91.39000431648041,28.319954320403898,33.821746162148074,29.248303833928446,HARD,Pirelli,9.0,0,1,2,1,False,False,True,False,24.81089556232032,36.96390852820503,42.10999766351294,1010.0577257103894,False,3.9555746103398777,335.0806022205037,1.214696915300102,1.996837141709479,209.77035150756703,321.6123498574884,67.36743500116829,0.17684228501006774,10240.492863320702,11938.797542828303,46,0.09240915463837328
F1,2022,3,2022-07-15,Synthetic_GP_3,Synthetic_Street,R,BBB,SYN-A,SYN-A,F1,10,92.07288331931885,28.535260428927664,34.061504761997256,29.476118128393928,HARD,Pirelli,10.0,0,1,2,1,False,False,True,False,24.485023982559174,37.56289942192724,42.72545110315186,1008.8424677355589,False,3.468654748373265,356.171589664179,1.3626882114021333,1.9041591787161964,204.84743749778778,322.9592098520018,64.55493053912444,0.18665223289262775,10175.68444484058,11763.760304874771,50,0.10454665431871314
F1,2022,3,2022-07-15,Synthetic_GP_3,Synthetic_Street,R,BBB,SYN-A,SYN-A,F1,11,91.90451891408605,28.525914431312895,34.005747615831595,29.37285686694156,HARD,Pirelli,11.0,0,1,2,1,False,False,True,False,24.64010938205652,36.96692622204453,41.313300370388625,1011.1504404738005,False,3.294547336357913,36.28356498582252,1.4199947193920044,2.085589962535711,208.6069378867033,322.5218652297279,66.49477455776007,0.1793732496010394,9941.524924611507,11659.301225079804,47,0.12249204991519762
F1,2022,3,2022-07-15,Synthetic_GP_3,Synthetic_Street,R,BBB,SYN-A,SYN-A,F1,12,92.09011039904672,28.561704011696435,34.04374831725103,29.484658070099258,HARD,Pirelli,12.0,0,1,2,1,False,False,True,False,24.93830409330601,37.066699641627125,43.27663576726227,1009.7484819891805,False,3.394970176351064,55.342687302049285,1.2618964630314338,1.8613463885896788,208.6357042697764,321.91959602621733,68.14086103623131,0.18775724024323545,10558.329055898515,11858.035863160754,49,0.09410668524636692
F1,2022,3,2022-07-15,Synthetic_GP_3,Synthetic_Street,R,BBB,SYN-A,SYN-A,F1,13,91.8148677820854,28.49707609469576,33.99393321162287,29.323858475766777,HARD,Pirelli,13.0,0,1,2,1,False,False,True,False,24.8626138999464,37.15731239366967,41.59305840704551,1009.6546337001529,False,4.229993245173306,64.06158217642394,1.342650310723493,1.9335532853004809,207.49864029374723,324.525427971394,65.39667525101655,0.1843191321844844,10509.713737251543,11876.49702033839,45,0.09219473003174544
F1,2022,3,2022-07-15,Synthetic_GP_3,Synthetic_Street,R,BBB,SYN-A,SYN-A,F1,14,91.90608052934498,28.49157923320749,34.05802339437233,29.35647790176516,HARD,Pirelli,14.0,0,1,2,1,False,False,True,False,24.530902399884297,36.64925697810483,42.179086448493045,1010.4567337935706,False,3.730358599249002,92.94148217449981,1.4565499136574809,1.8845924200793742,206.2565320866163,318.91296840760657,66.74985527229221,0.17612644765864233,10385.296844811228,11905.101359305127,45,0.11939068457098981
F1,2022,3,2022-07-15,Synthetic_GP_3,Synthetic_Street,R,BBB,SYN-A,SYN-A,F1,15,91.45658727644509,28.341356330570846,33.82516429119936,29.290066654674888,MEDIUM,Pirelli,1.0,1,1,2,1,False,False,True,False,24.86760285571666,36.631127670592576,42.435278229679625,1008.568633636407,False,3.526285247319238,112.40806373387244,1.1741116379233263,1.9800910973963424,209.0113929658953,322.52061477735583,65.95199557568023,0.17864955979251484,10403.042742134074,11802.271095046664,48,0.09390108460468725
F1,2022,3,2022-07-15,Synthetic_GP_3,Synthetic_Street,R,BBB,SYN-A,SYN-A,F1,16,91.61755328395361,28.396997017677766,33.878364085574795,29.342192180701055,MEDIUM,Pirelli,2.0,0,1,2,1,False,False,True,False,24.392371574517373,36.886599690627364,43.034905182287844,1008.4317115628616,False,3.020296392110854,123.5077996414393,1.3076872000862223,1.6284846998519857,208.89254730577034,322.09527808565144,64.7003098185335,0.18539616102482565,10513.850268219443,11714.545234220363,48,0.14217822472331978
F1,2022,3,2022-07-15,Synthetic_GP_3,Synthetic_Street,R,BBB,SYN-A,SYN-A,F1,17,91.44207749921037,28.324607078201808,33.80080218032509,29.31666824068347,MEDIUM,Pirelli,3.0,0,1,2,1,False,False,True,False,23.98322287703005,35.720471252725034,39.62029145745585,1009.8741754265002,False,3.884740216590092,153.29970733313166,1.479020815021285,1.830099731606437,211.06004066022246,318.29941499965497,67.68886788298947,0.17631804507159748,10369.179901655893,11956.727336835685,47,0.1332398647761673
F1,2022,3,2022-07-15,Synthetic_GP_3,Synthetic_Street,R,BBB,SYN-A,SYN-A,F1,18,91.71837425303049,28.43457803561865,33.95409538489933,29.329700832512508,MEDIUM,Pirelli,4.0,0,1,2,1,False,False,True,False,24.37440562289232,35.55658488969697,42.50731477531509,1009.5865741758138,False,3.3498293900561515,185.82635962468157,1.3895146437654293,1.8272708413515864,208.7734063147403,324.2324113445059,64.09930901712931,0.18102028330999875,10454.092014617354,11721.15464310563,45,0.10171346199692125
F1,2022,3,2022-07-15,Synthetic_GP_3,Synthetic_Street,R,BBB,SYN-A,SYN-A,F1,19,91.686974434996,28.374755296182602,33.928110923098984,29.38410821571442,MEDIUM,Pirelli,5.0,0,1,2,1,False,False,True,False,24.81919499145169,34.792163329518516,41.283166816477554,1009.5799058326969,False,3.6104335704188473,210.2302002986736,1.4115732009435278,1.9124883142423834,209.62200196113935,323.856430376042,65.49222485465303,0.1749539214729993,10367.757146844904,11807.145648982123,46,0.11859478593216911
F1,2022,3,2022-07-15,Synthetic_GP_3,Synthetic_Street,R,BBB,SYN-A,SYN-A,F1,20,91.57419324013378,28.382238811423658,33.87455183400477,29.31740259470535,MEDIUM,Pirelli,6.0,0,1,2,1,False,False,True,False,24.622608300824062,34.3768502494075,42.39812156659478,1008.7102831260154,False,3.0964872386904294,213.9437413329315,1.368600790520059,1.8791425392693322,208.13527249803167,319.74229668785307,66.05502502176249,0.1688814330660742,10623.212420573896,11755.93354858757,47,0.10242792173465677
F1,2022,3,2022-07-15,Synthetic_GP_3,Synthetic_Street,R,BBB,SYN-A,SYN-A,F1,21,91.86808660146713,28.513422518055865,33.96245625314882,29.392207830262443,MEDIUM,Pirelli,7.0,0,1,2,1,False,False,True,False,24.54468668784292,34.0141308659538,41.957488407315275,1011.0579954432452,False,3.890850515960184,243.93840595515996,1.3974407955943358,1.765403633989062,209.88688329721333,324.66979904075004,66.86222370211192,0.17480692802541226,10699.105361482782,11858.487782737066,50,0.11424678407344938
F1,2022,3,2022-07-15,Synthetic_GP_3,Synthetic_Street,R,BBB,SYN-A,SYN-A,F1,22,91.63555202246515,28.393028842085666,33.87754938180523,29.364973798574248,MEDIUM,Pirelli,8.0,0,1,2,1,False,False,True,False,24.944660490886026,33.85930118177345,42.60040922231649,1012.1942593048335,False,3.809030839290886,275.9133208392019,1.367284971804454,1.7474102772471187,208.4329093059057,322.4524584383396,68.09694865729007,0.17488503910039951,10390.028290949116,11832.444899384593,47,0.07397000478510415
F1,2022,3,2022-07-15,Synthetic_GP_3,Synthetic_Street,R,BBB,SYN-A,SYN-A,F1,23,91.58952160342639,28.400868645578342,33.89083341691205,29.297819540935997,HARD,Pirelli,9.0,0,1,2,1,False,False,True,False,24.708694496891532,33.22530236889952,42.58852575227399,1012.7175753971414,False,3.2603351333149733,280.016054136398,1.4325481742920507,1.7800978475113063,208.66363834061787,321.732995292946,69.47145482887503,0.17703028520431485,10581.849042408403,11961.862193572106,49,0.10501026909822021
F1,2022,3,2022-07-15,Synthetic_GP_3,Synthetic_Street,R,BBB,SYN-A,SYN-A,F1,24,91.63942009006652,28.402630555389177,33.89322821558676,29.343561319090583,HARD,Pirelli,10.0,0,1,2,1,False,False,True,False,24.346871587660075,32.319192170299225,41.04213660208484,1012.2565637142833,False,3.4047018088434804,314.9815807031449,1.067776485916468,1.7865926769422076,206.22506351629107,324.15745108266935,63.24831449621082,0.18624745256740202,10565.402563254125,11716.024985074724,47,0.1145702190028729
F1,2022,3,2022-07-15,Synthetic_GP_3,Synthetic_Street,R,BBB,SYN-A,SYN-A,F1,25,91.79402681823885,28.49711088650001,33.98339737965446,29.313518552084375,HARD,Pirelli,11.0,0,1,2,1,False,False,True,False,24.75801519223468,31.18778645055314,42.10800830932795,1010.4212107419734,False,3.558777525099459,341.0855533374653,1.350888389875177,1.7073768979422048,205.85356115998178,325.7057729853114,66.17478482624966,0.183874344666937,10285.968767888024,11809.19127770685,46,0.1038611842947113
F1,2022,3,2022-07-15,Synthetic_GP_3,Synthetic_Street,R,BBB,SYN-A,SYN-A,F1,26,91.63087913583168,28.38109512468441,33.920303088658926,29.329480922488344,HARD,Pirelli,12.0,0,1,2,1,False,False,True,False,23.96990575361324,31.282381781223094,43.38120727137066,1010.4544858699188,False,3.2262419518088383,334.6948729736214,1.2059127458917809,2.0725588749980055,206.9340053356711,324.12756054144893,69.9491749205507,0.17003715801346242,10488.639685233127,11706.1795345674,48,0.12192641241757367
F1,2022,3,2022-07-15,Synthetic_GP_3,Synthetic_Street,R,BBB,SYN-A,SYN-A,F1,27,91.70024291368085,28.398753270173774,33.88620998161803,29.415279661889052,HARD,Pirelli,13.0,0,1,2,1,False,False,True,False,24.126897878432775,31.1237157542167,40.88068405656118,1010.8412390347112,False,3.2126625959473083,2.1045128428778526,1.1700239150803315,1.7957613686558245,208.1690199124625,323.04448402874357,65.56439022754161,0.17313031790843783,10507.080656269121,11886.010082206672,48,0.10608549403978447
F1,2022,3,2022-07-15,Synthetic_GP_3,Synthetic_Street,R,BBB,SYN-A,SYN-A,F1,28,91.73655183577324,28.450622692332736,33.94423841015052,29.341690733289987,HARD,Pirelli,14.0,0,1,2,1,False,False,True,False,25.125810733879657,31.372190402129824,41.61002739212945,1009.6685376785707,False,3.472893698551805,45.59948011175936,1.1438764012798839,1.7967180260419509,206.81507432079044,319.0293563543964,70.57984582134286,0.19515352141215433,10560.944524762719,11831.113759088268,51,0.13014822653129357
F1,2022,3,2022-07-15,Synthetic_GP_3,Synthetic_Street,R,CCC,SYN-B,SYN-B,F1,1,91.69596407191086,28.390532014405174,33.89345532351411,29.41197673399158,MEDIUM,Pirelli,1.0,1,1,3,1,False,False,True,False,24.90726158822888,34.60986587065733,42.92630219481124,1011.5881566641544,False,3.2738628294150893,165.48746177124355,1.4637647798159845,1.775067909903943,208.66686155875675,325.9482456764504,65.24808688455781,0.1754124850005133,10391.029461597136,11898.505541101089,48,0.08793655777192483
F1,2022,3,2022-07-15,Synthetic_GP_3,Synthetic_Street,R,CCC,SYN-B,SYN-B,F1,2,91.94670238736154,28.51831792985341,34.04213894944606,29.386245508062068,MEDIUM,Pirelli,2.0,0,1,3,1,False,False,True,False,23.981173030849586,34.70054831955516,42.14290037709157,1008.756307684272,False,3.7902003029481475,186.45626964160954,1.577565656816366,1.5926738179396156,207.23174193304357,325.51772264877127,69.25228573080392,0.18420611910729134,10302.142059700334,11727.03178968588,47,0.10624991975055925
F1,2022,3,2022-07-15,Synthetic_GP_3,Synthetic_Street,R,CCC,SYN-B,SYN-B,F1,3,91.94681057993553,28.501987946022602,34.02342262607189,29.421400007841036,MEDIUM,Pirelli,3.0,0,1,3,1,False,False,True,False,24.700372119371067,35.75668616838659,41.94466690687031,1009.7594335056128,False,3.308746875577529,213.05903208036457,1.7688458804282914,1.7242284996754467,209.54253166527536,323.1046825135484,67.76774766107644,0.17876221012121826,10292.31106083897,11773.209810076676,47,0.12022897447216821
F1,2022,3,2022-07-15,Synthetic_GP_3,Synthetic_Street,R,CCC,SYN-B,SYN-B,F1,4,91.70439426087783,28.433361156125688,33.90430419913301,29.36672890561914,MEDIUM,Pirelli,4.0,0,1,3,1,False,False,True,False,24.770349040615198,35.57070086196081,42.82668512874445,1012.0481790918926,False,2.719938799004624,230.49198842276778,1.429220130666602,1.6190656927459322,208.1387795888909,322.84314861245895,62.21556398255057,0.18647981178736678,10404.448810883898,11749.12616216485,50,0.09556439164236989
F1,2022,3,2022-07-15,Synthetic_GP_3,Synthetic_Street,R,CCC,SYN-B,SYN-B,F1,5,91.99816390986798,28.517065219677495,34.007911166126064,29.47318752406443,MEDIUM,Pirelli,5.0,0,1,3,1,False,False,True,False,24.4818394929762,37.626587812513705,40.19967698640519,1009.2743369136303,False,3.267275405532668,247.06709128705572,1.463927479914852,1.5184413788335258,207.61965530640293,322.23066672317873,67.69724765626106,0.1848452430693236,10356.057867752723,11801.969695409036,51,0.15077450653684915
F1,2022,3,2022-07-15,Synthetic_GP_3,Synthetic_Street,R,CCC,SYN-B,SYN-B,F1,6,92.11363270965937,28.54113204993118,34.09907157752631,29.473429082201882,MEDIUM,Pirelli,6.0,0,1,3,1,False,False,True,False,24.740120693696998,36.115089523951596,42.72636792598194,1011.6953422203143,False,3.261736404022034,273.5137807564206,1.5808185743965963,1.6189877127608698,207.88820800429642,327.70132105690396,63.79272358625319,0.18221869560068008,10515.69661593357,11815.01209053883,46,0.12311941389080189
F1,2022,3,2022-07-15,Synthetic_GP_3,Synthetic_Street,R,CCC,SYN-B,SYN-B,F1,7,92.1555357041003,28.55610722705465,34.09695921318458,29.502469263861066,MEDIUM,Pirelli,7.0,0,1,3,1,False,False,True,False,24.82609691580651,36.85222613418753,43.282563091729855,1011.116777615896,False,3.4446476699749016,295.58005337580965,1.7702449705946308,1.7704511392981546,204.48038799754264,325.55170822436037,64.07174990098365,0.1951977075441851,10306.99662124761,11794.694046785768,46,0.08856181302267782
F1,2022,3,2022-07-15,Synthetic_GP_3,Synthetic_Street,R,CCC,SYN-B,SYN-B,F1,8,92.16488017337826,28.60247053084661,34.13773435116432,29.424675291367336,MEDIUM,Pirelli,8.0,0,1,3,1,False,False,True,False,24.684380932732235,37.459942324164345,41.84790717622052,1009.242105564038,False,3.2809897621166395,319.38002938433124,1.5680920920909083,1.481828817207278,204.0715186327946,320.76419248392773,66.17733842627057,0.17791944474257332,10185.259613664646,11746.187465827159,50,0.12037809745329343
F1,2022,3,2022-07-15,Synthetic_GP_3,Synthetic_Street,R,CCC,SYN-B,SYN-B,F1,9,91.91571153373876,28.505188155816878,33.973068276558685,29.43745510136319,HARD,Pirelli,9.0,0,1,3,1,False,False,True,False,24.322919547612756,36.63542949149727,43.587674260182446,1009.3230746331018,False,3.8293040660701583,325.03174085069514,1.6560155976741864,1.3471268678317225,206.7579762052966,318.5949901916023,63.54761580016988,0.19013877968383172,10379.936862125634,11629.177980376862,50,0.12415360031592755
F1,2022,3,2022-07-15,Synthetic_GP_3,Synthetic_Street,R,CCC,SYN-B,SYN-B,F1,10,92.22757547275651,28.589101504531172,34.11276436110579,29.525709607119552,HARD,Pirelli,10.0,0,1,3,1,False,False,True,False,24.500834477030118,37.23668101414802,42.43763706336982,1010.3844559697606,False,3.8023668589971837,1.2194867424521476,1.569980397398718,1.5756364484987082,204.5158054483441,324.85943426485875,66.97600236407771,0.18870098825895523,10195.165558639696,11855.8381428839,45,0.09820265038056852
F1,2022,3,2022-07-15,Synthetic_GP_3,Synthetic_Street,R,CCC,SYN-B,SYN-B,F1,11,92.02916561439163,28.529453231384522,34.037004121276,29.46270826173111,HARD,Pirelli,11.0,0,1,3,1,False,False,True,False,24.344354907407784,36.995877204563705,43.2113960229771,1007.808078698006,False,3.706965971958788,16.26480128170158,1.4170145823011842,1.5744244671616314,209.17268057517197,323.02147494104616,66.26523560372779,0.18753422779896237,10669.533633280125,11765.765730063138,51,0.07481524223911415
F1,2022,3,2022-07-15,Synthetic_GP_3,Synthetic_Street,R,CCC,SYN-B,SYN-B,F1,12,92.4483496121249,28.668982387474728,34.17417453670525,29.60519268794492,HARD,Pirelli,12.0,0,1,3,1,False,False,True,False,24.856022545790893,37.48059500764454,41.739562520477065,1007.6993807359497,False,3.7951537586113644,44.24231917106346,1.426293721121545,1.6266914911079577,204.05137086463444,324.73919594899144,69.90852366615655,0.17944826188401733,10369.208308536596,11689.096304511177,49,0.12974625082010086
F1,2022,3,2022-07-15,Synthetic_GP_3,Synthetic_Street,R,CCC,SYN-B,SYN-B,F1,13,92.3777052308437,28.64117190524273,34.16800664456031,29.568526681040666,HARD,Pirelli,13.0,0,1,3,1,False,False,True,False,24.42146079062071,37.43171713347179,42.68853087761475,1012.6226034542627,False,3.640337222521808,51.04038552967933,1.753596271765399,1.7825941929225784,204.6635587093406,320.702667532268,64.69101045224062,0.18905484845196568,10242.899220976515,11727.979716745658,50,0.14706183681590487
F1,2022,3,2022-07-15,Synthetic_GP_3,Synthetic_Street,R,CCC,SYN-B,SYN-B,F1,14,92.39890412658599,28.622306932766183,34.22441638152567,29.55218081229414,HARD,Pirelli,14.0,0,1,3,1,False,False,True,False,24.73755394721381,37.568532333945946,42.2192214538508,1008.6897732619901,False,3.3957171605564924,84.81697961446542,1.72980120461987,1.585602133299625,204.46551485024443,324.109750052983,65.17012498079848,0.1574989734099072,10471.136357961213,11665.331662496748,48,0.1316445976693318
F1,2022,3,2022-07-15,Synthetic_GP_3,Synthetic_Street,R,CCC,SYN-B,SYN-B,F1,15,91.62320309657554,28.42984891991315,33.85664449201982,29.336709684642564,MEDIUM,Pirelli,1.0,1,1,3,1,False,False,True,False,24.040539736424847,35.98773945180273,42.30763896544924,1008.8178084073334,False,3.606317619774536,110.85349343406943,1.5622324276415163,1.6852780341591207,207.61079332649112,321.7318464056287,67.12878107469174,0.18694146266265244,10177.564846115481,11683.341932713198,51,0.09815756983195564
F1,2022,3,2022-07-15,Synthetic_GP_3,Synthetic_Street,R,CCC,SYN-B,SYN-B,F1,16,91.66864744375597,28.417448213070582,33.901274834911824,29.349924395773563,MEDIUM,Pirelli,2.0,0,1,3,1,False,False,True,False,24.020501712207672,36.57442386749085,42.72059116447353,1009.8718691890058,False,3.6861433980818465,130.65408326179266,1.672822692015534,1.5566677824291903,208.975369657561,325.88522900826126,61.390478507839184,0.1698382460344152,10463.805614056346,11648.908406975992,47,0.12471863142363174
F1,2022,3,2022-07-15,Synthetic_GP_3,Synthetic_Street,R,CCC,SYN-B,SYN-B,F1,17,91.88772736799365,28.473755888183792,34.06305260872481,29.35091887108505,MEDIUM,Pirelli,3.0,0,1,3,1,False,False,True,False,24.62795935590341,35.4081280765252,41.08524386281586,1008.5450597980398,False,3.389698683832458,155.39699051215598,1.6927601033103388,1.6820661674829727,207.26178318418366,325.4458483132979,69.57451671019402,0.17060663739833737,10537.737835263035,11913.95994139553,46,0.11490327218540171
F1,2022,3,2022-07-15,Synthetic_GP_3,Synthetic_Street,R,CCC,SYN-B,SYN-B,F1,18,91.97975815692882,28.53099192981671,34.08145678827412,29.367309438838,MEDIUM,Pirelli,4.0,0,1,3,1,False,False,True,False,24.42781515296837,34.05768957344817,43.78796325605061,1010.064149554624,False,3.053288778155667,171.7144529244821,1.6859671987776021,1.468635133193371,204.23673205329308,322.9206215033705,69.76959209272226,0.19316506428748034,10470.134780452021,11538.59193930414,47,0.10739331195425939
F1,2022,3,2022-07-15,Synthetic_GP_3,Synthetic_Street,R,CCC,SYN-B,SYN-B,F1,19,91.89501459951097,28.49474054469686,33.99168519989026,29.40858885492385,MEDIUM,Pirelli,5.0,0,1,3,1,False,False,True,False,24.507457576021665,35.250895857942226,41.934560856818486,1009.8693522759584,False,4.27085592043499,196.284251845732,1.6774041219766158,1.6237505597111817,206.75531937200893,320.59711374291646,65.73459032502103,0.18474448092300544,10339.19569196965,11914.894379928384,51,0.0901846323558899
F1,2022,3,2022-07-15,Synthetic_GP_3,Synthetic_Street,R,CCC,SYN-B,SYN-B,F1,20,91.97904413943199,28.47006136472451,34.04887591839931,29.460106856308165,MEDIUM,Pirelli,6.0,0,1,3,1,False,False,True,False,25.19513244630659,34.68241458722022,43.560182788191206,1010.7712262226526,False,3.4859320030455785,227.18089386435122,1.5975300828690113,1.632597193569826,207.25362934764325,321.97417077914554,66.9465170621921,0.18833080636548277,10392.406711304395,11881.414581082265,51,0.07458114964753977
F1,2022,3,2022-07-15,Synthetic_GP_3,Synthetic_Street,R,CCC,SYN-B,SYN-B,F1,21,91.9412358324723,28.512690387160145,34.04161041423723,29.38693503107492,MEDIUM,Pirelli,7.0,0,1,3,1,False,False,True,False,25.033354143953662,33.57136826361324,43.76167308337658,1010.8383476185788,False,3.5626491287653055,241.1731610475348,1.6490666643213845,1.6440864852220027,204.81237305508617,320.74494650650854,67.0836868685411,0.16502059003771438,10593.517456204578,11813.518346189358,50,0.13690372412286989
F1,2022,3,2022-07-15,Synthetic_GP_3,Synthetic_Street,R,CCC,SYN-B,SYN-B,F1,22,92.34613610402151,28.559182032947554,34.19811424801569,29.588839823058265,MEDIUM,Pirelli,8.0,0,1,3,1,False,False,True,False,24.404870565336562,33.97194726974499,44.20410416953425,1009.9764503485931,False,3.2489643585805417,266.50735568957316,1.4923138152487503,1.6331524139444162,205.31837836105487,320.78043138628925,64.06307932636246,0.17552262796601895,10240.44692495227,11957.273139765388,45,0.0834256321196956
F1,2022,3,2022-07-15,Synthetic_GP_3,Synthetic_Street,R,CCC,SYN-B,SYN-B,F1,23,92.00225047564562,28.50917528924412,34.041883609656665,29.45119157674484,HARD,Pirelli,9.0,0,1,3,1,False,False,True,False,24.505091335965478,32.44812188308877,42.00357064205131,1011.046225019225,False,3.698082847601466,292.54642443715977,1.5483633336365403,1.3940797647594947,208.02404781658677,327.2861058678604,67.90287125651054,0.18263314736577435,10444.257524251745,11747.840709504662,50,0.10335039428923741
F1,2022,3,2022-07-15,Synthetic_GP_3,Synthetic_Street,R,CCC,SYN-B,SYN-B,F1,24,92.0079687425918,28.523129485392403,33.980826484798946,29.50401277240045,HARD,Pirelli,10.0,0,1,3,1,False,False,True,False,24.41242539753596,32.15654329745094,40.54284857710106,1009.8170624124249,False,3.4218562755757937,312.6124706855378,1.477391071831938,1.427046512198023,206.45668769313923,323.8236542881221,64.38069535481232,0.1848836524083422,10345.37302338869,11862.320742429767,50,0.10322408673188155
F1,2022,3,2022-07-15,Synthetic_GP_3,Synthetic_Street,R,CCC,SYN-B,SYN-B,F1,25,92.04865946535774,28.560880786260686,34.092993325998876,29.394785353098186,HARD,Pirelli,11.0,0,1,3,1,False,False,True,False,24.574060073981087,30.97980403278541,41.671735721811565,1011.5566851100793,False,3.6643428917182566,326.3952770049907,1.645420633539498,1.6770353953357082,207.7445281770518,324.7565097904504,66.80751978255721,0.18062932836223877,10418.480211943544,12040.485261741516,48,0.10526383673103754
F1,2022,3,2022-07-15,Synthetic_GP_3,Synthetic_Street,R,CCC,SYN-B,SYN-B,F1,26,92.1806455691791,28.527818531929203,34.114600421579446,29.53822661567046,HARD,Pirelli,12.0,0,1,3,1,False,False,True,False,24.589996608968804,31.050280641612073,42.24420868532196,1011.7293600493102,False,3.2172173060595215,336.15545429275255,1.767019673046416,1.636767206120581,206.28834791421315,321.8921110500546,63.65042163594951,0.17208233290997502,10405.197064309332,11593.064347314315,50,0.11150490478629389
F1,2022,3,2022-07-15,Synthetic_GP_3,Synthetic_Street,R,CCC,SYN-B,SYN-B,F1,27,92.11411972023201,28.502180082886298,34.0859334914627,29.526006145883017,HARD,Pirelli,13.0,0,1,3,1,False,False,True,False,24.793333061233337,30.76984052317945,41.6653829284623,1010.2439530885352,False,3.5255119745859598,8.11094632668835,1.636583566309111,1.5018369577519244,208.66663262030949,325.8625887312912,64.46597469183506,0.1880177398396498,10413.953589910867,11704.088892916463,51,0.11030758710749315
F1,2022,3,2022-07-15,Synthetic_GP_3,Synthetic_Street,R,CCC,SYN-B,SYN-B,F1,28,92.15666795662514,28.570527610881744,34.07793661605028,29.508203729693122,HARD,Pirelli,14.0,0,1,3,1,False,False,True,False,24.73564214029661,30.462151033065368,41.97849316890945,1008.9902396500089,False,3.4053215358985263,39.729383458058805,1.5504858164099842,1.6014807425157902,203.93818558572593,325.36880259937516,62.62105970523004,0.18128594451801547,10112.449623933098,11695.413662515393,47,0.09985866769936949
F1,2022,3,2022-07-15,Synthetic_GP_3,Synthetic_Street,R,DDD,SYN-B,SYN-B,F1,1,91.79551319744135,28.52124020111545,33.95950248871116,29.314770507614746,MEDIUM,Pirelli,1.0,1,1,4,1,False,False,True,False,24.04268404037871,32.84295106806935,42.1540426163422,1012.5175977442267,False,3.5194398108765848,161.08969092550052,1.9614309573282993,1.3129059375130405,206.32478091152942,325.38536615321743,66.31333457102805,0.18643137058381154,10430.524567604967,11697.157465657107,48,0.11320916274632475
F1,2022,3,2022-07-15,Synthetic_GP_3,Synthetic_Street,R,DDD,SYN-B,SYN-B,F1,2,92.07484327364281,28.54705130768086,34.021893820605904,29.50589814535605,MEDIUM,Pirelli,2.0,0,1,4,1,False,False,True,False,24.371123424950703,34.022674970801994,42.9553487046384,1011.4075702471748,False,3.4076567901431485,184.3714393710683,1.986664287826556,1.5116812096004129,207.45674019808666,323.7285586409884,67.55407018336231,0.19589298633678742,10362.205377285738,11973.637470033913,50,0.1446929256731894
F1,2022,3,2022-07-15,Synthetic_GP_3,Synthetic_Street,R,DDD,SYN-B,SYN-B,F1,3,92.10740733137709,28.565700669417676,34.08437881325961,29.457327848699798,MEDIUM,Pirelli,3.0,0,1,4,1,False,False,True,False,25.151906284561502,35.453832269431246,42.8519392401462,1010.8285471768562,False,3.2798242556055177,215.09911559631936,1.8304199428063699,1.3985813942418397,208.40977637783226,324.4585362533928,64.54883145064663,0.17565732951111834,10350.2022870518,11739.266586600854,51,0.13035491613429923
F1,2022,3,2022-07-15,Synthetic_GP_3,Synthetic_Street,R,DDD,SYN-B,SYN-B,F1,4,92.08982341622672,28.568653387920616,34.082901731205915,29.438268297100187,MEDIUM,Pirelli,4.0,0,1,4,1,False,False,True,False,24.958406024606223,36.509521374284766,43.02208528067832,1009.317573230721,False,3.7857997975035707,238.68227888245923,1.8494722104838142,1.3232009754560752,206.24668601297898,320.53045904516,67.0434247188205,0.179781150888472,10413.783172284502,11833.86901890236,51,0.1244984406749648
F1,2022,3,2022-07-15,Synthetic_GP_3,Synthetic_Street,R,DDD,SYN-B,SYN-B,F1,5,92.39663741377716,28.58816625628346,34.20092172303655,29.607549434457148,MEDIUM,Pirelli,5.0,0,1,4,1,False,False,True,False,24.568117381921848,35.724433805093355,40.391497423630874,1009.3133459963773,False,2.945035426011795,234.4760527361174,2.0629798623993807,1.5347275849064173,207.429280373346,324.8906769450283,70.74521020406223,0.18622732760190752,10305.298156070467,11852.41040668497,47,0.08400182553844587
F1,2022,3,2022-07-15,Synthetic_GP_3,Synthetic_Street,R,DDD,SYN-B,SYN-B,F1,6,92.26929823162388,28.596572887385623,34.12760590467981,29.545119439558448,MEDIUM,Pirelli,6.0,0,1,4,1,False,False,True,False,25.29483578009792,35.787729555651204,41.46385132294887,1007.8961192997153,False,3.4954173119210727,266.7441955088938,1.8267004843366492,1.380435314977298,203.92017742671678,327.1774606899132,68.13230841253029,0.1983673669573866,10464.919110067729,11792.76512675012,45,0.0838062050123538
F1,2022,3,2022-07-15,Synthetic_GP_3,Synthetic_Street,R,DDD,SYN-B,SYN-B,F1,7,92.48833296199021,28.66048903720413,34.17998018021438,29.6478637445717,MEDIUM,Pirelli,7.0,0,1,4,1,False,False,True,False,23.961533732625334,36.77494952073883,41.716505158329525,1009.4356174565551,False,3.9113445520788956,296.77383651969024,2.0226445298751106,1.5496732076654496,204.1580095729098,321.5625152857178,65.326218815009,0.17877083533353288,10357.63453210214,11677.944822659174,50,0.11772427559525661
F1,2022,3,2022-07-15,Synthetic_GP_3,Synthetic_Street,R,DDD,SYN-B,SYN-B,F1,8,92.24517852199648,28.58856414715903,34.118049289978195,29.53856508485925,MEDIUM,Pirelli,8.0,0,1,4,1,False,False,True,False,24.245512807117166,37.24445608882471,41.911322502588014,1008.4527916891393,False,3.071393633507269,323.51396501279305,1.726031605852186,1.5261162384630105,204.98503445961305,323.56855217509883,66.58890323974586,0.20128186357274755,10390.757225971643,11858.234129120994,46,0.11101890691342078
F1,2022,3,2022-07-15,Synthetic_GP_3,Synthetic_Street,R,DDD,SYN-B,SYN-B,F1,9,92.4445044445378,28.596437726387016,34.201545305285876,29.646521412864907,HARD,Pirelli,9.0,0,1,4,1,False,False,True,False,24.75968597040603,37.84730380052702,42.34515146276672,1009.5975384182786,False,3.4439108638454825,340.4868816431693,1.7056162892988316,1.4263553160326223,204.44298396375822,321.3736597813884,65.61093180268095,0.17528659465167074,10187.133049485434,11758.6420756429,48,0.09180250892559402
F1,2022,3,2022-07-15,Synthetic_GP_3,Synthetic_Street,R,DDD,SYN-B,SYN-B,F1,10,92.37432003532095,28.6003801932797,34.16112414745294,29.612815694588306,HARD,Pirelli,10.0,0,1,4,1,False,False,True,False,24.60845536493985,37.218390506341315,42.088182786948785,1009.7835884135008,False,3.473822072736658,17.365424075470173,1.8429752781469013,1.2677775594815335,204.36624801309028,326.36457751642837,66.15444465560832,0.17696127470573644,10371.535052106161,11781.652855901799,49,0.13852503737891217
F1,2022,3,2022-07-15,Synthetic_GP_3,Synthetic_Street,R,DDD,SYN-B,SYN-B,F1,11,92.63735219120981,28.71949714346651,34.22535402562461,29.69250102211869,HARD,Pirelli,11.0,0,1,4,1,False,False,True,False,24.947048295790243,37.65595821466406,38.91565289991528,1009.153674842398,False,3.5900479654974404,30.747185830656804,1.7243100129441042,1.29163195830469,205.18618028051998,325.1825326171997,68.47447415361917,0.18757060350934807,10268.389826011326,12055.288294194526,51,0.10917203229107456
F1,2022,3,2022-07-15,Synthetic_GP_3,Synthetic_Street,R,DDD,SYN-B,SYN-B,F1,12,92.37970281866085,28.644087263985067,34.1249948208089,29.610620733866874,HARD,Pirelli,12.0,0,1,4,1,False,False,True,False,25.006199033722627,36.65470905987871,42.483017961434825,1011.4286665408486,False,3.731379618214138,45.02350008174824,1.864692477354552,1.3527132827141504,206.8304907594938,323.67922716889166,69.22083011068996,0.18472505107015522,10410.847570022821,11753.220668494454,48,0.0807629621837889
F1,2022,3,2022-07-15,Synthetic_GP_3,Synthetic_Street,R,DDD,SYN-B,SYN-B,F1,13,92.49287978185703,28.68237503757432,34.24338736118159,29.56711738310112,HARD,Pirelli,13.0,0,1,4,1,False,False,True,False,24.634121486892933,36.95998062402467,41.79049627841178,1010.0212571117747,False,3.5296600045249833,72.31048852634473,1.9515047243627788,1.181785239885322,205.17514273447705,325.5973139271411,63.513994518682146,0.18883509782206875,10407.76972169363,11915.529182783317,46,0.0920742685207318
F1,2022,3,2022-07-15,Synthetic_GP_3,Synthetic_Street,R,DDD,SYN-B,SYN-B,F1,14,92.59623934888819,28.713249506309776,34.2156008231656,29.66738901941281,HARD,Pirelli,14.0,0,1,4,1,False,False,True,False,24.669983841386518,37.598046635461195,42.16751334049395,1010.2354513177153,False,3.532607527932883,96.40725412492111,2.084656917077958,1.3936428289232996,203.88535360009635,322.92048985466727,68.49711984179048,0.1794145769933505,10403.262086935447,11821.04230109957,51,0.0811132533437371
F1,2022,3,2022-07-15,Synthetic_GP_3,Synthetic_Street,R,DDD,SYN-B,SYN-B,F1,15,92.17015290463627,28.555155353122114,34.07275696124261,29.54224059027154,MEDIUM,Pirelli,1.0,1,1,4,1,False,False,True,False,24.743909399903348,37.268759442132975,41.7715207854124,1007.6881847561395,False,3.228022546421429,112.14480924232936,1.6834350472082347,1.3111130267319102,206.83225238914582,321.7316573064549,65.55830196135103,0.1750493958367463,10450.551996267992,11783.57301859457,49,0.1019862307914361
F1,2022,3,2022-07-15,Synthetic_GP_3,Synthetic_Street,R,DDD,SYN-B,SYN-B,F1,16,91.8928335324516,28.479087701375263,34.00827545612026,29.40547037495608,MEDIUM,Pirelli,2.0,0,1,4,1,False,False,True,False,24.90478708426578,36.76493902004147,42.96177498372613,1012.221518832887,False,3.6887272221455625,106.0791512303,1.9362371649955599,1.2937984474768918,204.890378753456,323.4456754307484,65.42606405112303,0.1729985686603787,10473.553064695929,11760.615305276498,51,0.08296744279191365
F1,2022,3,2022-07-15,Synthetic_GP_3,Synthetic_Street,R,DDD,SYN-B,SYN-B,F1,17,92.3267597195705,28.64997226246759,34.134506699592635,29.542280757510284,MEDIUM,Pirelli,3.0,0,1,4,1,False,False,True,False,24.583724823864433,35.72904999650703,40.980746593918425,1011.8664248707717,False,3.830486611039324,145.7729775237604,1.8871569111833715,1.2370008313969496,205.78117124545616,323.3502453874088,70.10726180548328,0.16573794361782185,10480.463081006772,11807.453820283381,46,0.10351463790832055
F1,2022,3,2022-07-15,Synthetic_GP_3,Synthetic_Street,R,DDD,SYN-B,SYN-B,F1,18,91.94914611929099,28.526162802884656,34.02875239349256,29.39423092291377,MEDIUM,Pirelli,4.0,0,1,4,1,False,False,True,False,24.931236166854404,35.432358251024446,42.66346789768649,1010.6378590728146,False,3.2674288720944746,189.00957174709959,2.012555865232791,1.3545438679079633,208.90439768652215,325.0858381870072,66.82973802235279,0.20219661689608115,10318.774727994416,11926.536827363005,48,0.12071916424132714
F1,2022,3,2022-07-15,Synthetic_GP_3,Synthetic_Street,R,DDD,SYN-B,SYN-B,F1,19,92.28619596145008,28.564261402125048,34.19119572904737,29.530738830277656,MEDIUM,Pirelli,5.0,0,1,4,1,False,False,True,False,24.45163737059011,35.18176046528288,42.51944965217446,1010.4850182538842,False,3.149658273302439,187.631577563728,1.914918772998929,1.3994485212329997,205.35372112951987,322.59051444701265,65.41409761139964,0.17948722372274595,10546.148058722742,11920.839026462314,47,0.1188140119039823
F1,2022,3,2022-07-15,Synthetic_GP_3,Synthetic_Street,R,DDD,SYN-B,SYN-B,F1,20,92.35680943792322,28.671561241938903,34.17713740323413,29.508110792750188,MEDIUM,Pirelli,6.0,0,1,4,1,False,False,True,False,24.118764122013722,34.45997383007122,42.718658006496966,1010.5760041151068,False,3.729096218634869,217.3815907446392,1.7341484789653332,1.3103844995771055,207.07227931900476,322.33288768319875,67.21192852518706,0.1721322756258003,10352.91470346216,11711.432559358691,49,0.11076170328676706
F1,2022,3,2022-07-15,Synthetic_GP_3,Synthetic_Street,R,DDD,SYN-B,SYN-B,F1,21,92.31124665106404,28.622172712195017,34.203870418189055,29.485203520679967,MEDIUM,Pirelli,7.0,0,1,4,1,False,False,True,False,24.91541403929307,34.037704467557205,42.87384417180891,1009.85205260482,False,3.5603409591535375,244.54433922949045,1.9389754265201782,1.470689479148757,201.94117857571135,320.9655135318026,66.84782087319151,0.18938992061818222,10352.12008904191,11616.8276773056,46,0.08752580910027177
F1,2022,3,2022-07-15,Synthetic_GP_3,Synthetic_Street,R,DDD,SYN-B,SYN-B,F1,22,92.28143553471249,28.576793704489063,34.1581311557113,29.54651067451212,MEDIUM,Pirelli,8.0,0,1,4,1,False,False,True,False,24.367874138674757,33.75896958352985,43.85767464980211,1009.792440104508,False,3.5546540560795736,258.17385488607215,2.000198559095532,1.263477057002135,208.02673339336692,323.7703902789859,70.76205052354517,0.16671505389888946,10570.22515024123,11925.078915812594,49,0.07394211333939446
F1,2022,3,2022-07-15,Synthetic_GP_3,Synthetic_Street,R,DDD,SYN-B,SYN-B,F1,23,92.30680173917587,28.62094978174527,34.162590088598826,29.523261868831774,HARD,Pirelli,9.0,0,1,4,1,False,False,True,False,24.330274702024617,32.14685739501277,43.045770481304785,1011.8010030256519,False,3.4120266895985454,285.27609508223225,1.8298516649218635,1.525136384046222,205.20583294198764,322.476347600837,64.55653639528165,0.187224997695173,10468.47254706821,11609.525816929543,48,0.08450394107224779
F1,2022,3,2022-07-15,Synthetic_GP_3,Synthetic_Street,R,DDD,SYN-B,SYN-B,F1,24,92.51667143654558,28.679481192959436,34.198100392921546,29.639089850664597,HARD,Pirelli,10.0,0,1,4,1,False,False,True,False,24.858442012078836,31.890518968231657,41.21207641409561,1008.7491233399181,False,3.6073670534221534,305.55315947329234,1.9198635555983123,1.3567701103386594,203.18480173872254,325.0788458493523,66.47362705444455,0.18197755923085554,10451.0276378357,11793.86271948345,47,0.11719985069102666
F1,2022,3,2022-07-15,Synthetic_GP_3,Synthetic_Street,R,DDD,SYN-B,SYN-B,F1,25,92.32169983982844,28.547014237680703,34.14669178643358,29.627993815714163,HARD,Pirelli,11.0,0,1,4,1,False,False,True,False,24.855063618800454,32.15829954652562,41.52135721994761,1009.2493865075422,False,3.0745514322571292,324.05988882840325,1.79448872171489,1.5316422386773847,206.28281669387866,325.89394781832374,65.6067565381046,0.19383892651946233,10576.722926712715,11693.05894763815,50,0.0924516482485754
F1,2022,3,2022-07-15,Synthetic_GP_3,Synthetic_Street,R,DDD,SYN-B,SYN-B,F1,26,92.45952975184673,28.67054449612515,34.20376679240015,29.585218463321432,HARD,Pirelli,12.0,0,1,4,1,False,False,True,False,24.28894543176728,31.130429596267856,42.13579401918171,1008.7376038658141,False,3.185704869933627,352.4002189106127,2.0022491160082163,1.3251752891409105,207.36317670945908,323.53847616554293,66.16874504839878,0.18180427719236106,10399.828058202493,11726.934240896393,45,0.09964591758190491
F1,2022,3,2022-07-15,Synthetic_GP_3,Synthetic_Street,R,DDD,SYN-B,SYN-B,F1,27,92.3391628966707,28.63186699205542,34.169571540578474,29.537724364036805,HARD,Pirelli,13.0,0,1,4,1,False,False,True,False,24.5824586443978,31.02166442204327,40.8859084565468,1010.0918763945155,False,3.335715740190438,8.837758443125608,1.7674284466592745,1.065856452270118,204.5292170852396,322.97272742154297,62.77382788667357,0.17092949103275432,10248.283247308193,11866.629236725443,49,0.11622160950503758
F1,2022,3,2022-07-15,Synthetic_GP_3,Synthetic_Street,R,DDD,SYN-B,SYN-B,F1,28,92.48379766003009,28.72572651950715,34.227940774092275,29.53013036643067,HARD,Pirelli,14.0,0,1,4,1,False,False,True,False,24.239020226049565,30.145430000102856,40.45715324475888,1009.8507740970324,False,3.6230198799007227,39.323115816791415,1.9128595585566341,1.3171773015256434,205.32412094608839,321.2535974873529,70.02744361895773,0.16157306167829752,10435.35960133457,11845.989151388334,46,0.11333229402296141
F1,2023,1,2023-03-15,Synthetic_GP_1,Synthetic_Ring,R,AAA,SYN-A,SYN-A,F1,1,88.03248820750427,27.273770603320873,32.592739723709975,28.165977880473427,MEDIUM,Pirelli,1.0,1,1,1,1,False,False,True,False,22.946850403299788,31.096375499420798,45.55209685679854,1010.6682748999358,False,2.2344385639511666,91.71742527462116,0.9393770242298325,2.1430334816784002,208.7710343491279,323.1436356465941,66.48469729932113,0.17021765231427993,10299.303673884046,11714.367158739391,45,0.12487678636370948
F1,2023,1,2023-03-15,Synthetic_GP_1,Synthetic_Ring,R,AAA,SYN-A,SYN-A,F1,2,88.04649742609038,27.27426173132601,32.530462557717726,28.24177313704665,MEDIUM,Pirelli,2.0,0,1,1,1,False,False,True,False,22.848854483600455,32.664820031043256,46.080537753551816,1010.7849566461595,False,2.094936630273051,96.24031433790881,0.9188191859174513,1.9311819575792022,207.61866212639086,327.6097908300831,66.31789450362837,0.1766912851437546,10485.979261758132,11722.656499639175,47,0.1413442585932027
F1,2023,1,2023-03-15,Synthetic_GP_1,Synthetic_Ring,R,AAA,SYN-A,SYN-A,F1,3,87.9931881493244,27.255329218781984,32.56387873525791,28.173980195284507,MEDIUM,Pirelli,3.0,0,1,1,1,False,False,True,False,22.603462558629968,31.88601446568062,45.84372806966529,1011.4600032171801,False,2.3041696528098354,147.0826958936832,1.0315521710317639,2.316934159405436,211.31104841781618,321.99769775139004,66.29114456227951,0.18823547852436967,10355.010857517977,11767.60185463706,51,0.09649373947086765
F1,2023,1,2023-03-15,Synthetic_GP_1,Synthetic_Ring,R,AAA,SYN-A,SYN-A,F1,4,88.57588723935824,27.50817277491931,32.804919710892925,28.262794753546004,MEDIUM,Pirelli,4.0,0,1,1,1,False,False,True,False,22.823592640619182,32.58357101030111,44.42021748297885,1009.0605905789504,False,2.5854562220063144,145.00454673145947,1.1177958218821034,2.1137835120428674,207.79975638359218,324.02885316663316,64.47807518452183,0.1901814227336128,10290.604205889333,11806.123394026006,46,0.07460470778696732
F1,2023,1,2023-03-15,Synthetic_GP_1,Synthetic_Ring,R,AAA,SYN-A,SYN-A,F1,5,88.34331870117498,27.42207406934883,32.61332694968262,28.307917682143525,MEDIUM,Pirelli,5.0,0,1,1,1,False,False,True,False,23.135733771439252,33.27080606404961,45.50407451825641,1010.6825352952486,False,2.376817296153351,185.90226295775506,0.8411639040705068,1.9656341083094464,209.88138718408698,324.6477098221743,63.772040015930685,0.17314781277992414,10470.760716842959,11761.760104937815,45,0.0916686620776831
F1,2023,1,2023-03-15,Synthetic_GP_1,Synthetic_Ring,R,AAA,SYN-A,SYN-A,F1,6,88.42803439098351,27.38404021137211,32.758397628137956,28.285596551473446,MEDIUM,Pirelli,6.0,0,1,1,1,False,False,True,False,23.307657200117468,34.145700177263755,46.27128469880453,1012.7197685827105,False,1.9404877861949852,206.76701658795483,0.9316615035235206,2.251404831601671,206.0836861073616,322.80443991795016,63.24336630960208,0.18040975334702913,10435.965404886241,11848.56571558163,47,0.13005182082292027
F1,2023,1,2023-03-15,Synthetic_GP_1,Synthetic_Ring,R,AAA,SYN-A,SYN-A,F1,7,88.34862042962371,27.408831886457744,32.71122650636877,28.228562036797193,MEDIUM,Pirelli,7.0,0,1,1,1,False,False,True,False,23.130865098388465,33.89223843573123,46.67956330653061,1007.9184354137161,False,2.4188196050406416,216.1073741922671,1.1178812239866092,1.9398526087740087,207.76545963364933,323.20764969618426,64.28589317623356,0.16197252350075755,10408.88204019032,11775.526248445258,51,0.15412087554107728
F1,2023,1,2023-03-15,Synthetic_GP_1,Synthetic_Ring,R,AAA,SYN-A,SYN-A,F1,8,88.77412460107445,27.507397524796875,32.84398300604796,28.42274407022962,MEDIUM,Pirelli,8.0,0,1,1,1,False,False,True,False,23.28954746422246,34.517876716446665,46.98452432118493,1009.7172326035479,False,2.355850053364234,238.65163763883896,0.9342891904115467,2.168908317770245,206.8650777735826,325.3878475318216,65.14518461559463,0.16570418342176585,10399.265150288475,11646.362944559649,50,0.0961498694361642
F1,2023,1,2023-03-15,Synthetic_GP_1,Synthetic_Ring,R,AAA,SYN-A,SYN-A,F1,9,88.12773979724562,27.297178501739868,32.65106043720167,28.17950085830409,HARD,Pirelli,9.0,0,1,1,1,False,False,True,False,23.676154787951745,35.422891654068394,46.31817922759815,1007.85538302051,False,2.2209661228408795,273.7617157564281,0.8288734438922377,2.1794947039836576,210.9971901100709,322.7931482870258,64.70655575268881,0.1835430045991512,10318.43534750887,11603.165446766501,48,0.09598191129150846
F1,2023,1,2023-03-15,Synthetic_GP_1,Synthetic_Ring,R,AAA,SYN-A,SYN-A,F1,10,88.43039560005562,27.444002654655865,32.706032399231994,28.280360546167763,HARD,Pirelli,10.0,0,1,1,1,False,False,True,False,22.585101074360246,34.43248868484075,46.192671904440395,1006.9765442393177,False,2.2857654988109912,294.52077288000385,0.885087448857485,2.1660740845962017,207.69862833490032,328.96844361618196,63.39750575444735,0.16911779569012136,10436.462292115704,11841.92402922546,51,0.09541483717549704
F1,2023,1,2023-03-15,Synthetic_GP_1,Synthetic_Ring,R,AAA,SYN-A,SYN-A,F1,11,88.49760472086156,27.424863966137547,32.75596620949778,28.31677454522623,HARD,Pirelli,11.0,0,1,1,1,False,False,True,False,22.50348581260977,35.01138329435528,45.6481954577943,1010.644653338322,False,2.710204631603841,324.5650946800649,0.9198120836062836,2.129994165105862,210.05914956654894,324.8162851979314,64.4723406114356,0.16616220265010523,10458.778793443093,11830.99865006098,51,0.11068403386256309
F1,2023,1,2023-03-15,Synthetic_GP_1,Synthetic_Ring,R,AAA,SYN-A,SYN-A,F1,12,88.48285175121352,27.46136052819955,32.70047603142895,28.32101519158502,HARD,Pirelli,12.0,0,1,1,1,False,False,True,False,22.853462579757824,34.61141460766029,44.92304340794514,1009.043344569746,False,2.2512198796143537,329.10911878299095,1.1428737266524636,2.120965728152666,208.39921679075098,322.155619280925,67.51978138964074,0.18016167088600793,10331.973298562983,11947.715895004409,51,0.12315338232609961
F1,2023,1,2023-03-15,Synthetic_GP_1,Synthetic_Ring,R,AAA,SYN-A,SYN-A,F1,13,88.70779868914767,27.500172256304797,32.8406395146478,28.366986918195074,HARD,Pirelli,13.0,0,1,1,1,False,False,True,False,23.330573477141208,35.672653193910335,46.72265691439919,1008.9024713105385,False,2.5208653040412914,346.99051214819474,0.8954081845789752,2.165011493840665,207.56728829112456,325.4789471390908,65.33817637453426,0.1840729330840051,10573.048846253017,11712.6497183903,49,0.08687923166213771
F1,2023,1,2023-03-15,Synthetic_GP_1,Synthetic_Ring,R,AAA,SYN-A,SYN-A,F1,14,88.77667065504367,27.510705913872997,32.83347941743612,28.432485323734554,HARD,Pirelli,14.0,0,1,1,1,False,False,True,False,23.065303981539802,35.201445984926174,45.49844594621647,1008.1015067068636,False,2.0780451674483302,16.232856161994732,1.0011233539296112,2.1553813890412226,208.26664151288347,321.3712834665685,64.27287959126646,0.18206441934776998,10382.027175104084,11772.642755924213,48,0.11333361781310261
F1,2023,1,2023-03-15,Synthetic_GP_1,Synthetic_Ring,R,AAA,SYN-A,SYN-A,F1,15,88.32249802547584,27.353630347151057,32.71079300843882,28.258074669885964,MEDIUM,Pirelli,1.0,1,1,1,1,False,False,True,False,22.712656951266474,34.45415547182075,45.29960582807407,1009.90013472718,False,2.601848334281384,48.60308282132337,1.0448264038507447,2.1787387592606877,210.26391197406414,326.4763506208276,63.83569853873801,0.1856134132176735,10377.483619404653,11776.039326841175,45,0.12555485898515772
F1,2023,1,2023-03-15,Synthetic_GP_1,Synthetic_Ring,R,AAA,SYN-A,SYN-A,F1,16,88.16575074687742,27.33524241623885,32.63033789233789,28.20017043830068,MEDIUM,Pirelli,2.0,0,1,1,1,False,False,True,False,22.905716823827902,33.500443217915695,46.19240021975505,1010.0064843069065,False,2.141602429205635,68.58819367927651,0.9614403535298199,2.2691248182540207,212.45461479983925,321.94366394693145,64.8979002671986,0.16595294921791018,10535.12470687136,11823.859421895086,51,0.11871888967297188
F1,2023,1,2023-03-15,Synthetic_GP_1,Synthetic_Ring,R,AAA,SYN-A,SYN-A,F1,17,88.25817056603789,27.407587818381888,32.63208386773337,28.218498879922635,MEDIUM,Pirelli,3.0,0,1,1,1,False,False,True,False,22.95076442279212,33.683464118870845,45.19271460804201,1008.4418402816564,False,2.299344604534347,87.18194659146104,1.1334954986891583,1.97516274250514,208.6806853371314,324.4697795033896,68.78883421894122,0.17833089007949876,10489.571838296737,11586.780109102212,48,0.07664198944027184
F1,2023,1,2023-03-15,Synthetic_GP_1,Synthetic_Ring,R,AAA,SYN-A,SYN-A,F1,18,88.22774854219443,27.334591603836046,32.59986220664568,28.293294731712706,MEDIUM,Pirelli,4.0,0,1,1,1,False,False,True,False,22.994457626430787,33.23032170587529,45.21226765033159,1013.103307941046,False,2.726768794706471,108.59645582516231,0.9271109585058754,2.1389877019569186,209.2541104121996,321.8634290731669,67.53707716094492,0.18409129840326652,10366.692084753053,11621.1731072118,47,0.09933075126476223
F1,2023,1,2023-03-15,Synthetic_GP_1,Synthetic_Ring,R,AAA,SYN-A,SYN-A,F1,19,88.41532875684845,27.417493798123118,32.69577223843623,28.302062720289108,MEDIUM,Pirelli,5.0,0,1,1,1,False,False,True,False,22.92005692285068,33.23808447824885,46.59648383936654,1010.3927108907236,False,2.3749825987843107,113.04140531781553,0.9389675610451406,2.131745305734196,208.23207857085646,322.548824491525,61.29116992402735,0.17833319318235688,10320.162445722039,11714.882243832792,47,0.0998687612457027
F1,2023,1,2023-03-15,Synthetic_GP_1,Synthetic_Ring,R,AAA,SYN-A,SYN-A,F1,20,88.52774861202609,27.435253390626254,32.730664843165954,28.361830378233876,MEDIUM,Pirelli,6.0,0,1,1,1,False,False,True,False,23.317177938629555,32.37746748712248,46.11818098553891,1010.7129334457877,False,2.1116853160718296,144.031596946693,1.0234101565918707,2.1616445988966704,208.20184455440366,321.32621963998054,65.41406297631214,0.17729594060624418,10394.441735943641,11590.756874734481,49,0.10490934655996194
F1,2023,1,2023-03-15,Synthetic_GP_1,Synthetic_Ring,R,AAA,SYN-A,SYN-A,F1,21,88.38341390539519,27.426719994052505,32.69532835930244,28.261365552040246,MEDIUM,Pirelli,7.0,0,1,1,1,False,False,True,False,23.406021040343873,30.89109495833029,47.517751835262075,1008.633296204867,False,2.910301925162413,178.243516163879,0.9400497662471956,2.144088437267529,209.82410795586316,326.4670531042275,65.91389209331206,0.2020968869373046,10751.803421599854,11671.479100642377,48,0.09082779461727782
F1,2023,1,2023-03-15,Synthetic_GP_1,Synthetic_Ring,R,AAA,SYN-A,SYN-A,F1,22,88.54531094960146,27.448637844143775,32.76479378504264,28.33187932041504,MEDIUM,Pirelli,8.0,0,1,1,1,False,False,True,False,22.836411166076196,30.917506238387347,45.91668409172797,1010.8269848339446,False,2.734160510604969,201.2927474224639,0.998942346881081,2.148145879563867,208.46295149534765,320.3799132228642,67.53737772001165,0.19712308440747509,10421.620966092036,11658.743009875725,47,0.13641764152168373
F1,2023,1,2023-03-15,Synthetic_GP_1,Synthetic_Ring,R,AAA,SYN-A,SYN-A,F1,23,88.55114109510801,27.46885989485203,32.76720806709897,28.315073133157007,HARD,Pirelli,9.0,0,1,1,1,False,False,True,False,22.10897191784473,30.255360110260728,45.769759080135096,1008.3269148294191,False,2.646158509246953,218.9251733527176,1.0164036712209634,2.1656551461411984,205.32369047960597,320.9413568374206,64.76298590595414,0.1845181806089132,10152.698645576533,11606.131041691186,50,0.11473172981518681
F1,2023,1,2023-03-15,Synthetic_GP_1,Synthetic_Ring,R,AAA,SYN-A,SYN-A,F1,24,88.3910058451813,27.408683658884907,32.723337181679895,28.25898500461649,HARD,Pirelli,10.0,0,1,1,1,False,False,True,False,22.3152786906277,29.62439027009977,46.010165667142566,1011.2093884985486,False,2.1682000125360275,243.07507866117112,1.1218159741654414,2.1380258394002887,208.11567942191584,325.60764439945984,64.7351166876909,0.18894456340270807,10433.057552441463,11701.134185029836,51,0.10820889234364651
F1,2023,1,2023-03-15,Synthetic_GP_1,Synthetic_Ring,R,AAA,SYN-A,SYN-A,F1,25,88.46168764926406,27.37917764131533,32.73364951820172,28.34886048974701,HARD,Pirelli,11.0,0,1,1,1,False,False,True,False,22.832419786534835,29.064827351450525,46.074061799743355,1011.185740810017,False,2.7598426273823473,257.3918784017359,1.0458532448057716,2.046725977968736,210.32931633194642,321.0469949428951,65.79149528886276,0.16663756842673583,10239.698351991807,11892.177623092191,48,0.14533932926576576
F1,2023,1,2023-03-15,Synthetic_GP_1,Synthetic_Ring,R,AAA,SYN-A,SYN-A,F1,26,88.47421655680323,27.422024360152356,32.72170500988778,28.330487186763094,HARD,Pirelli,12.0,0,1,1,1,False,False,True,False,23.12436939609191,28.119276336755068,44.82845638048249,1012.2245667625041,False,2.5403717307968448,273.6685757561323,0.9403021605450652,2.186454016348574,209.32642552668773,323.1446671749992,65.91750680347376,0.2016043999670234,10119.024743938224,11731.42322905037,50,0.07390478032849701
F1,2023,1,2023-03-15,Synthetic_GP_1,Synthetic_Ring,R,AAA,SYN-A,SYN-A,F1,27,88.69044393707098,27.48060173063682,32.82935622699938,28.38048597943478,HARD,Pirelli,13.0,0,1,1,1,False,False,True,False,22.928451494563316,28.21485808500128,49.76317667651695,1010.2400422082889,False,2.5828914595144474,318.13471726074454,1.0195302474734003,2.148644820404393,210.180898933788,319.99615625725426,64.36725730349077,0.1832172051583889,10468.733589397194,11707.792346515209,48,0.10732406071042096
F1,2023,1,2023-03-15,Synthetic_GP_1,Synthetic_Ring,R,AAA,SYN-A,SYN-A,F1,28,88.39896747268422,27.412848234353348,32.659810676662396,28.326308561668476,HARD,Pirelli,14.0,0,1,1,1,False,False,True,False,23.20240268139563,27.89166571707326,46.09291445588955,1008.9964437729471,False,2.537939131833019,314.68103456809024,0.9180799422870123,2.162774010104355,209.26452492062595,321.6288273846392,64.26832553452282,0.1731507029646722,10405.393426299297,12070.93002021902,45,0.06763271751719496
F1,2023,1,2023-03-15,Synthetic_GP_1,Synthetic_Ring,R,BBB,SYN-A,SYN-A,F1,1,88.43812648449324,27.38277397565579,32.71972552531543,28.335626983522012,MEDIUM,Pirelli,1.0,1,1,2,1,False,False,True,False,22.922964935461675,31.551421323412278,46.92701243157447,1008.338261244856,False,2.40363954988614,72.23712305133687,1.2486084694834512,1.9330023580381548,206.65990064069433,324.630474153459,64.76812802830521,0.1847602533259453,10348.93687731307,11808.80662645732,45,0.12183840810964512
F1,2023,1,2023-03-15,Synthetic_GP_1,Synthetic_Ring,R,BBB,SYN-A,SYN-A,F1,2,88.5573643714248,27.43825446767429,32.788001013609005,28.3311088901415,MEDIUM,Pirelli,2.0,0,1,2,1,False,False,True,False,22.95322344312348,31.809616357283744,46.191345471242336,1011.7797985558396,False,2.516070439834077,107.45853619783136,1.0802852311075457,2.051022761419243,208.51408121437663,322.52099304014524,63.49685757115908,0.18100137105829392,10687.868478714396,11847.402887575374,45,0.08495605451126356
F1,2023,1,2023-03-15,Synthetic_GP_1,Synthetic_Ring,R,BBB,SYN-A,SYN-A,F1,3,88.68653311974028,27.483234339400795,32.852280348299686,28.351018432039794,MEDIUM,Pirelli,3.0,0,1,2,1,False,False,True,False,23.389364998228732,32.41793053637249,44.57598539333848,1008.7575495701999,False,2.4478874039755527,133.42421086919904,1.3967690593992486,1.9088450460654318,206.67921326273168,319.50543605243496,67.21056327097251,0.1860827598987004,10316.7517811318,11818.807289878885,45,0.09972229110003575
F1,2023,1,2023-03-15,Synthetic_GP_1,Synthetic_Ring,R,BBB,SYN-A,SYN-A,F1,4,88.2396246391031,27.355551934580344,32.64517257800887,28.238900126513883,MEDIUM,Pirelli,4.0,0,1,2,1,False,False,True,False,22.79064387597661,32.85729601077746,45.69881898847195,1011.2212077856934,False,2.162027875829067,157.40783885844465,1.4890499316886017,1.9783125216510702,207.93013726526772,320.22121104401106,68.46309076981551,0.18184061949305774,10388.883909300364,11737.555778520345,48,0.10919863281211298
F1,2023,1,2023-03-15,Synthetic_GP_1,Synthetic_Ring,R,BBB,SYN-A,SYN-A,F1,5,88.61077804051718,27.523901729851715,32.75347967371865,28.33339663694681,MEDIUM,Pirelli,5.0,0,1,2,1,False,False,True,False,23.15205559088191,34.292906964938354,45.555388742924684,1009.3757149301575,False,2.3253575528864467,176.4254740712397,1.2218775746882315,1.886081510594813,207.9829511590487,324.02561428863885,63.11928869283823,0.16938404938588375,10549.600418281194,11828.049262564924,48,0.0993719659905546
F1,2023,1,2023-03-15,Synthetic_GP_1,Synthetic_Ring,R,BBB,SYN-A,SYN-A,F1,6,88.70686170438243,27.467457258384787,32.85193982066825,28.3874646253294,MEDIUM,Pirelli,6.0,0,1,2,1,False,False,True,False,23.126183432798392,33.81821746461159,45.47289044501671,1008.6658547579576,False,2.2163951576448095,201.7278571852051,1.297305511346212,1.842434464300182,208.64438822663402,324.18716562655794,67.25201387783405,0.16675418486524118,10221.977605479995,11898.542399316964,49,0.11155806795211835
F1,2023,1,2023-03-15,Synthetic_GP_1,Synthetic_Ring,R,BBB,SYN-A,SYN-A,F1,7,88.53784422348622,27.467321154920505,32.797801273853835,28.272721794711877,MEDIUM,Pirelli,7.0,0,1,2,1,False,False,True,False,23.088973128919417,34.5554256915182,47.482626661859115,1010.547109678857,False,2.1927182370709173,232.35752944612835,1.2691494039266737,1.8178444563231229,206.2244247985826,323.016269630649,63.850610228411334,0.17012560849853592,10480.14643682124,11880.201164477701,50,0.08052905736205405
F1,2023,1,2023-03-15,Synthetic_GP_1,Synthetic_Ring,R,BBB,SYN-A,SYN-A,F1,8,88.76238702425418,27.48684579644519,32.88857559747837,28.386965630330614,MEDIUM,Pirelli,8.0,0,1,2,1,False,False,True,False,23.315917248094397,35.76753856587904,46.32153970625994,1010.5310300132314,False,2.2368903617284466,241.1207497914395,1.1949394718466926,1.7569608400677876,207.58201453171947,321.3746732460979,66.47748463327268,0.17703874274780923,10358.495375454973,11827.700523135598,49,0.11376365157632962
F1,2023,1,2023-03-15,Synthetic_GP_1,Synthetic_Ring,R,BBB,SYN-A,SYN-A,F1,9,88.53245266770793,27.44548409721891,32.745417454649974,28.341551115839046,HARD,Pirelli,9.0,0,1,2,1,False,False,True,False,22.931533660965354,35.553281441708634,44.96703089226827,1010.3288041439454,False,2.4886015221694633,279.27007111542144,1.216764452778247,1.8241543383775782,208.8977220834872,324.7865092121061,68.08908499635365,0.1887464594847743,10506.021597311481,11763.88125101501,51,0.12761854963810199
F1,2023,1,2023-03-15,Synthetic_GP_1,Synthetic_Ring,R,BBB,SYN-A,SYN-A,F1,10,88.46539031022584,27.44036806436975,32.709510932679564,28.31551131317653,HARD,Pirelli,10.0,0,1,2,1,False,False,True,False,22.972941798124612,34.36631632823575,44.14050338476811,1009.5706231847272,False,2.3984209449410407,284.1799788430249,1.2243476382610479,1.9864856911329125,208.0272234993951,321.96342384428056,66.32133287673099,0.1668378119196042,10335.295147492641,11764.945854932968,45,0.10331599021425526
F1,2023,1,2023-03-15,Synthetic_GP_1,Synthetic_Ring,R,BBB,SYN-A,SYN-A,F1,11,88.62306009831684,27.546908407183857,32.83710228697,28.239049404162984,HARD,Pirelli,11.0,0,1,2,1,False,False,True,False,23.03247145357827,34.69668946504412,47.4986806267678,1010.9894316336888,False,2.459323611397234,310.6468504507124,1.22707063300247,1.8317956557313413,208.7600562124283,323.3496869218331,66.17100719199114,0.1712746983040628,10296.38021153785,11847.440883266941,51,0.06800345958885187
F1,2023,1,2023-03-15,Synthetic_GP_1,Synthetic_Ring,R,BBB,SYN-A,SYN-A,F1,12,88.83644927932828,27.50555932510939,32.83172103858167,28.49916891563722,HARD,Pirelli,12.0,0,1,2,1,False,False,True,False,23.364877300860336,34.9884720675115,45.33560147463853,1013.4409044203128,False,2.5511107809165754,322.33379388038014,1.2369954898134001,1.7231123309634073,206.62138753462472,323.84411312219606,66.38806386536034,0.19595374250349212,10234.296089294521,11640.623838029489,46,0.10320382783975253
F1,2023,1,2023-03-15,Synthetic_GP_1,Synthetic_Ring,R,BBB,SYN-A,SYN-A,F1,13,88.73930005826449,27.532970965816254,32.84663341646093,28.359695675987304,HARD,Pirelli,13.0,0,1,2,1,False,False,True,False,23.095928774852634,35.00747862225324,47.03327842981565,1008.4531242365009,False,2.126193420386517,349.28529110061663,1.3835064334948668,1.9400917982840649,206.85739353505292,328.2603666306146,65.59130822054314,0.1956195848525373,10241.948521105796,11743.720339386848,46,0.1003143416920314
F1,2023,1,2023-03-15,Synthetic_GP_1,Synthetic_Ring,R,BBB,SYN-A,SYN-A,F1,14,88.77765205975022,27.52013609550019,32.89016544062371,28.36735052362632,HARD,Pirelli,14.0,0,1,2,1,False,False,True,False,22.83126757435268,34.192939106423175,45.91680577897815,1010.18300890243,False,2.3822972238698363,22.937591755451365,1.2951639743308174,1.8531794935134311,207.7880934052623,324.0646277147198,64.36939524523518,0.1909240678242356,10596.346479608246,11910.091094923735,48,0.09977736121421339
F1,2023,1,2023-03-15,Synthetic_GP_1,Synthetic_Ring,R,BBB,SYN-A,SYN-A,F1,15,88.24258575848069,27.399024111545536,32.62919231476434,28.21436933217081,MEDIUM,Pirelli,1.0,1,1,2,1,False,False,True,False,22.86277483225048,33.56819199428005,46.121302135334474,1011.2861072553782,False,2.6954896389943155,38.33585354263954,1.1668001874856926,1.8743467878533044,211.03177640893722,321.84994715256505,64.08335455531187,0.16158209701173581,10196.66497187968,11837.693380286997,48,0.11476813343006873
F1,2023,1,2023-03-15,Synthetic_GP_1,Synthetic_Ring,R,BBB,SYN-A,SYN-A,F1,16,88.39647802547627,27.40636643566355,32.6784039397603,28.31170765005242,MEDIUM,Pirelli,2.0,0,1,2,1,False,False,True,False,22.89704222632799,33.485379991177474,45.70477606529382,1010.9298910270364,False,2.1143697907959362,48.73869555166988,1.4764858386985833,1.7601235349733293,208.7014253376349,324.1501538750963,70.09220935416595,0.1803565811399685,10583.085544515758,11543.735415242007,46,0.1378088568445617
F1,2023,1,2023-03-15,Synthetic_GP_1,Synthetic_Ring,R,BBB,SYN-A,SYN-A,F1,17,88.56983489649349,27.454896191088288,32.74797056430338,28.36696814110182,MEDIUM,Pirelli,3.0,0,1,2,1,False,False,True,False,22.439631769172443,33.59686648127134,46.73476682239771,1009.9051012565645,False,2.7498066180688645,93.24113147060945,1.3368723791556136,1.7999075132385927,207.4790920149498,323.0369486632936,67.66087210122636,0.18289714291524184,10688.60553160456,12008.624679595147,50,0.09828208928169022
F1,2023,1,2023-03-15,Synthetic_GP_1,Synthetic_Ring,R,BBB,SYN-A,SYN-A,F1,18,88.40685486127538,27.428819324981273,32.6992008567246,28.2788346795695,MEDIUM,Pirelli,4.0,0,1,2,1,False,False,True,False,22.648562718516462,32.50247273928562,46.50642206679727,1011.3084061255811,False,2.2493123610403107,97.54774252333675,1.3433994000874945,1.8918606596538659,208.28281594752673,324.8030218622925,63.95399062559046,0.1818229605839609,10315.277963462715,11897.905099722833,46,0.1254406473755239
F1,2023,1,2023-03-15,Synthetic_GP_1,Synthetic_Ring,R,BBB,SYN-A,SYN-A,F1,19,88.38517415110097,27.36554771742533,32.6926594220876,28.32696701158804,MEDIUM,Pirelli,5.0,0,1,2,1,False,False,True,False,23.385488392896498,32.13016698974852,44.82289716044802,1008.9083187047169,False,2.780076840775807,129.37800292880758,1.3524167863982022,1.7093554323863585,208.85985784203655,322.9268714218371,65.94263078440522,0.1612995125147705,10435.733858624957,11672.784259679433,47,0.1288213072867777
F1,2023,1,2023-03-15,Synthetic_GP_1,Synthetic_Ring,R,BBB,SYN-A,SYN-A,F1,20,88.75383432258378,27.545071541622193,32.877113026055895,28.331649754905698,MEDIUM,Pirelli,6.0,0,1,2,1,False,False,True,False,22.923586469495977,31.8057467169309,46.86016918980897,1009.1324596757568,False,2.372919415497689,161.36300497337686,1.360846084794877,1.9423240795222858,207.93732813348782,323.4105725996724,65.45718840438832,0.1642516901107241,10482.684264910184,11831.65391261617,46,0.08374311070296646
F1,2023,1,2023-03-15,Synthetic_GP_1,Synthetic_Ring,R,BBB,SYN-A,SYN-A,F1,21,88.41254904245385,27.39807369709941,32.7260733407665,28.288402004587944,MEDIUM,Pirelli,7.0,0,1,2,1,False,False,True,False,23.20460400558659,31.598466437114226,45.862242965555794,1012.0408180410619,False,2.685581829925535,177.70902098824536,1.1077871589085098,1.8404384501208417,210.14038948851257,324.35166087884096,68.35503505924777,0.1963475439592835,10276.149335091297,11760.192975668233,51,0.12554284522346398
F1,2023,1,2023-03-15,Synthetic_GP_1,Synthetic_Ring,R,BBB,SYN-A,SYN-A,F1,22,88.5640110686681,27.47612021311873,32.725791333626404,28.362099521922957,MEDIUM,Pirelli,8.0,0,1,2,1,False,False,True,False,23.341492931558783,30.326357832324653,46.894161552440245,1009.7996271564427,False,2.612700891411741,176.60675758118555,1.3848397804471226,1.8748555133801634,207.82309543537852,323.48104328706177,65.06896775423601,0.17974604919065174,10378.761469422625,11868.84191719381,50,0.10583940509941364
F1,2023,1,2023-03-15,Synthetic_GP_1,Synthetic_Ring,R,BBB,SYN-A,SYN-A,F1,23,88.55548269061298,27.476591529980997,32.8088670909253,28.270024069706686,HARD,Pirelli,9.0,0,1,2,1,False,False,True,False,22.48748041495555,30.920548984355015,47.15484491677118,1010.0712972120541,False,2.4501991088727944,224.66748788248458,1.2800476317431868,1.867414310301367,207.38973518298891,319.73647765495633,65.5981111863533,0.17721909600969796,10294.862933064158,11777.575476214231,46,0.13698522768294494
F1,2023,1,2023-03-15,Synthetic_GP_1,Synthetic_Ring,R,BBB,SYN-A,SYN-A,F1,24,88.33815296124793,27.390539993571508,32.66328796228706,28.284325005389363,HARD,Pirelli,10.0,0,1,2,1,False,False,True,False,23.548755841677455,30.07250403346002,45.104128269993915,1010.3263914657484,False,2.2036275859368275,239.96976601411734,1.3011729275457709,2.0305900171207076,208.58203097522124,324.1811433311927,63.379403353641585,0.1893425670319826,10223.528759811652,11805.100459110918,50,0.08466240935588878
F1,2023,1,2023-03-15,Synthetic_GP_1,Synthetic_Ring,R,BBB,SYN-A,SYN-A,F1,25,88.55044959106607,27.4922876362372,32.72763006352073,28.33053189130814,HARD,Pirelli,11.0,0,1,2,1,False,False,True,False,23.378976436190495,28.906706844819603,45.414514243601744,1010.80363246675,False,2.3320526579813534,255.27256389208662,1.1386888479682509,1.8101089714659402,206.39076961437374,325.16021715071344,65.92613102466453,0.17487359610744227,10303.729496637465,11705.50053842813,46,0.11188272438953174
F1,2023,1,2023-03-15,Synthetic_GP_1,Synthetic_Ring,R,BBB,SYN-A,SYN-A,F1,26,88.38845558549306,27.386082321378478,32.69274852184874,28.30962474226584,HARD,Pirelli,12.0,0,1,2,1,False,False,True,False,23.27388255098539,29.426339200654795,45.39933017800969,1008.4558121063609,False,2.30870843612842,287.15019526789706,1.3296396209675225,1.6817903174742326,207.21175127142752,321.0957925225408,64.61965603937765,0.1802973170503459,10217.210510901501,11902.031237842046,45,0.10284301116157209
F1,2023,1,2023-03-15,Synthetic_GP_1,Synthetic_Ring,R,BBB,SYN-A,SYN-A,F1,27,88.68785620928747,27.488196412122587,32.842164651258024,28.35749514590686,HARD,Pirelli,13.0,0,1,2,1,False,False,True,False,22.876046046899898,28.220198713214845,45.279000466876006,1010.838953617695,False,2.2436870133343274,312.6025810532516,1.295919945660794,1.7558878528118995,206.58372125413808,324.3704117124311,62.92103758786622,0.18576370852280938,10277.97365295876,11833.600568446447,51,0.1198227359915626
F1,2023,1,2023-03-15,Synthetic_GP_1,Synthetic_Ring,R,BBB,SYN-A,SYN-A,F1,28,88.69503479784943,27.50911241270052,32.762776697026396,28.423145688122517,HARD,Pirelli,14.0,0,1,2,1,False,False,True,False,22.97044516950815,27.641285201397885,45.56673668531507,1010.633133413856,False,2.1931322368819868,316.69607948210387,1.3030136923492202,1.7434199758912743,207.47931444565037,324.8789793920371,63.44578656467579,0.1855665201610106,10594.181786951804,11590.9548713175,49,0.11339782281196663
F1,2023,1,2023-03-15,Synthetic_GP_1,Synthetic_Ring,R,CCC,SYN-B,SYN-B,F1,1,88.64434644243363,27.4929560263464,32.7761374210227,28.37525299506453,MEDIUM,Pirelli,1.0,1,1,3,1,False,False,True,False,23.041365053954912,31.68170415529391,45.159837427541646,1009.1688660930781,False,2.4018330243516166,80.31844571008398,1.5901780754385297,1.5969249108128634,206.40480614156027,322.61375987976066,65.95181667975879,0.16620908741469065,10039.510006514432,11851.303889418592,45,0.08031241212590923
F1,2023,1,2023-03-15,Synthetic_GP_1,Synthetic_Ring,R,CCC,SYN-B,SYN-B,F1,2,88.68140928346119,27.500557440237973,32.82135829604888,28.359493547174345,MEDIUM,Pirelli,2.0,0,1,3,1,False,False,True,False,23.060139031302164,31.75366914758077,46.84121522094021,1011.6239849376519,False,2.6353852797043604,123.27254532938807,1.6515035781439544,1.6862942205749596,206.97487558321637,322.0416856679752,67.82683222727759,0.16869833857435987,10437.501688028366,11534.086813550766,48,0.08826102453421775
F1,2023,1,2023-03-15,Synthetic_GP_1,Synthetic_Ring,R,CCC,SYN-B,SYN-B,F1,3,88.84046941901175,27.53681198235526,32.880211914885486,28.423445521771008,MEDIUM,Pirelli,3.0,0,1,3,1,False,False,True,False,22.83810647104855,32.974201397891,46.071594917183326,1011.9296334053548,False,2.0781520759844434,147.3373419466315,1.6110464030178304,1.4459878415532081,207.4508685983238,322.3004043029447,68.31362140309959,0.18457618254287128,10333.524048996938,11849.740152413337,48,0.11993351337753902
F1,2023,1,2023-03-15,Synthetic_GP_1,Synthetic_Ring,R,CCC,SYN-B,SYN-B,F1,4,89.08204107343111,27.603296573635117,32.964451286160646,28.514293213635348,MEDIUM,Pirelli,4.0,0,1,3,1,False,False,True,False,22.70656819449198,32.33735118431403,46.55210042770583,1008.933786498251,False,2.4205822109953568,159.95415718271983,1.5827212349800892,1.4479814119008556,205.18501367383945,318.6856916964533,68.47019393911191,0.17799091355591312,10529.847915826573,11801.985938512727,50,0.1109205320442649
F1,2023,1,2023-03-15,Synthetic_GP_1,Synthetic_Ring,R,CCC,SYN-B,SYN-B,F1,5,88.92772076583532,27.63953732608542,32.902631573752224,28.385551865997677,MEDIUM,Pirelli,5.0,0,1,3,1,False,False,True,False,23.180706864553123,33.89821942261316,44.72443164189115,1009.342028368178,False,2.7702710651606646,171.6156326201464,1.6500944144490883,1.5951063041499387,209.06371108109872,323.6183777562112,64.1317161765895,0.1700422518192436,10429.772308840835,11637.460629507597,47,0.12056449652229356
F1,2023,1,2023-03-15,Synthetic_GP_1,Synthetic_Ring,R,CCC,SYN-B,SYN-B,F1,6,88.9742811296294,27.573566367864387,32.97175307631314,28.428961685451874,MEDIUM,Pirelli,6.0,0,1,3,1,False,False,True,False,22.710079579855446,33.674114984792205,44.81939717467504,1006.9855069299499,False,2.5113038369997573,198.3690708791483,1.6015332210395843,1.5904080206443285,205.7961972164908,323.10879921392404,62.670345054170795,0.19006562441475752,10383.274000352247,11786.012931778116,45,0.07716205049001126
F1,2023,1,2023-03-15,Synthetic_GP_1,Synthetic_Ring,R,CCC,SYN-B,SYN-B,F1,7,89.04197899307769,27.573372627715656,32.95473595319181,28.513870412170228,MEDIUM,Pirelli,7.0,0,1,3,1,False,False,True,False,22.951454400247325,34.54768297605926,47.21932216577476,1009.6645545044456,False,2.3742114444761744,213.58157483286146,1.5681305295822905,1.5868803813026013,204.58284901893578,321.80276844215297,64.22540859182322,0.17844230936288158,10313.941273650296,11805.061901987761,48,0.06435360062869896
F1,2023,1,2023-03-15,Synthetic_GP_1,Synthetic_Ring,R,CCC,SYN-B,SYN-B,F1,8,89.02380665798192,27.555604331299477,32.95944062016334,28.508761706519103,MEDIUM,Pirelli,8.0,0,1,3,1,False,False,True,False,23.375666055480494,34.56023974597915,46.19676397997725,1010.6774696859496,False,2.6209726781215297,248.7567469107643,1.6313660108133001,1.628492959806802,207.77260358997725,322.7504414747376,66.33559045720553,0.17913917616723327,10428.358020602685,11698.762106489805,51,0.09586543100483302
F1,2023,1,2023-03-15,Synthetic_GP_1,Synthetic_Ring,R,CCC,SYN-B,SYN-B,F1,9,89.23183254243324,27.679803609012453,33.03234359596572,28.519685337455066,HARD,Pirelli,9.0,0,1,3,1,False,False,True,False,22.87249180138462,35.06481100616911,43.56450437049829,1008.2248975094293,False,2.5058499689106024,249.55593940235156,1.569982462088806,1.5923810194491865,204.4475511755606,321.3252693028093,66.11534526370254,0.18567028892019596,10462.79061098257,11690.626079735486,49,0.10819803409456867
F1,2023,1,2023-03-15,Synthetic_GP_1,Synthetic_Ring,R,CCC,SYN-B,SYN-B,F1,10,89.16109445359436,27.684557557810898,32.98823182331204,28.48830507247142,HARD,Pirelli,10.0,0,1,3,1,False,False,True,False,23.10100065968387,34.59631521984981,47.48499632892368,1011.0925160128946,False,2.871028179763818,291.4701845208009,1.5877148685258298,1.5433390862339782,206.09295759233783,321.38713596666304,65.83859747525487,0.17318442112671106,10488.161269234704,11759.558810248296,49,0.13632973153799074
F1,2023,1,2023-03-15,Synthetic_GP_1,Synthetic_Ring,R,CCC,SYN-B,SYN-B,F1,11,89.12946325954599,27.62641602289579,32.99478511263242,28.508262124017776,HARD,Pirelli,11.0,0,1,3,1,False,False,True,False,22.619181483405377,35.53741466433985,46.950830530678644,1010.353934181489,False,2.3830973321941626,321.83153341875135,1.6290021688401823,1.5782541378913622,205.04517702007203,323.58623498063474,63.941175045950345,0.1845698214608004,10240.12641633609,11852.03757292142,45,0.12206949918705091
F1,2023,1,2023-03-15,Synthetic_GP_1,Synthetic_Ring,R,CCC,SYN-B,SYN-B,F1,12,89.28283091794512,27.662265040063456,33.06107940368099,28.559486474200668,HARD,Pirelli,12.0,0,1,3,1,False,False,True,False,23.846652867010157,34.65748510182046,45.71460851516359,1010.3486226133011,False,2.5190356720345704,327.7119720128037,1.558516269018343,1.6824412279083816,203.9044180337688,322.32616390097917,64.23989913085359,0.18370897104970715,10245.086028993712,11703.352696587426,51,0.12346087538889952
F1,2023,1,2023-03-15,Synthetic_GP_1,Synthetic_Ring,R,CCC,SYN-B,SYN-B,F1,13,89.2048137592805,27.63533834322332,32.999269457784834,28.57020595827234,HARD,Pirelli,13.0,0,1,3,1,False,False,True,False,23.199867381274416,33.92067227817613,45.56552234013269,1010.9981508405041,False,2.2694838123446988,357.4337822616844,1.5904071078666076,1.5223709156808056,206.7251340532281,321.11602197034534,64.7811444227949,0.18598947397160157,10465.40542209305,11824.514589641109,51,0.10350863963077638
F1,2023,1,2023-03-15,Synthetic_GP_1,Synthetic_Ring,R,CCC,SYN-B,SYN-B,F1,14,89.22617388916723,27.66081841682333,33.07883625183197,28.486519220511923,HARD,Pirelli,14.0,0,1,3,1,False,False,True,False,22.87897163707159,34.43755418129376,47.7685351012806,1011.0435471055059,False,2.0044039301524776,19.903162525983987,1.51202605940158,1.6439326079882148,207.18473078841237,322.2380259098761,66.02527232530448,0.1816106969277652,10337.325198809807,11856.98811120167,50,0.1402261641092015
F1,2023,1,2023-03-15,Synthetic_GP_1,Synthetic_Ring,R,CCC,SYN-B,SYN-B,F1,15,88.65833437255449,27.46998543795814,32.82160570526202,28.366743229334325,MEDIUM,Pirelli,1.0,1,1,3,1,False,False,True,False,23.053929232521845,34.83902696550136,44.15539920869175,1011.0977928940981,False,2.7503863363275807,47.94905403091508,1.4966189208935714,1.5116728266015407,206.67539374497576,322.9984653443681,63.22823255031959,0.17987027557810603,10463.21529736599,11674.88131352423,50,0.09918659248714545
F1,2023,1,2023-03-15,Synthetic_GP_1,Synthetic_Ring,R,CCC,SYN-B,SYN-B,F1,16,88.64128056230103,27.456775234620604,32.843280014212425,28.341225313468,MEDIUM,Pirelli,2.0,0,1,3,1,False,False,True,False,23.056692241219736,34.272364652781825,45.55979460800135,1008.0569592328494,False,2.374302510165754,49.08637595223115,1.6743449307426617,1.6200330248185288,209.33512259984252,322.27016146876616,66.85196317670203,0.18735045576596487,10329.620994174104,11773.545126976634,46,0.11297793905915837
F1,2023,1,2023-03-15,Synthetic_GP_1,Synthetic_Ring,R,CCC,SYN-B,SYN-B,F1,17,88.81756477946679,27.557919605780526,32.8716590178242,28.387986155862066,MEDIUM,Pirelli,3.0,0,1,3,1,False,False,True,False,23.050124613508803,33.1515715307506,45.91838259786936,1011.0460453120709,False,2.3392685027196904,77.64820345297301,1.6155382742664595,1.6550849317131986,206.00116569409735,325.1721288495522,64.30176693259229,0.1786565551336643,10326.843535382051,11717.841699650184,47,0.1275150439874893
F1,2023,1,2023-03-15,Synthetic_GP_1,Synthetic_Ring,R,CCC,SYN-B,SYN-B,F1,18,88.80870263234445,27.534635159120732,32.869927662640364,28.404139810583352,MEDIUM,Pirelli,4.0,0,1,3,1,False,False,True,False,23.118850504889338,32.331060137118904,45.47726818571087,1009.6892409636051,False,2.767882018925496,106.60732447831413,1.5869204140052773,1.6476295456818106,207.2845155499185,320.8865649054912,65.99342724069578,0.17886451081205154,10340.775404663536,11868.703477528434,51,0.08585795932073705
F1,2023,1,2023-03-15,Synthetic_GP_1,Synthetic_Ring,R,CCC,SYN-B,SYN-B,F1,19,88.93970561941313,27.52651746183624,32.9203376726284,28.492850484948498,MEDIUM,Pirelli,5.0,0,1,3,1,False,False,True,False,22.76076235527937,32.48636950662871,46.50829820721738,1009.6421356349449,False,2.3904353805996497,128.3572722565085,1.5894181080692587,1.6754685627994517,205.6718002664814,324.3777517302864,69.29746828214748,0.18164755705948524,10342.070457215048,11753.00659119362,45,0.13993152769868347
F1,2023,1,2023-03-15,Synthetic_GP_1,Synthetic_Ring,R,CCC,SYN-B,SYN-B,F1,20,88.85151717565437,27.47285104406153,32.86002091945765,28.51864521213519,MEDIUM,Pirelli,6.0,0,1,3,1,False,False,True,False,22.838420873580297,32.281576790336125,46.25612657954061,1010.2976328045364,False,2.559684814724602,150.24277669161143,1.393745605431894,1.600464611186503,208.548728019357,319.54982905314534,69.71627444851796,0.18177852252184606,10253.909280890717,11874.510360689772,46,0.09538745855066733
F1,2023,1,2023-03-15,Synthetic_GP_1,Synthetic_Ring,R,CCC,SYN-B,SYN-B,F1,21,89.17869091705381,27.6470893951446,32.96729057638512,28.564310945524092,MEDIUM,Pirelli,7.0,0,1,3,1,False,False,True,False,23.006064343110072,31.826673324309585,44.898121531456965,1012.2638944130542,False,2.655253080035473,161.99393596306697,1.7355330557021609,1.4826086517360166,203.2257356177366,326.07501492399984,66.31215679076098,0.17793372829843068,10389.443356996753,11774.923721381101,49,0.1128044817714401
F1,2023,1,2023-03-15,Synthetic_GP_1,Synthetic_Ring,R,CCC,SYN-B,SYN-B,F1,22,88.91658152380263,27.565445904285095,32.91018062598402,28.440954993533516,MEDIUM,Pirelli,8.0,0,1,3,1,False,False,True,False,23.58641667474923,30.134623141727598,46.82352590824002,1009.1618779736718,False,2.245803007342067,191.33734209541683,1.5252656584690092,1.6790986639452676,207.14727699839494,322.8122087893279,70.20356059877706,0.17246207817535397,10495.722927739076,11804.566147567328,47,0.09580449246863738
F1,2023,1,2023-03-15,Synthetic_GP_1,Synthetic_Ring,R,CCC,SYN-B,SYN-B,F1,23,88.76980571631722,27.55727171678971,32.864025394818455,28.348508604709053,HARD,Pirelli,9.0,0,1,3,1,False,False,True,False,23.034614539659003,31.061637819969484,45.16526434905341,1011.9012044064139,False,2.425516221734145,223.60176733743253,1.7634029115057055,1.6559590300305413,207.0105969001037,323.3188645076388,69.45273663991595,0.19397781845339565,10287.313415466235,11780.659744057026,48,0.10231344967440438
F1,2023,1,2023-03-15,Synthetic_GP_1,Synthetic_Ring,R,CCC,SYN-B,SYN-B,F1,24,88.87050938978128,27.54825779749477,32.889788271633456,28.43246332065305,HARD,Pirelli,10.0,0,1,3,1,False,False,True,False,23.253289196106525,29.167243288317543,46.07838256540056,1009.8438867414937,False,2.5231218461897105,248.55140496983665,1.6718497794792124,1.5991902444774113,206.39002331932224,325.4967761984542,64.5914137401881,0.18189285994961732,10225.931187111217,11788.904823044739,47,0.09681423357504079
F1,2023,1,2023-03-15,Synthetic_GP_1,Synthetic_Ring,R,CCC,SYN-B,SYN-B,F1,25,89.0953301306572,27.60009352126668,32.9244881031425,28.570748506248023,HARD,Pirelli,11.0,0,1,3,1,False,False,True,False,23.209706217266177,29.97251933806795,46.478093301064334,1009.4983154479891,False,2.9333322921972527,270.8500232831682,1.5391415836740983,1.5726717616484898,206.0567414510515,319.886776277511,68.80628572757469,0.16926352993391816,10317.753649392547,11853.668264807515,47,0.12735764758931437
F1,2023,1,2023-03-15,Synthetic_GP_1,Synthetic_Ring,R,CCC,SYN-B,SYN-B,F1,26,89.20782240138331,27.655959910141096,32.98604989549514,28.565812595747076,HARD,Pirelli,12.0,0,1,3,1,False,False,True,False,22.911613590833944,29.274348304673524,44.98378556388313,1010.812331495848,False,2.3883186201997417,268.038069177097,1.741923540679099,1.4797159539486868,204.36382591181393,321.9143134139508,62.67742851847889,0.18638536978096168,10419.228755918022,12013.510762067284,51,0.10768467319875208
F1,2023,1,2023-03-15,Synthetic_GP_1,Synthetic_Ring,R,CCC,SYN-B,SYN-B,F1,27,89.07845234023465,27.599969926111115,32.9333979440822,28.54508447004133,HARD,Pirelli,13.0,0,1,3,1,False,False,True,False,22.79881436681053,28.169897780932576,46.8068502147355,1012.6439104360187,False,2.1148734698985483,309.6799450036524,1.5577813770765296,1.6501400939808946,207.6637983551906,326.30140477357486,64.82503552915442,0.17761308273458729,10249.677282349641,11785.990880575306,50,0.10206494788708916
F1,2023,1,2023-03-15,Synthetic_GP_1,Synthetic_Ring,R,CCC,SYN-B,SYN-B,F1,28,89.01226266489738,27.569538730511233,32.953235506129765,28.48948842825638,HARD,Pirelli,14.0,0,1,3,1,False,False,True,False,22.549424520533854,27.622240455906525,44.723774114135004,1008.924878081146,False,2.268197477187773,330.86906166726146,1.540464420394162,1.6627827213878996,207.2326784306871,323.6939193847575,64.41076708086175,0.18228715535871803,10396.364594691424,11905.96312468942,50,0.09348918847275613
F1,2023,1,2023-03-15,Synthetic_GP_1,Synthetic_Ring,R,DDD,SYN-B,SYN-B,F1,1,88.6309597948065,27.5322576908374,32.76067283721105,28.338029266758056,MEDIUM,Pirelli,1.0,1,1,4,1,False,False,True,False,23.12340622369881,31.989610444528925,45.0396263563121,1009.5385927327807,False,2.7509752243776715,98.92782967986382,1.973477567226484,1.4056082042908589,206.64197393964412,322.81921531970625,68.60879709507621,0.1838665581022616,10573.30468841969,12069.326055919457,45,0.06073791841095174
F1,2023,1,2023-03-15,Synthetic_GP_1,Synthetic_Ring,R,DDD,SYN-B,SYN-B,F1,2,88.70818329989366,27.49194102439573,32.816367545177314,28.39987473032062,MEDIUM,Pirelli,2.0,0,1,4,1,False,False,True,False,22.690958267191316,31.9108415891409,46.088237963884744,1011.4026665936893,False,2.5233937939173376,104.59220937538211,1.902978795865569,1.3490398668195265,203.8951974968754,323.5712226315654,64.02828457996642,0.17951029651724895,10530.058812874551,11903.846545012022,48,0.11891243665253232
F1,2023,1,2023-03-15,Synthetic_GP_1,Synthetic_Ring,R,DDD,SYN-B,SYN-B,F1,3,88.63864969246364,27.452697423578286,32.740196637452705,28.445755631432654,MEDIUM,Pirelli,3.0,0,1,4,1,False,False,True,False,22.761984216410475,32.5275380084584,47.27557151720697,1010.2740821265826,False,2.626746913335863,132.72554361797634,1.8276541833164432,1.3230946570768614,209.73861124369446,328.0515816132479,68.36634218310364,0.16691285307620002,10383.423572048836,11680.015432837205,47,0.11339781090007656
F1,2023,1,2023-03-15,Synthetic_GP_1,Synthetic_Ring,R,DDD,SYN-B,SYN-B,F1,4,89.15745243025528,27.595875909356895,32.9333050937664,28.628271427131985,MEDIUM,Pirelli,4.0,0,1,4,1,False,False,True,False,23.457574665872556,34.34243858659171,46.04267630668075,1010.4121085025206,False,2.4080070877586257,159.5764640064659,2.0576250369772486,1.37332926256513,208.61640200305507,325.90211073566195,64.7983975342118,0.18489306662850952,10598.442528087324,11900.48274915661,50,0.10093900883204715
F1,2023,1,2023-03-15,Synthetic_GP_1,Synthetic_Ring,R,DDD,SYN-B,SYN-B,F1,5,89.1918095887979,27.612187368709737,33.026728141874145,28.55289407821401,MEDIUM,Pirelli,5.0,0,1,4,1,False,False,True,False,22.803452154877576,34.06091342133425,44.59410043917758,1009.3179777921368,False,2.62905204539347,191.04703593968537,1.6541254736296604,1.450447694572603,206.71967498450465,324.7545088334187,66.9844121854546,0.16285659396376728,10208.167236416284,11900.294240182304,49,0.11980147130469389
F1,2023,1,2023-03-15,Synthetic_GP_1,Synthetic_Ring,R,DDD,SYN-B,SYN-B,F1,6,89.1655436219561,27.62885513830497,33.01962585728165,28.51706262636948,MEDIUM,Pirelli,6.0,0,1,4,1,False,False,True,False,23.11723157494132,33.901517548283046,45.46237453861779,1008.7888047262178,False,2.42247470046134,195.1130344164731,2.0826277186546958,1.2383746888602178,206.89119748948906,323.8956083530004,68.15584322975671,0.19275228108839487,10114.401312469314,11899.680122877715,45,0.13429890642492542
F1,2023,1,2023-03-15,Synthetic_GP_1,Synthetic_Ring,R,DDD,SYN-B,SYN-B,F1,7,89.39407207719145,27.691848248121815,33.11257988019778,28.58964394887186,MEDIUM,Pirelli,7.0,0,1,4,1,False,False,True,False,22.334938546416808,35.082504922205246,45.32558128884337,1007.8229316290206,False,2.4753792461044015,220.4430644495417,1.8009891657783874,1.3031588980765,205.7439224213986,323.19321713236724,67.98408331307044,0.17817636128481262,10518.079639338515,11642.692881561383,47,0.10326090084275298
F1,2023,1,2023-03-15,Synthetic_GP_1,Synthetic_Ring,R,DDD,SYN-B,SYN-B,F1,8,89.25094908034646,27.646013948238874,32.99748800093342,28.607447131174162,MEDIUM,Pirelli,8.0,0,1,4,1,False,False,True,False,22.89165127952994,34.86849173944897,44.99043953044363,1009.9395288407521,False,2.605579835929551,261.4635658781731,1.9612173411676044,1.4720006686240867,208.4252318984967,325.15435637515884,64.15609322734514,0.18956030345919558,10509.69877386126,11848.92395800003,51,0.1301922918010286
F1,2023,1,2023-03-15,Synthetic_GP_1,Synthetic_Ring,R,DDD,SYN-B,SYN-B,F1,9,89.19715236731709,27.618296548965645,32.99928642191476,28.579569396436682,HARD,Pirelli,9.0,0,1,4,1,False,False,True,False,22.977700376171047,34.55791776108475,45.47529367037589,1009.8286653991978,False,2.6895778545802242,262.7753049034915,1.9132903221537267,1.3316131359681045,205.1486563873307,322.5610762850456,61.859478357005905,0.19105282604253188,10318.975826768237,11775.525391955094,50,0.12998414679505343
F1,2023,1,2023-03-15,Synthetic_GP_1,Synthetic_Ring,R,DDD,SYN-B,SYN-B,F1,10,89.27077985898686,27.638028581060844,33.06891187185669,28.56383940606932,HARD,Pirelli,10.0,0,1,4,1,False,False,True,False,23.15129702656884,34.50745849527539,47.17830727955682,1011.2586563779988,False,2.9113756976555147,299.5056765487003,1.980437536460244,1.357928619503258,207.17994205206455,321.9774932358105,68.1670174150205,0.19275999750434097,10265.838299606185,11891.815801773091,46,0.11503808481097487
F1,2023,1,2023-03-15,Synthetic_GP_1,Synthetic_Ring,R,DDD,SYN-B,SYN-B,F1,11,89.04439955405552,27.62873015681553,32.94827637915707,28.467393018082916,HARD,Pirelli,11.0,0,1,4,1,False,False,True,False,23.084498813958337,35.44592887320401,47.11715651053489,1011.0763065075381,False,2.757928783222717,319.1571696068246,1.7651583415575611,1.4405383897267632,204.6382858330619,326.40220072072833,65.03048861287408,0.189312834899752,10460.53267342704,11866.43236084163,50,0.12248741254129158
F1,2023,1,2023-03-15,Synthetic_GP_1,Synthetic_Ring,R,DDD,SYN-B,SYN-B,F1,12,89.36738699785873,27.745336616192862,33.07207280794152,28.549977573724355,HARD,Pirelli,12.0,0,1,4,1,False,False,True,False,23.226390957478973,35.03505789697421,46.02908794583668,1010.3758601758745,False,2.7773464189834507,336.35324799821245,1.954317706551949,1.300456065558782,206.52587386057746,324.5894675006186,68.48328317002768,0.17946990853548667,10505.80543979293,11845.27415573542,46,0.088731175080797
F1,2023,1,2023-03-15,Synthetic_GP_1,Synthetic_Ring,R,DDD,SYN-B,SYN-B,F1,13,89.21676025911485,27.71431613299446,33.00995950061934,28.492484625501056,HARD,Pirelli,13.0,0,1,4,1,False,False,True,False,23.400051812976837,35.026374301587474,45.55079980022284,1009.1196885325226,False,2.0679424543556206,357.86570256427933,1.9279391248315456,1.2977762778416693,205.6548290156947,321.2901390887208,65.9448318147326,0.1723633343881297,10573.098248325103,11688.697571193758,49,0.09715268371083366
F1,2023,1,2023-03-15,Synthetic_GP_1,Synthetic_Ring,R,DDD,SYN-B,SYN-B,F1,14,89.35336608986684,27.767251931467992,32.99913418264587,28.586979975752975,HARD,Pirelli,14.0,0,1,4,1,False,False,True,False,23.500606189331897,33.97615891785913,43.96959358789935,1011.9838548657525,False,2.865830184324007,7.187095155272004,1.9205058620118893,1.2999301703932993,203.09891456683744,323.0076830873146,64.17803748448485,0.18155282360522848,10595.086519382316,11766.014634157757,49,0.1134352547631562
F1,2023,1,2023-03-15,Synthetic_GP_1,Synthetic_Ring,R,DDD,SYN-B,SYN-B,F1,15,88.76308599933428,27.50585097580964,32.82480440283022,28.432430620694426,MEDIUM,Pirelli,1.0,1,1,4,1,False,False,True,False,23.595239108406393,34.97071226829472,45.45890224222984,1007.1274448636758,False,2.5825270143324537,35.86966670965751,1.8319302708406637,1.3664845795912066,204.93621016506248,325.4512030218681,65.03144028298904,0.17871444939573672,10488.763402289163,11876.06163524148,45,0.10966404067533475
F1,2023,1,2023-03-15,Synthetic_GP_1,Synthetic_Ring,R,DDD,SYN-B,SYN-B,F1,16,88.86950160057707,27.60671106218721,32.87293757203643,28.38985296635343,MEDIUM,Pirelli,2.0,0,1,4,1,False,False,True,False,22.912311152550064,34.95568828158428,45.55542958983422,1011.4236457360346,False,2.1106303774451165,65.67664786831205,2.064877830922487,1.2252374568397,208.24778332917515,326.13560538122493,66.0966805637052,0.17933159019011055,10365.104650399137,11764.87519149623,50,0.10396979562840414
F1,2023,1,2023-03-15,Synthetic_GP_1,Synthetic_Ring,R,DDD,SYN-B,SYN-B,F1,17,89.24788011494614,27.67905523723637,33.01139071104639,28.557434166663384,MEDIUM,Pirelli,3.0,0,1,4,1,False,False,True,False,23.160373319183496,32.49237580145196,46.096462223198955,1008.8853673478023,False,2.276232658199274,83.78230682406218,1.888464524876675,1.2994230895629495,208.04973643827748,322.60696721696473,67.49886003389099,0.18601797457115835,10311.65125656422,11790.81446095042,47,0.10270136155365324
F1,2023,1,2023-03-15,Synthetic_GP_1,Synthetic_Ring,R,DDD,SYN-B,SYN-B,F1,18,89.06216823365847,27.60458954110973,32.92702141753203,28.530557275016704,MEDIUM,Pirelli,4.0,0,1,4,1,False,False,True,False,22.798949107856743,33.158228202090115,45.31612282437041,1009.3490230056228,False,2.519188021174993,98.20769587296161,1.887596868280944,1.364274092828832,205.38386203486303,322.6567153749491,64.3719185688196,0.1942540650256982,10518.57308102649,11813.887722170079,49,0.12913567341593096
F1,2023,1,2023-03-15,Synthetic_GP_1,Synthetic_Ring,R,DDD,SYN-B,SYN-B,F1,19,89.2095416032509,27.64436698542341,33.02593308191714,28.53924153591035,MEDIUM,Pirelli,5.0,0,1,4,1,False,False,True,False,22.933777339230858,32.83218949709714,46.113650381084604,1010.6668122754418,False,3.1553688686536083,135.96310107049032,2.0072220744332525,1.4751128840133456,208.97783895025597,324.3094371330016,69.11874987046448,0.1825311782426678,10466.56120253899,11742.030299597653,46,0.11648998026056462
F1,2023,1,2023-03-15,Synthetic_GP_1,Synthetic_Ring,R,DDD,SYN-B,SYN-B,F1,20,89.11374949370541,27.61482638837238,32.988713878279306,28.51020922705373,MEDIUM,Pirelli,6.0,0,1,4,1,False,False,True,False,23.412962774000547,32.19085647423312,45.55651427839416,1009.1725165433348,False,2.505945675448641,144.16492545136543,1.8743062177608496,1.3412736435664772,205.88321242497855,322.0638189055464,67.87125513731668,0.18678673006861388,10421.903135442793,11687.62011034522,49,0.12056125990343725
F1,2023,1,2023-03-15,Synthetic_GP_1,Synthetic_Ring,R,DDD,SYN-B,SYN-B,F1,21,89.05750689867449,27.668203455232383,32.9443883620997,28.4449150813424,MEDIUM,Pirelli,7.0,0,1,4,1,False,False,True,False,23.062004799743775,30.959883560683142,46.0733962436097,1011.4312065964162,False,2.3642714451805373,165.79844378217217,1.9432120128082597,1.454890928829313,205.9906049315239,320.6832088789104,63.95035327816856,0.21243279738345233,10398.221482163015,11774.71407876232,46,0.1296782551714607
F1,2023,1,2023-03-15,Synthetic_GP_1,Synthetic_Ring,R,DDD,SYN-B,SYN-B,F1,22,89.13609159656532,27.607913270149226,32.91066735936079,28.61751096705531,MEDIUM,Pirelli,8.0,0,1,4,1,False,False,True,False,23.09005119250689,30.434203406295218,45.99923472777593,1007.9150353076546,False,2.669072316814508,195.5515987493053,1.8637566750381733,1.5129054306290695,207.39185389928045,322.2466706345148,67.2316298004244,0.17823100955448856,10490.941602760013,11805.455139187878,45,0.10072032133827989
F1,2023,1,2023-03-15,Synthetic_GP_1,Synthetic_Ring,R,DDD,SYN-B,SYN-B,F1,23,88.94400738701495,27.596128237045818,32.932166948128376,28.415712201840755,HARD,Pirelli,9.0,0,1,4,1,False,False,True,False,22.931051406351564,31.088973003568462,44.73745608090287,1009.1134869605795,False,2.4274392114544914,220.35933808162213,1.9662195883360136,1.1920216313028886,209.80509114836872,322.2468845746067,66.2534308361417,0.18417641075893887,10396.477408025947,11793.845456944659,45,0.10195349662043798
F1,2023,1,2023-03-15,Synthetic_GP_1,Synthetic_Ring,R,DDD,SYN-B,SYN-B,F1,24,88.88064185750949,27.53872881847582,32.881952034117795,28.459961004915876,HARD,Pirelli,10.0,0,1,4,1,False,False,True,False,23.16883029518213,30.027506090538147,46.64054788844731,1011.5457309383839,False,2.745458693450984,247.33669434724652,1.974419145287227,1.3422587470128824,206.06858813136367,323.28353702465364,68.47683357039908,0.17692211106258982,10364.108115644443,11889.522258852297,48,0.11952497115084056
F1,2023,1,2023-03-15,Synthetic_GP_1,Synthetic_Ring,R,DDD,SYN-B,SYN-B,F1,25,89.1572550379284,27.563212591098956,33.00069711603064,28.59334533079879,HARD,Pirelli,11.0,0,1,4,1,False,False,True,False,23.11408144964932,30.02675527917825,46.74375184018479,1010.148367316848,False,2.375768222835361,252.99902697219477,1.8814434514095668,1.4567801307301316,207.28555292576556,322.97049528809094,67.93026125948548,0.20126617019507956,10493.487134695215,11892.474980041115,47,0.11533434922796905
F1,2023,1,2023-03-15,Synthetic_GP_1,Synthetic_Ring,R,DDD,SYN-B,SYN-B,F1,26,89.26886919045572,27.64992082514852,33.027253371618755,28.591694993688442,HARD,Pirelli,12.0,0,1,4,1,False,False,True,False,23.027297141056934,28.977525800425656,47.063824944174605,1010.6718751908138,False,2.120530383176779,280.16343793350313,1.9852961721535292,1.4916776058548973,204.4479088591444,324.0137535578995,64.67825306402972,0.1826721492151963,10474.216875100712,11937.560684084843,51,0.06951648835562027
F1,2023,1,2023-03-15,Synthetic_GP_1,Synthetic_Ring,R,DDD,SYN-B,SYN-B,F1,27,89.33943690939851,27.70706826303898,33.03784932012467,28.594519326234867,HARD,Pirelli,13.0,0,1,4,1,False,False,True,False,22.483865481788353,28.566522924497832,46.710113523298396,1011.7601272302884,False,2.612954501728032,308.0295416655366,1.891554894656985,1.355325016979282,205.6656150541993,320.73602571263433,68.26992270802914,0.17544369034506976,10311.226325486406,11759.927312345191,49,0.10572955736794512
F1,2023,1,2023-03-15,Synthetic_GP_1,Synthetic_Ring,R,DDD,SYN-B,SYN-B,F1,28,89.32862040888412,27.735612060787002,33.118159935221165,28.47484841287595,HARD,Pirelli,14.0,0,1,4,1,False,False,True,False,23.235205054859183,28.59518266949418,47.38712334292403,1007.9990479121982,False,2.861544940407967,319.3703943292768,1.9473299266090034,1.320588326377465,203.17869137719399,321.15386731317113,66.77848717126882,0.17273171507260418,10121.724204146165,11800.274224564864,51,0.11288532681458108
F1,2023,2,2023-05-15,Synthetic_GP_2,Synthetic_Park,R,AAA,SYN-A,SYN-A,F1,1,89.50774125307228,27.735549898258046,33.14711868689526,28.625072667918978,MEDIUM,Pirelli,1.0,1,1,1,1,False,False,True,False,24.076618882963466,33.08592578830629,44.198350549644594,1012.9724552766467,False,2.949589525169666,122.10302817962359,0.9877385159738159,1.9319354640593256,211.8163777373543,324.62363948463087,68.02502450904743,0.1690671132307525,10202.588055113212,11816.716598545478,45,0.08903844905819959
F1,2023,2,2023-05-15,Synthetic_GP_2,Synthetic_Park,R,AAA,SYN-A,SYN-A,F1,2,89.73573542359242,27.799447418794596,33.128088305380295,28.80819969941752,MEDIUM,Pirelli,2.0,0,1,1,1,False,False,True,False,23.58392599265484,33.17585580222514,42.89209033896582,1008.6760494093559,False,2.6908809606220685,150.2284417173116,0.9887616224391526,1.993173912686238,212.46830443494233,323.758496850838,63.15320100980695,0.18106429636492619,10378.786281562836,11889.282215243002,46,0.0893907777331037
F1,2023,2,2023-05-15,Synthetic_GP_2,Synthetic_Park,R,AAA,SYN-A,SYN-A,F1,3,89.76207648438847,27.83557064556896,33.231084143293565,28.695421695525944,MEDIUM,Pirelli,3.0,0,1,1,1,False,False,True,False,23.737205324345823,33.56035496800193,46.01443256751218,1010.395140350085,False,2.651943957706419,173.33732520696793,1.02791635894372,2.04513361144186,210.05306328821416,322.61096900341335,62.85951216306771,0.17672339296055664,10306.025959962493,11776.748592278396,51,0.11749674028212054
F1,2023,2,2023-05-15,Synthetic_GP_2,Synthetic_Park,R,AAA,SYN-A,SYN-A,F1,4,89.91562807320159,27.836674139649375,33.2847581602589,28.79419577329331,MEDIUM,Pirelli,4.0,0,1,1,1,False,False,True,False,24.118852770531152,34.59286844370033,41.733457301805394,1011.4827077438857,False,3.104915247601051,192.88491549018605,0.9925148843554176,2.161638467517185,210.87275838049524,324.7736474647055,69.49308365300661,0.19177302664727625,10418.418087058757,11809.625489003487,47,0.11330427496619401
F1,2023,2,2023-05-15,Synthetic_GP_2,Synthetic_Park,R,AAA,SYN-A,SYN-A,F1,5,90.03717391273187,27.89524299740518,33.30689735187726,28.835033563449436,MEDIUM,Pirelli,5.0,0,1,1,1,False,False,True,False,23.659491520944805,34.931558015872,44.7420377680443,1011.1438402337316,False,2.836200882239912,208.92183992894917,0.99982308584626,2.088242292789104,205.76565812496005,323.8913293560696,66.40876696638563,0.17336073209004793,10649.200966423867,11757.33998637773,46,0.14499795591425513
F1,2023,2,2023-05-15,Synthetic_GP_2,Synthetic_Park,R,AAA,SYN-A,SYN-A,F1,6,89.90746966269381,27.909092470533764,33.29212093970082,28.706256252459227,MEDIUM,Pirelli,6.0,0,1,1,1,False,False,True,False,23.827793607422578,34.92946619167895,43.22225586303385,1011.6976725850075,False,3.2512690656431897,234.4682271876168,1.0189040558667393,2.3593413966678187,207.98236310224704,326.27844389163715,64.94560628858781,0.17745159114981157,10291.474108083326,11812.917440687159,49,0.11094025705259353
F1,2023,2,2023-05-15,Synthetic_GP_2,Synthetic_Park,R,AAA,SYN-A,SYN-A,F1,7,90.2770132488392,27.981280580982297,33.39863386801685,28.897098799840045,MEDIUM,Pirelli,7.0,0,1,1,1,False,False,True,False,23.825257605827915,35.917971347422096,42.597761096116116,1010.0335637322466,False,2.806792652381517,269.80720621810366,0.8398980875280143,2.1854837201665815,207.53212803726112,321.7453330756725,66.28158236618165,0.15588126771402727,10429.110360919525,11927.76727622335,47,0.1390091786260709
F1,2023,2,2023-05-15,Synthetic_GP_2,Synthetic_Park,R,AAA,SYN-A,SYN-A,F1,8,90.26953743228273,27.97578458798297,33.37690328834353,28.916849555956233,MEDIUM,Pirelli,8.0,0,1,1,1,False,False,True,False,23.590147287630845,36.06493621607463,42.48664457141648,1008.6326903545655,False,3.2775796733846816,282.9945811144877,1.086073525883943,1.9404341692407272,209.04879510879104,321.23270500186067,63.2264364116285,0.19251234554717336,10182.572753449413,11691.161831406758,51,0.12261950650158844
F1,2023,2,2023-05-15,Synthetic_GP_2,Synthetic_Park,R,AAA,SYN-A,SYN-A,F1,9,89.82560198212276,27.82065333907852,33.22605477254954,28.778893870494706,HARD,Pirelli,9.0,0,1,1,1,False,False,True,False,24.4284630028048,36.14799772111711,45.759530761287586,1008.0274714330202,False,3.1474995177638534,308.2755313951348,0.9109571128034573,2.018995560722136,209.3227621681392,325.0316281159289,66.81378673862,0.17682384656092565,10365.704267702737,11827.838400087054,48,0.1049560192164993
F1,2023,2,2023-05-15,Synthetic_GP_2,Synthetic_Park,R,AAA,SYN-A,SYN-A,F1,10,90.14660647556201,28.004014084787872,33.36007517734598,28.782517213428157,HARD,Pirelli,10.0,0,1,1,1,False,False,True,False,23.99209590463099,35.336201213129556,44.91901156470455,1008.4947093958331,False,3.0865444121352184,328.6515252382223,1.0680283500111174,2.201983124709163,206.39480877729932,324.4734124050185,67.60586771988463,0.18177663784611928,10214.650392335112,11732.007898477743,48,0.0753179503299011
F1,2023,2,2023-05-15,Synthetic_GP_2,Synthetic_Park,R,AAA,SYN-A,SYN-A,F1,11,90.24356913134876,27.997283332222793,33.3500407160714,28.896245083054573,HARD,Pirelli,11.0,0,1,1,1,False,False,True,False,23.40785499791501,36.013849935612114,44.09032582667348,1011.0253951844329,False,2.958684746302432,332.047145375535,0.9717049156742873,2.1816344525267777,208.10796747481996,323.3520505403533,68.04844426468702,0.18172437028619448,10378.597833384782,11848.406431009957,50,0.11464434454284242
F1,2023,2,2023-05-15,Synthetic_GP_2,Synthetic_Park,R,AAA,SYN-A,SYN-A,F1,12,90.20487238809197,27.96073394933484,33.375402971769496,28.868735466987637,HARD,Pirelli,12.0,0,1,1,1,False,False,True,False,23.569911904335424,35.939332059807356,43.63252381438517,1012.2415589184361,False,2.860001652998591,10.498080638260262,1.114585987287302,2.043271624558077,208.2913224232387,323.7862917418679,65.34124146352461,0.17893016390615607,10367.709760533193,11738.456927373545,48,0.08350815611798885
F1,2023,2,2023-05-15,Synthetic_GP_2,Synthetic_Park,R,AAA,SYN-A,SYN-A,F1,13,90.15281831421147,27.95496155582805,33.332728309994096,28.865128448389328,HARD,Pirelli,13.0,0,1,1,1,False,False,True,False,23.853485115065716,34.84447917402437,45.12396651825039,1009.8144270758536,False,2.7779884836181363,34.77423407566556,0.7690021604261115,2.1190111150930373,207.90874252193248,322.69868314082214,61.17777048148904,0.18607705146150225,10393.297158703615,11817.764795595795,51,0.1015591509214423
F1,2023,2,2023-05-15,Synthetic_GP_2,Synthetic_Park,R,AAA,SYN-A,SYN-A,F1,14,90.19360551149488,27.94735188222051,33.38029569659823,28.86595793267614,HARD,Pirelli,14.0,0,1,1,1,False,False,True,False,23.664823960943977,35.30783838219664,43.5663466010076,1008.9609070562377,False,3.5306182083959374,67.07255286994695,0.900822767496586,2.2845950084755398,208.88993300549598,324.99439640276006,62.94382931167492,0.16266355788802964,10292.728448914906,11818.724522307988,49,0.12008241186623304
F1,2023,2,2023-05-15,Synthetic_GP_2,Synthetic_Park,R,AAA,SYN-A,SYN-A,F1,15,89.6879097314117,27.81913981170573,33.182028161800176,28.686741757905793,MEDIUM,Pirelli,1.0,1,1,1,1,False,False,True,False,23.322498715698337,35.38499827461318,44.185560538146646,1010.0939953614557,False,3.1390743985839036,74.77058241424328,0.8714342941798698,2.1906370688045396,208.45426269762345,323.85191278506005,64.00648753030252,0.1817639344658146,10554.153976167981,11588.638244318485,49,0.14142472228599046
F1,2023,2,2023-05-15,Synthetic_GP_2,Synthetic_Park,R,AAA,SYN-A,SYN-A,F1,16,89.57849980956424,27.75271689225989,33.147178204177656,28.67860471312669,MEDIUM,Pirelli,2.0,0,1,1,1,False,False,True,False,23.742162382454612,34.45088950912132,42.5834013326083,1010.5766207687301,False,2.976033534237426,78.05250811868177,1.1090199423927265,2.1650869565904927,211.07403022502612,324.38038491409634,64.02747529446916,0.17817064265003393,10800.403359095064,12018.523770712758,49,0.125600937222195
F1,2023,2,2023-05-15,Synthetic_GP_2,Synthetic_Park,R,AAA,SYN-A,SYN-A,F1,17,89.8645101106187,27.92105944946142,33.18780799828328,28.75564266287399,MEDIUM,Pirelli,3.0,0,1,1,1,False,False,True,False,24.08102336689925,35.16306939721818,43.5750902330687,1007.4216752822621,False,3.4718507944372465,115.81876539949894,0.9329544504968557,2.088012625656304,209.90933289719158,322.24896282118056,66.28109392104479,0.17216363796177425,10382.904699936089,11680.404030588785,47,0.08212342605935587
F1,2023,2,2023-05-15,Synthetic_GP_2,Synthetic_Park,R,AAA,SYN-A,SYN-A,F1,18,90.08454396203867,27.928511184303357,33.27437724100677,28.881655536728537,MEDIUM,Pirelli,4.0,0,1,1,1,False,False,True,False,23.40899066581626,34.666663256038525,44.652375089706005,1005.6652453645514,False,2.8906736497432557,138.37119906508218,1.0233345124149382,2.0574789982801542,209.23556325031282,320.17894423874003,66.09579900739365,0.176658692518725,10653.591920908528,11753.709879422948,48,0.14777991163873003
F1,2023,2,2023-05-15,Synthetic_GP_2,Synthetic_Park,R,AAA,SYN-A,SYN-A,F1,19,90.00714451740471,27.89375706379493,33.26580682204076,28.847580631569024,MEDIUM,Pirelli,5.0,0,1,1,1,False,False,True,False,23.60986210477167,34.52611124278604,43.163013874455054,1008.5292341028054,False,3.3190363013280284,161.6832901642997,0.8453220430443578,2.067932015784724,208.25306001815227,326.47817987152905,69.14644092354851,0.17908727507106414,10413.609311416001,11847.88754356337,49,0.11572393219927649
F1,2023,2,2023-05-15,Synthetic_GP_2,Synthetic_Park,R,AAA,SYN-A,SYN-A,F1,20,89.74315031694674,27.84365058831219,33.2017908640956,28.697708864538953,MEDIUM,Pirelli,6.0,0,1,1,1,False,False,True,False,23.67446933282495,33.07060418615108,45.09581798936855,1011.8006144128416,False,3.6391414033760587,179.78650798137528,1.0037855496569916,1.9651214132806878,210.0701109208363,319.035470274511,65.84682218916801,0.16818368477220802,10433.70791329932,11670.239566180306,50,0.10239943416958451
F1,2023,2,2023-05-15,Synthetic_GP_2,Synthetic_Park,R,AAA,SYN-A,SYN-A,F1,21,90.04230116281587,27.886481605630042,33.37327444762437,28.782545109561468,MEDIUM,Pirelli,7.0,0,1,1,1,False,False,True,False,23.682896651100283,32.017704215775694,43.52649188082816,1010.8718580080088,False,3.1409382541417052,217.4740954264514,1.0578665515260726,2.2422201719261086,209.21099682565037,324.9574781356501,67.29660149880915,0.1873740253612655,10285.174848169741,11736.623428670333,49,0.11132845776590587
F1,2023,2,2023-05-15,Synthetic_GP_2,Synthetic_Park,R,AAA,SYN-A,SYN-A,F1,22,90.24443236796502,27.992583388484686,33.36336760858615,28.888481370894176,MEDIUM,Pirelli,8.0,0,1,1,1,False,False,True,False,23.884526390565938,32.19099363886237,44.0002599582608,1010.5520215126096,False,2.886847643136013,215.8361754990524,1.0046802372768384,1.91395345564608,208.60821603647472,320.5422662154631,64.7496631537728,0.19585176728332054,10285.292012535303,11762.832052024847,50,0.08731914661165346
F1,2023,2,2023-05-15,Synthetic_GP_2,Synthetic_Park,R,AAA,SYN-A,SYN-A,F1,23,89.99383596198906,27.879199225905246,33.32596197322122,28.7886747628626,HARD,Pirelli,9.0,0,1,1,1,False,False,True,False,23.894826366206534,31.367017876123235,41.90455651435515,1006.8219095954647,False,2.285707959248113,256.080920054604,0.9806598368099276,2.208052731204296,210.31958648972426,321.6123963251853,65.32172051477612,0.18926316929240364,10361.82370465448,11677.861619920923,49,0.08299678916037649
F1,2023,2,2023-05-15,Synthetic_GP_2,Synthetic_Park,R,AAA,SYN-A,SYN-A,F1,24,89.82682978947491,27.836058630609703,33.265779833794866,28.72499132507035,HARD,Pirelli,10.0,0,1,1,1,False,False,True,False,23.275510270127487,31.331400289372827,44.974567630290245,1011.9161017881604,False,2.58255299208988,273.1508172639998,0.9884812549656339,2.108091445825148,211.2153396120422,323.41179886725683,67.17819140417295,0.17574696628261818,10539.512395659964,11829.905313713753,49,0.13234017132013953
F1,2023,2,2023-05-15,Synthetic_GP_2,Synthetic_Park,R,AAA,SYN-A,SYN-A,F1,25,90.02621431746107,27.902054260270194,33.333976567257984,28.790183489932893,HARD,Pirelli,11.0,0,1,1,1,False,False,True,False,23.99538448526428,30.75866498991176,43.24385466319453,1014.8110512527269,False,2.8894218201756767,284.45961201218245,0.9851682423792253,2.223153205215244,206.84758266031022,325.02606415592186,60.907348980752,0.17711274901567894,10588.081664947826,11554.909048220956,45,0.0911546508864263
F1,2023,2,2023-05-15,Synthetic_GP_2,Synthetic_Park,R,AAA,SYN-A,SYN-A,F1,26,89.99080766240402,27.91738055874791,33.40100761239561,28.672419491260506,HARD,Pirelli,12.0,0,1,1,1,False,False,True,False,23.85919300572666,29.78585878621412,42.10730436210298,1010.7888997489532,False,3.042179734241717,311.6145922747826,0.9921710892582196,2.024912105149661,209.39037548388967,323.46153159169563,68.98069690358126,0.181612203729046,10512.11791578234,11774.469486201757,46,0.15983331903755774
F1,2023,2,2023-05-15,Synthetic_GP_2,Synthetic_Park,R,AAA,SYN-A,SYN-A,F1,27,89.96145930615494,27.880073553797715,33.2877870860654,28.79359866629182,HARD,Pirelli,13.0,0,1,1,1,False,False,True,False,23.966841481506847,28.73714172677747,44.51245545545801,1008.3532786160201,False,3.0591621564968365,329.8285398865579,1.052818828889508,2.199980098960625,207.16763817888858,321.81202410278365,64.53676278625103,0.17239460664940426,10717.813694929066,11845.571232431688,47,0.1294363051319953
F1,2023,2,2023-05-15,Synthetic_GP_2,Synthetic_Park,R,AAA,SYN-A,SYN-A,F1,28,90.13277495903135,27.903527737013512,33.33626116641745,28.89298605560039,HARD,Pirelli,14.0,0,1,1,1,False,False,True,False,24.14086247330502,30.30341396354372,42.53658731529819,1010.4532784345124,False,2.9697090982944343,357.4769445784061,1.0007311476505123,1.9546025802817133,206.66529518220514,319.5043113501376,64.96239949929793,0.18613574684393658,10459.379728092441,11789.462477439465,49,0.043009499996671766
F1,2023,2,2023-05-15,Synthetic_GP_2,Synthetic_Park,R,BBB,SYN-A,SYN-A,F1,1,89.77437143235979,27.91050086228638,33.236487989436085,28.627382580637317,MEDIUM,Pirelli,1.0,1,1,2,1,False,False,True,False,23.565668509981183,32.502093452968445,43.62462301782776,1009.8678082345372,False,2.68444365487146,123.2126611096102,1.2840873989326367,1.8648792791442972,209.4322441669611,322.1076177209416,65.88443274514097,0.18989245109216213,10503.16620910962,11826.970630709668,49,0.11369692054752678
F1,2023,2,2023-05-15,Synthetic_GP_2,Synthetic_Park,R,BBB,SYN-A,SYN-A,F1,2,90.08673706075909,27.90840948715351,33.306652408252575,28.87167516535301,MEDIUM,Pirelli,2.0,0,1,2,1,False,False,True,False,23.262175234802406,32.815114591644864,43.26218942604423,1011.7109498159076,False,2.9742141681657452,151.87371950837343,1.2480788351669423,1.879835040588869,209.63300920864867,325.67884661564386,66.56306846256217,0.17904953833456536,10123.771287858322,11928.940297703564,48,0.12211499530097712
F1,2023,2,2023-05-15,Synthetic_GP_2,Synthetic_Park,R,BBB,SYN-A,SYN-A,F1,3,90.16471805468784,27.913405133788306,33.40310545922191,28.848207461677625,MEDIUM,Pirelli,3.0,0,1,2,1,False,False,True,False,23.648067629595186,33.90531216640882,42.70995831825958,1011.725120193546,False,2.9649887169640308,169.8225116145894,1.1987306687250143,1.8807498368690474,208.2136827909898,325.3672016699992,66.14983610885677,0.1648599522812037,10351.761804811318,11849.665994513787,45,0.08023728546358011
F1,2023,2,2023-05-15,Synthetic_GP_2,Synthetic_Park,R,BBB,SYN-A,SYN-A,F1,4,89.96626334547966,27.933219506046083,33.26036255979123,28.77268127964234,MEDIUM,Pirelli,4.0,0,1,2,1,False,False,True,False,23.502149787972016,34.461210390895026,44.64244022366643,1010.3110223154896,False,2.695380156956968,177.95730631274267,1.2008550721343647,1.955414993668886,208.94683794854484,323.2760833205268,66.81390787715833,0.16275280025172117,10166.965488314525,11520.03930500187,51,0.10542043734893715
F1,2023,2,2023-05-15,Synthetic_GP_2,Synthetic_Park,R,BBB,SYN-A,SYN-A,F1,5,90.2045686659611,28.008221376588637,33.34981071816608,28.846536571206386,MEDIUM,Pirelli,5.0,0,1,2,1,False,False,True,False,24.00577490597998,34.68605363660945,45.44963671886903,1009.5725546683195,False,2.9269257865017435,212.5412431884459,1.2627401341785673,1.927875784030602,208.9454183177618,321.3421189744401,63.78561353321477,0.18629170056993366,10391.913585774031,11769.92711800228,49,0.1192137095479697
F1,2023,2,2023-05-15,Synthetic_GP_2,Synthetic_Park,R,BBB,SYN-A,SYN-A,F1,6,90.33171373320117,27.995664816630796,33.42521202990158,28.910836886668797,MEDIUM,Pirelli,6.0,0,1,2,1,False,False,True,False,24.01896417906631,35.02036687438374,44.37821787347716,1014.2272722346764,False,3.361801627585392,246.8477364458553,1.2742706595310018,1.90210647190247,206.60940520042502,325.65013426672385,63.20251448703969,0.1713880186386452,10344.144852786729,11697.039902265962,45,0.08393512185079127
F1,2023,2,2023-05-15,Synthetic_GP_2,Synthetic_Park,R,BBB,SYN-A,SYN-A,F1,7,90.0388015706552,27.931952947103767,33.326170554583214,28.780678068968214,MEDIUM,Pirelli,7.0,0,1,2,1,False,False,True,False,24.177855420177686,35.290369411870856,44.6911211378487,1010.2621972184864,False,3.0004094988596677,258.9624003216742,1.2775219205509918,1.7949624601874177,207.05218409060677,320.95785866477485,64.58471887576286,0.17025247646551517,10455.903948676318,11833.40110516492,45,0.10572823144241607
F1,2023,2,2023-05-15,Synthetic_GP_2,Synthetic_Park,R,BBB,SYN-A,SYN-A,F1,8,90.34959351251766,27.992190556047372,33.42187466100808,28.9355282954622,MEDIUM,Pirelli,8.0,0,1,2,1,False,False,True,False,24.403616364593404,35.61984415783958,42.106680793725204,1007.8732649501177,False,3.2915356521215835,283.585509805464,1.2858255840906068,1.6813761433092878,205.65696956288568,324.619268570582,68.17054394584312,0.14529745153568976,10194.281007158928,11824.27181886277,45,0.11365403478655518
F1,2023,2,2023-05-15,Synthetic_GP_2,Synthetic_Park,R,BBB,SYN-A,SYN-A,F1,9,90.22944697561789,27.996203798859124,33.33537753961902,28.897865637139745,HARD,Pirelli,9.0,0,1,2,1,False,False,True,False,23.91789276059566,36.07971805168151,44.71783085930586,1008.129780225587,False,3.2093623577500416,317.09330750720744,1.4366317146465493,2.0808278467160806,207.72389239602293,324.0300632582314,63.34620266400021,0.17861158199162117,10400.439622507913,11817.275140630749,46,0.1285747748520765
F1,2023,2,2023-05-15,Synthetic_GP_2,Synthetic_Park,R,BBB,SYN-A,SYN-A,F1,10,90.20697484787912,27.92231797863651,33.33608743046813,28.948569438774477,HARD,Pirelli,10.0,0,1,2,1,False,False,True,False,24.202467323193524,34.82226666399082,43.478705535157445,1011.3252052115059,False,2.8540597961989578,336.13742785324837,1.4477132640628123,1.8305469119134181,208.10253230519,322.01584940523327,69.19892687453816,0.1751893325834306,10586.501304920239,11821.117609003928,50,0.11428048194575527
F1,2023,2,2023-05-15,Synthetic_GP_2,Synthetic_Park,R,BBB,SYN-A,SYN-A,F1,11,90.21064472746963,27.97373769465309,33.37981168365471,28.85709534916183,HARD,Pirelli,11.0,0,1,2,1,False,False,True,False,23.882102071408255,36.07076711981252,43.51253359229911,1009.6662995361467,False,2.8244861839841584,345.73442538861354,1.2748669772802166,2.021606085201443,207.60988620290155,322.9359570359551,64.76657173920717,0.17681379977240186,10483.12587179518,11777.654190829733,51,0.10441438250777688
F1,2023,2,2023-05-15,Synthetic_GP_2,Synthetic_Park,R,BBB,SYN-A,SYN-A,F1,12,89.97311682058786,27.91499134419179,33.322577065684634,28.735548410711438,HARD,Pirelli,12.0,0,1,2,1,False,False,True,False,23.91021127856194,36.229650390456136,44.42031506757025,1010.1796187144153,False,2.585354933892377,0.27751370442894085,1.412454042470406,1.843898381096673,210.9015198972503,322.7105189212225,62.871961535929465,0.17194017234206577,10319.97913013548,11889.378330054304,50,0.1426731512281454
F1,2023,2,2023-05-15,Synthetic_GP_2,Synthetic_Park,R,BBB,SYN-A,SYN-A,F1,13,90.27193286430075,27.94048822572848,33.3904107394772,28.941033899095075,HARD,Pirelli,13.0,0,1,2,1,False,False,True,False,23.90446519385101,35.79084885115168,44.25162716268856,1009.6914636495434,False,2.800695141036478,17.045557051122557,1.2806879238300892,1.8957618353324792,207.5428620886137,321.0879513766645,67.72310803168273,0.16304557277437495,10404.731442823811,11836.21112997363,49,0.07762315715694817
F1,2023,2,2023-05-15,Synthetic_GP_2,Synthetic_Park,R,BBB,SYN-A,SYN-A,F1,14,90.42620373466004,28.060874971505655,33.468149700743574,28.897179062410807,HARD,Pirelli,14.0,0,1,2,1,False,False,True,False,23.59021321626747,36.142650093371635,44.75367903923395,1010.2102068851162,False,3.1850529944603663,52.7368022791311,1.3525290846053049,1.8674797811982022,205.73721837449543,323.3232365882029,65.65132754290785,0.1785451360158487,10275.228417328744,11654.628379363812,51,0.1318920103630069
F1,2023,2,2023-05-15,Synthetic_GP_2,Synthetic_Park,R,BBB,SYN-A,SYN-A,F1,15,90.32560175535237,27.96968511319943,33.390808115719224,28.96510852643371,MEDIUM,Pirelli,1.0,1,1,2,1,False,False,True,False,23.85821904509362,35.232243630474386,42.47712317250927,1011.6568090463061,False,3.032585060504112,68.18644478881208,1.0875497893630617,1.872585446610944,208.9442377466309,324.6929455898716,63.50889724155284,0.1865224714170616,10328.163141609899,11697.892690244016,45,0.10025233604708814
F1,2023,2,2023-05-15,Synthetic_GP_2,Synthetic_Park,R,BBB,SYN-A,SYN-A,F1,16,89.94880667729163,27.92304035854977,33.27223148685073,28.75353483189113,MEDIUM,Pirelli,2.0,0,1,2,1,False,False,True,False,24.45893612663586,34.51531967398085,43.518906571540725,1010.0957180738355,False,2.8073122017365835,103.56427443530669,1.3136758159085484,1.8264262248572263,209.56553009886204,322.73497591188834,69.27232845428763,0.17295234413754676,10325.699512730527,11762.975391976921,49,0.12075058431070174
F1,2023,2,2023-05-15,Synthetic_GP_2,Synthetic_Park,R,BBB,SYN-A,SYN-A,F1,17,89.98885366130249,27.900553482574143,33.23639507511942,28.851905103608928,MEDIUM,Pirelli,3.0,0,1,2,1,False,False,True,False,24.069851732498357,35.001165600572385,42.64068355987809,1010.1715931908454,False,3.057113402609873,117.368773122101,1.1554015144684044,1.8376692900793115,209.2875597702082,326.015667145302,65.17251311822598,0.1855911083626662,10367.172553596145,11716.640692210085,50,0.1015437224235131
F1,2023,2,2023-05-15,Synthetic_GP_2,Synthetic_Park,R,BBB,SYN-A,SYN-A,F1,18,89.99484227463773,27.91033422114475,33.270131624404485,28.814376429088497,MEDIUM,Pirelli,4.0,0,1,2,1,False,False,True,False,24.034077381128835,34.98909171357708,43.271427366330386,1011.8799536482882,False,3.240198494127657,139.75666059015924,1.1162035728991346,1.9008029588240103,206.52494712845328,319.9240289025426,65.88550685040774,0.1777590294640694,10339.79510687146,11580.854941067573,50,0.10728624179673664
F1,2023,2,2023-05-15,Synthetic_GP_2,Synthetic_Park,R,BBB,SYN-A,SYN-A,F1,19,90.17021133980369,27.917846277583642,33.37350447803183,28.87886058418821,MEDIUM,Pirelli,5.0,0,1,2,1,False,False,True,False,23.52526339505739,33.825484938007634,43.905314004982365,1013.6369249673319,False,3.2386522226408903,157.0992463873289,1.3868269752979956,1.8901561754672256,209.10722770021377,325.7314168000438,63.98445850795225,0.190328832709561,10326.749849888885,11736.340756299578,45,0.11412522995804272
F1,2023,2,2023-05-15,Synthetic_GP_2,Synthetic_Park,R,BBB,SYN-A,SYN-A,F1,20,89.92939595766627,27.905154158591824,33.27942306469876,28.744818734375684,MEDIUM,Pirelli,6.0,0,1,2,1,False,False,True,False,23.363870666852712,33.96443305261047,44.244912503172735,1007.9772733378403,False,2.8644735552042193,182.68122004983798,1.2121965591706854,1.985593038252715,207.67203638040655,322.7615996698237,65.30262121952765,0.1846607758574127,10399.03601666973,11820.976794033992,50,0.12427470831937382
F1,2023,2,2023-05-15,Synthetic_GP_2,Synthetic_Park,R,BBB,SYN-A,SYN-A,F1,21,90.25561631278431,27.97763646071533,33.37543579958737,28.90254405248161,MEDIUM,Pirelli,7.0,0,1,2,1,False,False,True,False,24.05417722350082,32.91869908782484,42.81023864393502,1011.3773212422695,False,3.0114914346961057,204.08712530087757,1.244545181650227,1.7266392285580219,207.323593175372,324.14574329857584,67.88871054104241,0.177254447909027,10415.111995540585,11716.923525530216,49,0.1315693103083307
F1,2023,2,2023-05-15,Synthetic_GP_2,Synthetic_Park,R,BBB,SYN-A,SYN-A,F1,22,90.35561025038963,28.041120373468324,33.49071384262596,28.82377603429535,MEDIUM,Pirelli,8.0,0,1,2,1,False,False,True,False,23.84167779186335,32.58478317459845,43.72439434495683,1011.4020926437692,False,2.5992308002801816,231.43256377129126,1.1903655436055312,1.967830116471404,208.00618713768807,324.69641977666384,68.66696361336517,0.18660000158343396,10457.527467487213,11944.693705278705,51,0.0970113974433903
F1,2023,2,2023-05-15,Synthetic_GP_2,Synthetic_Park,R,BBB,SYN-A,SYN-A,F1,23,90.18331367345813,27.974797891436914,33.3868606128914,28.82165516912982,HARD,Pirelli,9.0,0,1,2,1,False,False,True,False,24.118287880626898,31.941029623694863,43.23404475728186,1010.5044574984622,False,2.7190085129841637,254.416147183269,1.410787307251769,1.8161108950276628,207.0325326479103,322.4605318052272,63.81732705169077,0.1880614956069324,10648.761155817496,11667.468291829893,48,0.12783101133991684
F1,2023,2,2023-05-15,Synthetic_GP_2,Synthetic_Park,R,BBB,SYN-A,SYN-A,F1,24,90.28187709654316,27.991216078688232,33.42973682888049,28.86092418897443,HARD,Pirelli,10.0,0,1,2,1,False,False,True,False,23.69463241088506,30.8004700665623,42.993057251606594,1008.3133799100153,False,2.8122329250248743,274.39740484358856,1.4430476034437596,1.967062724675187,208.07393240714205,321.6480514522309,69.48894312896364,0.18474794884432671,10419.07960206269,11988.745195326675,49,0.061673185236436355
F1,2023,2,2023-05-15,Synthetic_GP_2,Synthetic_Park,R,BBB,SYN-A,SYN-A,F1,25,90.28546212530124,27.951831963996998,33.3869869794647,28.94664318183954,HARD,Pirelli,11.0,0,1,2,1,False,False,True,False,24.013717864351076,29.760184301102882,43.78062208640431,1012.6461360777179,False,2.7744849670911633,306.9275920686489,1.107118533817969,1.8768193347473163,209.0088396751509,322.30583225147535,62.64427927953777,0.1786370608957909,10200.231957024887,11750.305391652091,48,0.12057060751662488
F1,2023,2,2023-05-15,Synthetic_GP_2,Synthetic_Park,R,BBB,SYN-A,SYN-A,F1,26,90.22602635314193,27.995950241642642,33.36326023189752,28.866815879601766,HARD,Pirelli,12.0,0,1,2,1,False,False,True,False,23.98385684550127,30.427269790423395,44.37445300906895,1011.8145009641364,False,3.24440648520064,308.1438538707765,1.4529320023410766,1.7942532734820253,207.38284150195466,321.4763422744678,67.20846007871562,0.18299394285283127,10319.253217724012,11861.810040279048,47,0.12153907534405102
F1,2023,2,2023-05-15,Synthetic_GP_2,Synthetic_Park,R,BBB,SYN-A,SYN-A,F1,27,90.70945007529706,28.15324312223159,33.542622499842736,29.013584453222734,HARD,Pirelli,13.0,0,1,2,1,False,False,True,False,24.671533420377447,29.633863047271824,45.36408012841252,1010.1672289485402,False,3.208313661729737,347.2992481550381,1.248578566348331,1.8794112422587137,206.5716694545105,323.5715952365752,65.97212560030846,0.17565640259221912,10510.547236805634,11648.214211417911,47,0.11101628250119445
F1,2023,2,2023-05-15,Synthetic_GP_2,Synthetic_Park,R,BBB,SYN-A,SYN-A,F1,28,90.4216098802672,28.014186212704296,33.445309881533845,28.962113786029057,HARD,Pirelli,14.0,0,1,2,1,False,False,True,False,23.11609574478885,29.327774193759883,45.683837965903734,1009.4234054522353,False,2.587631386029006,354.5753326267502,1.325002380251738,1.9206621694282553,203.9811475998838,322.52422809981636,66.51460957003542,0.1847177349173093,10319.890913134082,11730.899537696861,50,0.14924664337110496
F1,2023,2,2023-05-15,Synthetic_GP_2,Synthetic_Park,R,CCC,SYN-B,SYN-B,F1,1,90.33685317071618,28.01548451633802,33.41930396743516,28.902064686943,MEDIUM,Pirelli,1.0,1,1,3,1,False,False,True,False,24.17510550242988,32.375013059310746,44.11344449328506,1008.9384582148787,False,3.371465497214262,122.35100471565009,1.596611049245177,1.5653747632227055,208.05569344938473,324.5809404278736,65.91178693393144,0.16680687659983373,10358.49819547401,11794.884894251029,49,0.1369803583983858
F1,2023,2,2023-05-15,Synthetic_GP_2,Synthetic_Park,R,CCC,SYN-B,SYN-B,F1,2,90.14038662842114,27.955683252048548,33.35593109137094,28.828772285001655,MEDIUM,Pirelli,2.0,0,1,3,1,False,False,True,False,24.061297914733288,33.54815203806143,43.296216090410084,1010.2007693564011,False,2.9136029535819525,157.2672889907946,1.499007826023819,1.626543037923735,207.6506822428011,320.703509702195,63.58600761614131,0.19417295076060984,10316.402660826725,11597.077793292276,51,0.1300271884577824
F1,2023,2,2023-05-15,Synthetic_GP_2,Synthetic_Park,R,CCC,SYN-B,SYN-B,F1,3,90.63676223325362,28.09507104452841,33.55461164734959,28.98707954137562,MEDIUM,Pirelli,3.0,0,1,3,1,False,False,True,False,22.776306541716192,33.505888979523675,43.98883622673656,1010.309388861904,False,3.238978675795403,174.12676133219216,1.7550173679618972,1.6541233063312368,204.9169342291587,323.41164222893144,62.206893064945916,0.176756782771657,10241.330156432676,11881.015790650961,47,0.11803612657660674
F1,2023,2,2023-05-15,Synthetic_GP_2,Synthetic_Park,R,CCC,SYN-B,SYN-B,F1,4,90.49320125836384,28.02853264171717,33.50203015179436,28.96263846485231,MEDIUM,Pirelli,4.0,0,1,3,1,False,False,True,False,24.3704208393102,33.89405555805442,42.89311297238178,1011.3557246489595,False,3.0454737169673325,214.06209915474312,1.4108250248849845,1.626003207981459,208.4414518487623,318.9055310535216,69.83257451239673,0.18117652612029167,10347.120068112821,11871.030876417493,47,0.12056214397782218
F1,2023,2,2023-05-15,Synthetic_GP_2,Synthetic_Park,R,CCC,SYN-B,SYN-B,F1,5,90.73509537563719,28.166478833296335,33.58967865165247,28.97893789068838,MEDIUM,Pirelli,5.0,0,1,3,1,False,False,True,False,24.294746061611658,34.2600832178917,43.80838812518319,1011.46113899654,False,2.5784790737962426,226.4306414475737,1.7884913899471993,1.685357146702768,204.69155766577964,326.26124407266843,64.56600639167785,0.19056815936902288,10526.851503600978,11657.652401348734,49,0.09676596509468643
F1,2023,2,2023-05-15,Synthetic_GP_2,Synthetic_Park,R,CCC,SYN-B,SYN-B,F1,6,90.61537974018539,28.109663844136577,33.54397419732702,28.961741698721795,MEDIUM,Pirelli,6.0,0,1,3,1,False,False,True,False,23.949651674196556,35.289386031399395,43.827641757746456,1010.4628599976702,False,2.9966279700915472,236.5153786597508,1.5605035154212805,1.6841491464113802,206.41475562939885,322.1047478055767,69.35817257650865,0.18028802874353073,10442.17664217103,11729.88845192953,50,0.10421425388006085
F1,2023,2,2023-05-15,Synthetic_GP_2,Synthetic_Park,R,CCC,SYN-B,SYN-B,F1,7,90.68695676581997,28.13089925478109,33.592891208380536,28.963166302658344,MEDIUM,Pirelli,7.0,0,1,3,1,False,False,True,False,23.82152184068949,35.67398377666534,43.43652199129201,1007.1101337739632,False,2.7252914374659376,259.74329386297427,1.5911498960678312,1.4221167343339738,205.74714675869154,320.55375066327827,68.15324738605231,0.18616558550358484,10323.810593250199,11742.303228068713,47,0.07620723692997007
F1,2023,2,2023-05-15,Synthetic_GP_2,Synthetic_Park,R,CCC,SYN-B,SYN-B,F1,8,90.63731512299047,28.129650586293387,33.50825601394026,28.999408522756823,MEDIUM,Pirelli,8.0,0,1,3,1,False,False,True,False,23.71229472458176,36.10505582484865,45.883329495453154,1009.4263901805274,False,2.75036196792919,289.41692670521104,1.5234892226290806,1.5905972630982121,207.50853258676972,324.0586565285482,66.9160692451033,0.19626439037061277,10513.529281506819,11543.246921862343,46,0.1031437102981518
F1,2023,2,2023-05-15,Synthetic_GP_2,Synthetic_Park,R,CCC,SYN-B,SYN-B,F1,9,90.61720047966857,28.084407625252634,33.57735586201336,28.955436992402568,HARD,Pirelli,9.0,0,1,3,1,False,False,True,False,23.702125812402016,35.07494934850613,44.67694634011574,1010.880077154297,False,2.6812166401997723,294.0458043635037,1.7799341654323961,1.5557458616753541,206.9775097581076,323.11074158853694,64.13658674074419,0.1831415227945326,10541.479642461374,11942.09570220505,50,0.09698077842356743
F1,2023,2,2023-05-15,Synthetic_GP_2,Synthetic_Park,R,CCC,SYN-B,SYN-B,F1,10,90.35203691064565,28.05283504745893,33.38386735705248,28.915334506134243,HARD,Pirelli,10.0,0,1,3,1,False,False,True,False,23.400389225392825,35.806749578001074,44.17922125567547,1008.205920815529,False,3.3533621281125234,306.5597518578008,1.6840475844704361,1.6841250946553181,208.05631662003591,323.4588648725485,67.76959251418754,0.18111869290115495,10481.213162930479,11988.290644646157,46,0.13317904401939668
F1,2023,2,2023-05-15,Synthetic_GP_2,Synthetic_Park,R,CCC,SYN-B,SYN-B,F1,11,90.60876463177775,28.110218500855087,33.52834375784464,28.970202373078024,HARD,Pirelli,11.0,0,1,3,1,False,False,True,False,23.57848243234578,35.90300837946372,43.82554155822108,1010.1100057039087,False,2.9588711045973572,348.087369325003,1.6680865505579328,1.4872084132579606,207.08555020574443,326.2926402756091,66.82822378744993,0.1851755798974677,10488.345511608044,11915.020196194064,46,0.11614595905876231
F1,2023,2,2023-05-15,Synthetic_GP_2,Synthetic_Park,R,CCC,SYN-B,SYN-B,F1,12,91.0733066359508,28.17917376417868,33.701003607777814,29.1931292639943,HARD,Pirelli,12.0,0,1,3,1,False,False,True,False,23.32847094445967,36.1036143724401,44.285717523394084,1011.5520541820256,False,2.9399669760408687,7.07244751636955,1.7313806522317532,1.4807810621879924,206.51504587766513,321.22957036145,67.38907096321655,0.1778024607117922,10632.386153057427,11830.544254778899,49,0.11547191351061267
F1,2023,2,2023-05-15,Synthetic_GP_2,Synthetic_Park,R,CCC,SYN-B,SYN-B,F1,13,90.71201941900964,28.130844025984683,33.52340409437275,29.0577712986522,HARD,Pirelli,13.0,0,1,3,1,False,False,True,False,23.742114320942164,36.29656049924281,44.198332671356795,1010.8126868185285,False,2.8513007613492967,31.344817936612344,1.63092405614063,1.51194656818345,203.91758324303538,322.71346578718976,64.07036623235561,0.20123962570752818,10207.84348770203,11979.749353282963,47,0.12012633781105207
F1,2023,2,2023-05-15,Synthetic_GP_2,Synthetic_Park,R,CCC,SYN-B,SYN-B,F1,14,90.69010354032186,28.178714528394185,33.600069131559515,28.91131988036816,HARD,Pirelli,14.0,0,1,3,1,False,False,True,False,23.71155243805982,35.74872527648975,45.02193062378434,1009.6860637252001,False,3.2254833224962822,51.37850106619777,1.63809584913245,1.6170242113378002,206.46266210290307,325.56865172177805,64.2463358896543,0.18109413142982309,10309.619534448473,11939.544751254974,51,0.14783693799204167
F1,2023,2,2023-05-15,Synthetic_GP_2,Synthetic_Park,R,CCC,SYN-B,SYN-B,F1,15,90.45741318855293,28.059687200939795,33.46572281892337,28.932003168689775,MEDIUM,Pirelli,1.0,1,1,3,1,False,False,True,False,23.988633375485776,35.56196879919526,45.495436882567056,1010.4897747355509,False,2.9475156954378554,68.24892097753633,1.4310245956281693,1.6436904838825137,209.37660437883088,323.0627106420892,69.94261888893745,0.18074321755445283,10385.009840368954,11852.791762357023,47,0.08366619578754696
F1,2023,2,2023-05-15,Synthetic_GP_2,Synthetic_Park,R,CCC,SYN-B,SYN-B,F1,16,90.24171001417203,27.952420577164236,33.372489967469306,28.91679946953849,MEDIUM,Pirelli,2.0,0,1,3,1,False,False,True,False,23.72913301859594,35.326091889962576,45.49609902055142,1010.2192852191645,False,3.6229238695875092,88.79378820576039,1.7181320068248547,1.4791373310283593,207.0157817363693,320.1078024845778,62.50024976077833,0.1919776480078986,10584.556736718538,11655.825436775765,45,0.07923450867364654
F1,2023,2,2023-05-15,Synthetic_GP_2,Synthetic_Park,R,CCC,SYN-B,SYN-B,F1,17,90.47077775340139,28.032121939064197,33.53426247724726,28.904393337089935,MEDIUM,Pirelli,3.0,0,1,3,1,False,False,True,False,24.15580389597164,34.928155108805825,45.10811476554757,1008.4726565708346,False,3.0717445739541027,125.20467950321682,1.5626061422250626,1.455199327258218,207.13594440512037,323.2218486749,68.38165554879188,0.16828953900939825,10558.829439645064,12018.820635797707,47,0.08872789463284858
F1,2023,2,2023-05-15,Synthetic_GP_2,Synthetic_Park,R,CCC,SYN-B,SYN-B,F1,18,90.4422443492804,28.058112793439236,33.43046725358489,28.95366430225628,MEDIUM,Pirelli,4.0,0,1,3,1,False,False,True,False,23.727960723544868,33.97966978182716,42.81236988905791,1011.7350445284709,False,2.7110540470590268,139.67920574264792,1.6985851520847806,1.5443542871507425,210.0627138527838,326.6702856772515,65.503532385427,0.1991149376657322,10551.680790509134,11719.770617547265,50,0.10281096318372919
F1,2023,2,2023-05-15,Synthetic_GP_2,Synthetic_Park,R,CCC,SYN-B,SYN-B,F1,19,90.43573688023939,28.031926375906785,33.444267770000515,28.95954273433209,MEDIUM,Pirelli,5.0,0,1,3,1,False,False,True,False,24.12914905343935,34.84121326297184,43.93970419205997,1010.8434705421022,False,3.0748428534051016,165.35116581934994,1.5137007238836102,1.682238532065049,206.63648617157202,323.4105187837405,67.7175358292132,0.1898565034195803,10574.62690729986,11872.442270180149,47,0.10830115880554256
F1,2023,2,2023-05-15,Synthetic_GP_2,Synthetic_Park,R,CCC,SYN-B,SYN-B,F1,20,90.65157100916844,28.0730946331919,33.58504329433691,28.993433081639623,MEDIUM,Pirelli,6.0,0,1,3,1,False,False,True,False,23.55799244290555,33.655169690799156,43.84865540707426,1010.7371628780065,False,3.211359809416412,185.34490800223125,1.607227406829266,1.7029632845531584,205.54955685794147,322.42359378559587,64.18594552316492,0.16193289077082249,10372.425284671355,11689.836422073799,51,0.12261654369475926
F1,2023,2,2023-05-15,Synthetic_GP_2,Synthetic_Park,R,CCC,SYN-B,SYN-B,F1,21,90.68887409555916,28.126144710153177,33.57294584892897,28.989783536477013,MEDIUM,Pirelli,7.0,0,1,3,1,False,False,True,False,23.159382564338475,33.534363034163405,42.80232432428908,1012.6147300362607,False,3.1011656228227316,217.65905658153565,1.6709088517991957,1.485025946460412,207.13190124033872,322.24157556852407,66.61042496654234,0.17280548695253584,10378.271965564345,11756.711503139335,48,0.12582177919591148
F1,2023,2,2023-05-15,Synthetic_GP_2,Synthetic_Park,R,CCC,SYN-B,SYN-B,F1,22,90.72063751228673,28.170957922253017,33.58437610497276,28.96530348506095,MEDIUM,Pirelli,8.0,0,1,3,1,False,False,True,False,23.499355321206558,32.04683648065165,43.37619449593392,1010.7125335695902,False,3.033054908744228,246.72599848893424,1.5238097955329128,1.47332907857394,202.90016042684516,321.02231944263167,69.78411388580109,0.16506978005718204,10331.198327941647,11925.886643199827,46,0.1252501676860321
F1,2023,2,2023-05-15,Synthetic_GP_2,Synthetic_Park,R,CCC,SYN-B,SYN-B,F1,23,90.46491754425209,28.03725594751182,33.51887785964889,28.908783737091376,HARD,Pirelli,9.0,0,1,3,1,False,False,True,False,23.794570481702152,30.812090346560034,43.57435600046103,1009.5766677192282,False,2.974220915305985,257.79858043364175,1.6565442995521036,1.483794704986933,204.37693539171804,321.9149618175457,63.538029654215734,0.1824873136419223,10330.3770657014,11888.428448536055,46,0.11276635847847694
F1,2023,2,2023-05-15,Synthetic_GP_2,Synthetic_Park,R,CCC,SYN-B,SYN-B,F1,24,90.61609868956349,28.11755554210289,33.48952351881495,29.009019628645646,HARD,Pirelli,10.0,0,1,3,1,False,False,True,False,23.906125740997222,30.922351995110247,44.14940019389353,1013.3198574994718,False,2.7163218954540262,282.36447218474177,1.671116512673262,1.462908131474282,207.87661404135778,323.2547651130363,66.06118019174248,0.18309741417731226,10381.050198851824,11858.94019144693,51,0.10241820925939225
F1,2023,2,2023-05-15,Synthetic_GP_2,Synthetic_Park,R,CCC,SYN-B,SYN-B,F1,25,90.72155757358787,28.099494867345424,33.55836718810749,29.063695518134956,HARD,Pirelli,11.0,0,1,3,1,False,False,True,False,23.61845223998908,30.69361318584965,44.18873690031575,1012.0180265563016,False,3.2731485860199716,291.7507939128019,1.531487376800572,1.7316631198098185,205.76821420105136,320.2183294731079,65.85552999368839,0.19008061390741843,10502.51603141913,11706.772951473335,51,0.12944311643683945
F1,2023,2,2023-05-15,Synthetic_GP_2,Synthetic_Park,R,CCC,SYN-B,SYN-B,F1,26,90.86552288002304,28.196322273497156,33.581068717353425,29.088131889172452,HARD,Pirelli,12.0,0,1,3,1,False,False,True,False,24.001420710381545,29.438732589522246,43.55986693686311,1010.2078191015404,False,3.0186278456000952,336.38870927190976,1.5983140295019156,1.7435157452739216,206.03009851878576,319.69496726238884,66.81099447473554,0.1821159745023957,10312.227663879,11982.887120489304,47,0.08604434673311472
F1,2023,2,2023-05-15,Synthetic_GP_2,Synthetic_Park,R,CCC,SYN-B,SYN-B,F1,27,90.79580114918524,28.177850548120944,33.614939728329524,29.00301087273477,HARD,Pirelli,13.0,0,1,3,1,False,False,True,False,23.849146117039812,29.63150223367303,41.86653295427701,1006.7860298233265,False,2.659054119263063,331.81476834418083,1.6299819826751587,1.5561453126223628,206.18380025376374,325.5318637125653,68.885547469068,0.20344727463615403,10503.760863979076,11890.556833702127,51,0.11320551370851824
F1,2023,2,2023-05-15,Synthetic_GP_2,Synthetic_Park,R,CCC,SYN-B,SYN-B,F1,28,90.64632537431005,28.116602590639012,33.524346310054725,29.005376473616316,HARD,Pirelli,14.0,0,1,3,1,False,False,True,False,24.096284523792722,28.58738795942059,42.87032687537415,1008.5919172109963,False,2.965527024454343,354.9835237251822,1.7492469940588857,1.5424393450067835,206.74607272650712,325.2057951524229,70.48707920211284,0.15606659594246106,10279.22283540006,11786.739033137417,49,0.1352515551505929
F1,2023,2,2023-05-15,Synthetic_GP_2,Synthetic_Park,R,DDD,SYN-B,SYN-B,F1,1,90.54914940039377,27.98137936625146,33.44782974163933,29.11994029250298,MEDIUM,Pirelli,1.0,1,1,4,1,False,False,True,False,23.938074812520018,32.5617116672796,43.3350289647272,1010.3736756519033,False,3.1615463682142844,117.74865965557277,1.816398643780256,1.5812693824220705,209.5660201621605,325.28270653978535,68.44152012792588,0.17643720725802708,10491.659791864924,11858.856184570526,49,0.12352531554953795
F1,2023,2,2023-05-15,Synthetic_GP_2,Synthetic_Park,R,DDD,SYN-B,SYN-B,F1,2,90.52334334071902,28.084397376031465,33.48320160717187,28.95574435751569,MEDIUM,Pirelli,2.0,0,1,4,1,False,False,True,False,24.21449226369307,33.269558985173646,45.40182320090554,1011.0402321363325,False,2.8542607583041613,144.65210112921366,1.9501881931024598,1.4756283234273024,206.7182673658034,323.6273672861394,64.33083637262618,0.1627023887659445,10516.699082357312,11772.915321915852,50,0.10428506236005056
F1,2023,2,2023-05-15,Synthetic_GP_2,Synthetic_Park,R,DDD,SYN-B,SYN-B,F1,3,90.4281515701144,28.091139439152187,33.47417273589016,28.86283939507205,MEDIUM,Pirelli,3.0,0,1,4,1,False,False,True,False,23.338963630843566,33.74897765839091,43.66964659259631,1010.3507765235472,False,2.352454733497561,168.25765977453895,1.9813754088948539,1.2793210180516486,206.9413972256475,322.66378161117615,65.40789349965861,0.20611019724921922,10418.377930153634,11605.261411307187,47,0.1643387102644702
F1,2023,2,2023-05-15,Synthetic_GP_2,Synthetic_Park,R,DDD,SYN-B,SYN-B,F1,4,90.59038769078255,28.047068578765916,33.48785505532858,29.055464056688052,MEDIUM,Pirelli,4.0,0,1,4,1,False,False,True,False,24.889879272430427,33.90638526002025,44.001644070544444,1011.8595176351378,False,3.2730198344216466,188.89697319706943,1.7884774010274924,1.394497589290801,203.3147177490624,323.80667943502834,64.79364634240385,0.18112921530280887,10395.606968950586,11755.391080016352,48,0.11228306653399256
F1,2023,2,2023-05-15,Synthetic_GP_2,Synthetic_Park,R,DDD,SYN-B,SYN-B,F1,5,90.89582360233351,28.224962993704537,33.642996362706626,29.027864245922345,MEDIUM,Pirelli,5.0,0,1,4,1,False,False,True,False,23.503918062529426,34.87782342520648,42.72879545317528,1010.2814182096839,False,2.797196696856992,216.49289895258576,2.0199125313107977,1.3692405249002169,206.85165928324477,323.930752788254,65.53374049869777,0.1805388391544899,10662.247998985671,11682.314746282209,50,0.09897974444811367
F1,2023,2,2023-05-15,Synthetic_GP_2,Synthetic_Park,R,DDD,SYN-B,SYN-B,F1,6,90.85125210879801,28.113412146867148,33.60918973752316,29.1286502244077,MEDIUM,Pirelli,6.0,0,1,4,1,False,False,True,False,24.379739898750962,35.748728205792695,43.73668316259858,1006.4997905690902,False,2.2989029992029533,242.54832743850548,1.975453760117811,1.4011302576539892,205.45697343671412,323.60709718435055,63.917808815669304,0.17319091887961108,10322.004718167627,11855.0760022421,51,0.09072927313493404
F1,2023,2,2023-05-15,Synthetic_GP_2,Synthetic_Park,R,DDD,SYN-B,SYN-B,F1,7,90.76389996058366,28.14157013519969,33.52742135870378,29.094908466680188,MEDIUM,Pirelli,7.0,0,1,4,1,False,False,True,False,23.93375142064963,36.35095514774896,41.7975538918366,1006.2525642794435,False,3.4495498095117885,260.73983525944504,1.7990157756011973,1.4956582910571399,206.19797958776948,325.72072321423957,65.39201660437949,0.17046523475229006,10532.35264857778,11799.72625067401,51,0.1239915948479792
F1,2023,2,2023-05-15,Synthetic_GP_2,Synthetic_Park,R,DDD,SYN-B,SYN-B,F1,8,90.79607336843928,28.127300362861348,33.618643190898425,29.050129814679508,MEDIUM,Pirelli,8.0,0,1,4,1,False,False,True,False,24.061716453539685,35.30452765556254,41.849820152440905,1010.6279511809473,False,3.391962509231815,268.31810261484003,1.9609121575715651,1.403177189603482,206.92783989241155,322.936113661205,62.10836917538926,0.1564253457658744,10094.078571814882,11799.212817598076,46,0.1060885857600228
F1,2023,2,2023-05-15,Synthetic_GP_2,Synthetic_Park,R,DDD,SYN-B,SYN-B,F1,9,90.49139933450587,28.091530596277206,33.51136132954864,28.88850740868002,HARD,Pirelli,9.0,0,1,4,1,False,False,True,False,23.88248939192075,35.9866125068639,43.795264142205674,1009.6279245304432,False,2.749703284655095,290.78985240549457,1.9497227447317897,1.5200304095772301,204.85400120002345,321.81687969071004,66.43736158272606,0.19243595850103337,10168.939572830224,11726.996496991225,51,0.09564290429313188
F1,2023,2,2023-05-15,Synthetic_GP_2,Synthetic_Park,R,DDD,SYN-B,SYN-B,F1,10,90.91815745952088,28.169471120502333,33.627075171317685,29.121611167700863,HARD,Pirelli,10.0,0,1,4,1,False,False,True,False,24.082055821336557,37.279876405978335,44.23898454457743,1009.9264841462075,False,2.7576460234960445,332.50842478753657,1.9935970782790096,1.4576672333714327,202.96411736474255,324.27398523102283,67.7840856763195,0.1741553423017892,10340.102784470237,11928.789196443313,50,0.12001665816863594
F1,2023,2,2023-05-15,Synthetic_GP_2,Synthetic_Park,R,DDD,SYN-B,SYN-B,F1,11,90.77405260053044,28.15330729423714,33.640312764754306,28.980432541538995,HARD,Pirelli,11.0,0,1,4,1,False,False,True,False,23.965763879873972,35.79986698899834,44.896322489412256,1008.9957045981573,False,3.191871082663039,348.12850293866524,1.938156698906615,1.2241059658562936,206.05579387083063,323.5324520508691,65.42916172784243,0.19025692384499435,10417.41766027236,11912.109567406222,47,0.10597625241645464
F1,2023,2,2023-05-15,Synthetic_GP_2,Synthetic_Park,R,DDD,SYN-B,SYN-B,F1,12,90.96737962422723,28.202793524440832,33.591143503959366,29.173442595827034,HARD,Pirelli,12.0,0,1,4,1,False,False,True,False,23.951394532468132,35.736574456817394,43.93373231293755,1010.5572155938675,False,3.04325466077976,4.177415406586022,2.025082721658489,1.292245555989107,204.6772869556727,321.376573912316,68.43942834393894,0.17388602278041432,10417.197923579564,11851.475173975441,49,0.12580659425017818
F1,2023,2,2023-05-15,Synthetic_GP_2,Synthetic_Park,R,DDD,SYN-B,SYN-B,F1,13,91.22064361508885,28.306468488674458,33.71923174107609,29.194943385338306,HARD,Pirelli,13.0,0,1,4,1,False,False,True,False,23.45968622138248,36.052744642790785,45.073901042273384,1009.6492394601721,False,2.8926963520869,26.843228015919067,1.8242594763496622,1.1528647986888563,203.279004702846,324.7095672197431,67.65481829620717,0.18274309936233615,10348.466800965469,11824.091374687338,45,0.0887576674237571
F1,2023,2,2023-05-15,Synthetic_GP_2,Synthetic_Park,R,DDD,SYN-B,SYN-B,F1,14,90.87543689647637,28.226965105762197,33.59427462192395,29.054197168790225,HARD,Pirelli,14.0,0,1,4,1,False,False,True,False,23.631873858075256,35.67484885019769,44.743036115978775,1009.048439803054,False,3.072845269410788,42.37464910011687,2.0312217849112097,1.3451831491992856,205.64144003069458,322.1301251967864,63.59809959144528,0.17763455118539845,10513.939273459755,11871.460591858555,48,0.08290503968928815
F1,2023,2,2023-05-15,Synthetic_GP_2,Synthetic_Park,R,DDD,SYN-B,SYN-B,F1,15,90.3899711777918,28.001699337736554,33.44192252946994,28.946349310585298,MEDIUM,Pirelli,1.0,1,1,4,1,False,False,True,False,23.7283321041082,36.37996300076739,42.92435673045123,1007.3643425680406,False,3.037060959125925,69.97014030799738,1.9554584827065702,1.297346821887776,206.56441136793245,325.5029925852643,67.13453545810097,0.18651044325603977,10426.096482487352,11935.348795692664,45,0.08968653476522906
F1,2023,2,2023-05-15,Synthetic_GP_2,Synthetic_Park,R,DDD,SYN-B,SYN-B,F1,16,90.70191405736699,28.13966820542347,33.563539465516996,28.998706386426527,MEDIUM,Pirelli,2.0,0,1,4,1,False,False,True,False,22.959204313470554,35.404992515867605,43.629942658778596,1011.7138144911439,False,3.058348127780797,93.64548307622772,1.830834120413998,1.3080037699720872,205.46714491965906,324.563519467343,67.25028022614744,0.20112505247735382,10372.100516228711,11606.542126070552,47,0.12380622903065165
F1,2023,2,2023-05-15,Synthetic_GP_2,Synthetic_Park,R,DDD,SYN-B,SYN-B,F1,17,90.51565937566298,28.02127029069265,33.507833863097176,28.986555221873147,MEDIUM,Pirelli,3.0,0,1,4,1,False,False,True,False,23.751397211979434,35.470383734378814,45.618589131792,1010.947695833296,False,3.4618857869723376,113.5596699510171,1.773272844315023,1.2718229419402372,207.94144391588657,320.05654599506585,62.6831116013622,0.1661546898216388,10188.483113105805,11781.69008119857,47,0.12299334650881089
F1,2023,2,2023-05-15,Synthetic_GP_2,Synthetic_Park,R,DDD,SYN-B,SYN-B,F1,18,90.63276311609383,28.086772171238444,33.517984452433666,29.028006492421717,MEDIUM,Pirelli,4.0,0,1,4,1,False,False,True,False,23.593305829311184,34.35073063872533,43.993136066983865,1008.2770103783675,False,3.1478582972845,138.58292972017688,2.0086228689130348,1.1891122424337548,206.40525613936208,323.9539617449218,63.19519215340819,0.19558009651709293,10516.589131630864,11716.476815809383,46,0.10075396265837774
F1,2023,2,2023-05-15,Synthetic_GP_2,Synthetic_Park,R,DDD,SYN-B,SYN-B,F1,19,90.85472345700155,28.14698410920721,33.62476869803199,29.082970649762352,MEDIUM,Pirelli,5.0,0,1,4,1,False,False,True,False,23.782198347078555,33.276978409830164,44.42423887328327,1010.8393677680137,False,3.658162027853197,151.74663390687903,1.9435320323102159,1.3297339255677676,206.8187902848156,322.98292283024284,66.31457934169809,0.192338048637477,10203.614324958546,11749.404189500376,49,0.09016477497048608
F1,2023,2,2023-05-15,Synthetic_GP_2,Synthetic_Park,R,DDD,SYN-B,SYN-B,F1,20,90.7377513912853,28.093669300464775,33.586706753588224,29.0573753372323,MEDIUM,Pirelli,6.0,0,1,4,1,False,False,True,False,24.138881824648028,32.911983801631855,46.205973462484124,1010.9062606122246,False,3.348482898631768,175.24933540882398,1.989531217922593,1.3348375384614661,207.88984634102997,318.9500021958375,61.92385581640554,0.17898443202048767,10476.767551909603,11930.585809670782,48,0.10283529796219322
F1,2023,2,2023-05-15,Synthetic_GP_2,Synthetic_Park,R,DDD,SYN-B,SYN-B,F1,21,90.93669296857226,28.203042085292985,33.65835474472867,29.075296138550605,MEDIUM,Pirelli,7.0,0,1,4,1,False,False,True,False,23.87877216893756,32.80269680657295,45.09237361695768,1009.9880350295008,False,2.9819657691792183,197.99670184560216,1.7233406886770628,1.1437785728930792,203.1725508278986,322.5119365685799,65.10490928157519,0.1858284792358041,10592.474559724153,11796.424825826442,47,0.09791210749706004
F1,2023,2,2023-05-15,Synthetic_GP_2,Synthetic_Park,R,DDD,SYN-B,SYN-B,F1,22,90.92184038517998,28.12766980476078,33.64463492166205,29.149535658757138,MEDIUM,Pirelli,8.0,0,1,4,1,False,False,True,False,23.4093173867796,32.58651882092215,44.12949203590791,1010.1797658817071,False,2.918691341609533,227.27968527957353,1.9403091113073,1.3118534106901085,203.94087606005618,322.2344451526161,63.63221801161524,0.1856323808898549,10310.174262317387,11845.53975472167,50,0.08072188891474893
F1,2023,2,2023-05-15,Synthetic_GP_2,Synthetic_Park,R,DDD,SYN-B,SYN-B,F1,23,90.69251658329715,28.13557832440773,33.55636123006649,29.000577028822924,HARD,Pirelli,9.0,0,1,4,1,False,False,True,False,23.48536421816675,32.32729648436641,45.18697564013813,1011.0333790277016,False,2.884912448415973,255.47610624337403,1.9698782053102621,1.5212631692707852,208.06381479494127,321.56816881716566,68.66980382319653,0.18073037932108452,10202.725540740963,11849.019100313224,46,0.14461742750888212
F1,2023,2,2023-05-15,Synthetic_GP_2,Synthetic_Park,R,DDD,SYN-B,SYN-B,F1,24,90.58476938553815,28.12458642986044,33.5676176518524,28.892565303825307,HARD,Pirelli,10.0,0,1,4,1,False,False,True,False,23.815087620156778,30.815568190670447,44.24022065726993,1007.5608880984564,False,2.5113064522894173,277.1678612811992,1.9186150285293275,1.368052955163788,206.52771494271968,324.47752354396334,65.39199571831324,0.16779032909246724,10381.031271410387,11705.035912284513,46,0.14634266691270995
F1,2023,2,2023-05-15,Synthetic_GP_2,Synthetic_Park,R,DDD,SYN-B,SYN-B,F1,25,90.74113424173979,28.114714209570653,33.566484303896004,29.059935728273132,HARD,Pirelli,11.0,0,1,4,1,False,False,True,False,23.599311225696034,30.170378409915266,43.95187335279824,1010.6667845605181,False,2.681981461705471,291.34301066355783,1.7628375723618377,1.3059472662684826,207.82448190019213,324.53005384446993,64.665634399834,0.1808368116178341,10396.141003079894,11854.169876679054,46,0.10710285126782458
F1,2023,2,2023-05-15,Synthetic_GP_2,Synthetic_Park,R,DDD,SYN-B,SYN-B,F1,26,90.76948852833459,28.16277492922837,33.58209752703095,29.02461607207527,HARD,Pirelli,12.0,0,1,4,1,False,False,True,False,23.91056052951886,29.592101556779,43.048610916186995,1009.9192274609611,False,3.444193793566162,316.83426237468825,1.8256606614318354,1.2555247328705876,205.93786616824795,321.56659063581964,68.31964687241842,0.1735687662516995,10345.940255907784,11753.970853741412,47,0.12429672770574972
F1,2023,2,2023-05-15,Synthetic_GP_2,Synthetic_Park,R,DDD,SYN-B,SYN-B,F1,27,90.92308470346744,28.14710573542039,33.66712090659611,29.10885806145094,HARD,Pirelli,13.0,0,1,4,1,False,False,True,False,23.515825843109116,30.59067531049802,44.56189392224529,1008.4678991024032,False,3.0305648213181033,336.51694998778817,2.063215711903103,1.4371279094570106,205.52661134752813,325.38044620425353,63.02071715004793,0.17722055427329547,10330.430419090308,11864.120083955362,50,0.07098906125594048
F1,2023,2,2023-05-15,Synthetic_GP_2,Synthetic_Park,R,DDD,SYN-B,SYN-B,F1,28,90.84258444508536,28.129393977397665,33.587883030771756,29.12530743691594,HARD,Pirelli,14.0,0,1,4,1,False,False,True,False,23.761308398866674,29.18315624244293,45.0226527026743,1009.2620875833351,False,2.9895984878813002,350.5864772610761,1.9285480890092799,1.1947684665460012,205.57433808363973,327.7478100769597,68.57978660068066,0.18733872899649862,10228.040824288782,11579.283093268748,48,0.09234003553158698
F1,2023,3,2023-07-15,Synthetic_GP_3,Synthetic_Street,R,AAA,SYN-A,SYN-A,F1,1,91.5154875661543,28.3702776627177,33.89805607876401,29.2471538246726,MEDIUM,Pirelli,1.0,1,1,1,1,False,False,True,False,25.284533557991296,33.85066144082037,43.3358486728387,1008.995269965496,False,3.365677484047375,171.88280855391216,0.8798575622765383,2.087425401779868,209.72414990140803,325.0403218097947,63.228333338760834,0.1635260755869893,10473.081656382561,11522.176376868243,50,0.10100201887365412
F1,2023,3,2023-07-15,Synthetic_GP_3,Synthetic_Street,R,AAA,SYN-A,SYN-A,F1,2,91.37265699228854,28.321602626474064,33.81485019563742,29.23620417017706,MEDIUM,Pirelli,2.0,0,1,1,1,False,False,True,False,25.170380330670426,34.901879999856114,40.51641281234369,1012.0329061460714,False,3.2314441921219537,202.3405226803994,1.0112312108121506,2.065724704267092,211.4100651604949,322.92540844222657,66.62005186671412,0.19339055210221165,10418.015169937684,11986.111569864197,45,0.09245041132740875
F1,2023,3,2023-07-15,Synthetic_GP_3,Synthetic_Street,R,AAA,SYN-A,SYN-A,F1,3,91.38174238481999,28.323537749180755,33.82077148172235,29.237433153916875,MEDIUM,Pirelli,3.0,0,1,1,1,False,False,True,False,25.138640769900576,35.33423153352921,43.31677694900423,1007.7670084120151,False,3.5849810975664473,198.77880964118503,0.9245374505979712,2.152931560272458,209.37082596670783,324.7077865021409,63.13834633879238,0.17627666548823623,10177.518618363882,11742.34802844831,50,0.11130031278237305
F1,2023,3,2023-07-15,Synthetic_GP_3,Synthetic_Street,R,AAA,SYN-A,SYN-A,F1,4,91.49815824677398,28.409749403634866,33.80412607839116,29.284282764747964,MEDIUM,Pirelli,4.0,0,1,1,1,False,False,True,False,24.41942195382833,35.38677502801573,40.76279448586391,1012.0573801556552,False,3.024897565890314,227.65510108473575,0.7998608348614032,2.1672646752483966,209.9553987391364,319.70633932457014,67.06811328702247,0.19508953623618333,10399.494515950259,11829.355391882402,45,0.09581530690796769
F1,2023,3,2023-07-15,Synthetic_GP_3,Synthetic_Street,R,AAA,SYN-A,SYN-A,F1,5,91.731764612453,28.38665245531992,33.94259572351444,29.40251643361865,MEDIUM,Pirelli,5.0,0,1,1,1,False,False,True,False,24.947319037962117,36.1682195297579,41.81307276160832,1010.7620327861631,False,3.464376085292427,253.19328676071427,1.106006455377817,2.131938123370989,207.30268435423903,325.6428523463643,63.97416397303516,0.17582507561368546,10268.490126420753,11806.108592353628,46,0.105957684658615
F1,2023,3,2023-07-15,Synthetic_GP_3,Synthetic_Street,R,AAA,SYN-A,SYN-A,F1,6,91.8377867695802,28.476835765217,33.92299942969796,29.43795157466524,MEDIUM,Pirelli,6.0,0,1,1,1,False,False,True,False,24.57666320543598,35.80427821328144,41.553304202522725,1007.80744288319,False,3.654757464379645,269.79808522328244,1.0991529541503817,2.2467857312256965,207.66431909360313,322.94718692508206,66.90907523320898,0.16521959774236594,10101.01520891489,11743.304203664615,51,0.10479671186054787
F1,2023,3,2023-07-15,Synthetic_GP_3,Synthetic_Street,R,AAA,SYN-A,SYN-A,F1,7,91.8500718429396,28.46232373600254,33.98780419179053,29.39994391514653,MEDIUM,Pirelli,7.0,0,1,1,1,False,False,True,False,24.628280680178296,35.99223697648945,42.32122928991236,1008.3980608471974,False,3.6648741969861636,306.69492660713763,1.135996318135386,2.192442906788121,208.80461385466126,322.5416360251476,64.69964219113582,0.21895566624599475,10512.155422495065,11896.458603870142,48,0.13014128656362525
F1,2023,3,2023-07-15,Synthetic_GP_3,Synthetic_Street,R,AAA,SYN-A,SYN-A,F1,8,91.87160165060995,28.497456540927043,33.94476279748167,29.429382312201227,MEDIUM,Pirelli,8.0,0,1,1,1,False,False,True,False,24.817092573001556,37.14854829750202,41.06902104528354,1008.2428778286359,False,3.68401849040604,303.42974158671586,1.1076607000159555,2.0466034378890146,210.74874278192286,323.652839710178,64.6689792940753,0.20559820185730684,10538.519605115343,11986.336168074453,48,0.12626561611778822
F1,2023,3,2023-07-15,Synthetic_GP_3,Synthetic_Street,R,AAA,SYN-A,SYN-A,F1,9,91.67692614602916,28.378068013829232,33.911574168535694,29.38728396366423,HARD,Pirelli,9.0,0,1,1,1,False,False,True,False,24.650300634012726,37.60107945144402,41.76981240042842,1009.3051837874972,False,3.6594607799662255,339.4413134357139,1.0375691108194947,2.08743243635267,209.52883545261886,320.9275064113723,64.18995223146246,0.17262101469625402,10364.121255757384,11775.383739942627,50,0.08820092773969192
F1,2023,3,2023-07-15,Synthetic_GP_3,Synthetic_Street,R,AAA,SYN-A,SYN-A,F1,10,91.92975296170901,28.51709236141007,34.043875699614155,29.368784900684787,HARD,Pirelli,10.0,0,1,1,1,False,False,True,False,24.817712863638832,36.32341213540093,41.55617162467847,1011.5135504805498,False,3.475413146326095,21.09979426883558,0.9400423953469608,2.0296630023399214,207.7836438403913,322.0965918476234,69.29469631712513,0.19624316401587807,10322.863100304774,11921.968333331579,47,0.10731198805604059
F1,2023,3,2023-07-15,Synthetic_GP_3,Synthetic_Street,R,AAA,SYN-A,SYN-A,F1,11,91.7804941257387,28.457783096787548,33.94185994566474,29.38085108328641,HARD,Pirelli,11.0,0,1,1,1,False,False,True,False,24.511210546031588,37.96571449338814,43.0110617628459,1012.65710865515,False,3.479162848270635,19.89468605203541,0.962973139888848,1.916871444774533,206.10146423823085,318.410501203871,60.31406285956223,0.17405357413343275,10585.87744749538,11635.85810563899,48,0.07297752749926065
F1,2023,3,2023-07-15,Synthetic_GP_3,Synthetic_Street,R,AAA,SYN-A,SYN-A,F1,12,91.97693420258753,28.496150698339104,33.99176130286356,29.489022201384863,HARD,Pirelli,12.0,0,1,1,1,False,False,True,False,24.723439454975836,37.94326415634389,42.36811158777063,1007.3556800575367,False,3.856050335729565,57.822681918599244,1.1894762926405553,2.0843290171938316,205.82010855841148,323.3434818961463,66.48259087605916,0.2011542229368991,10329.935330052791,11925.59481210967,47,0.11705047726391982
F1,2023,3,2023-07-15,Synthetic_GP_3,Synthetic_Street,R,AAA,SYN-A,SYN-A,F1,13,91.88461707576448,28.488400849133807,34.03324557674464,29.36297064988603,HARD,Pirelli,13.0,0,1,1,1,False,False,True,False,24.02013669734515,37.17910113649314,42.98619524326939,1010.3163179272478,False,3.318892613333524,62.549932024425914,1.0328372198311981,2.106884951959604,206.76900276809425,324.4840698186388,65.56127683893433,0.19282970528527746,10310.555825001815,11656.119733347978,47,0.13516165048543458
F1,2023,3,2023-07-15,Synthetic_GP_3,Synthetic_Street,R,AAA,SYN-A,SYN-A,F1,14,91.93451373514131,28.447907123112778,34.06333685366183,29.4232697583667,HARD,Pirelli,14.0,0,1,1,1,False,False,True,False,24.418954265196703,36.79308731175516,41.686528252187394,1008.7351651051447,False,3.5531135846993895,86.89610955909359,1.145524247484762,2.1506129904730082,208.50565722750179,326.1155957301337,63.66373019232212,0.19750654423349076,10411.707225050866,11592.477913314819,47,0.12635932741481187
F1,2023,3,2023-07-15,Synthetic_GP_3,Synthetic_Street,R,AAA,SYN-A,SYN-A,F1,15,91.34977898020378,28.311371735422593,33.844392554754805,29.19401469002638,MEDIUM,Pirelli,1.0,1,1,1,1,False,False,True,False,24.299907606272168,36.629226060913915,41.82141530544361,1009.0431789954525,False,3.0107856759980205,115.15256824990956,0.9063609406697982,2.0979919430476586,209.99926547818814,325.2781760687819,64.88774527719427,0.1697373974586198,10529.067333814202,11810.40149947867,49,0.15380568773709183
F1,2023,3,2023-07-15,Synthetic_GP_3,Synthetic_Street,R,AAA,SYN-A,SYN-A,F1,16,91.59681562688466,28.357027003601964,33.91790409020974,29.32188453307296,MEDIUM,Pirelli,2.0,0,1,1,1,False,False,True,False,24.674305639471182,35.816901781946314,40.21419177758524,1009.8726021524917,False,3.4333244726059795,137.18091728646596,1.2576480237122927,2.1042859753989185,210.16590230583108,321.2700766955839,66.9606887027874,0.16124627549560153,10614.293484439404,11905.940604860218,46,0.10261180635637424
F1,2023,3,2023-07-15,Synthetic_GP_3,Synthetic_Street,R,AAA,SYN-A,SYN-A,F1,17,91.20782428036689,28.266558861953595,33.699696858330604,29.24156856008269,MEDIUM,Pirelli,3.0,0,1,1,1,False,False,True,False,24.778242578910106,36.35379274113251,44.03396182433677,1010.6961173363593,False,3.3520190705629807,143.70258054022156,0.9586493562879841,2.0069061924827243,210.24329025526538,325.5381391919861,65.6715162861667,0.18280915912351678,10532.785529619454,11669.811323974789,47,0.16226786559387119
F1,2023,3,2023-07-15,Synthetic_GP_3,Synthetic_Street,R,AAA,SYN-A,SYN-A,F1,18,91.49015370501031,28.36255773600108,33.85216210759032,29.275433861418918,MEDIUM,Pirelli,4.0,0,1,1,1,False,False,True,False,24.290429292387856,35.498384164657885,41.778988802382784,1007.3847116167161,False,3.362664811058167,166.2065009608301,0.8500988292159193,2.1853562979588275,210.21213893252116,322.17009096043137,68.58695750730985,0.1835405253163169,10216.641942251452,11859.347231169328,48,0.08999151534955191
F1,2023,3,2023-07-15,Synthetic_GP_3,Synthetic_Street,R,AAA,SYN-A,SYN-A,F1,19,91.64992230959031,28.437129228239012,33.832961070735806,29.379832010615488,MEDIUM,Pirelli,5.0,0,1,1,1,False,False,True,False,24.99191079912007,35.211990054874484,44.215840099818244,1010.5106048739376,False,3.492443509421631,204.07501568130874,1.0524169285326832,2.0266084181842294,208.14218148412496,324.77971067182006,68.35291812686448,0.18113366210452392,10375.02247347809,11767.463574155274,51,0.13509282967281264
F1,2023,3,2023-07-15,Synthetic_GP_3,Synthetic_Street,R,AAA,SYN-A,SYN-A,F1,20,91.69779117332676,28.436772877517416,33.94428240637358,29.31673588943577,MEDIUM,Pirelli,6.0,0,1,1,1,False,False,True,False,24.467465082760235,35.31408269379917,41.085505201504645,1009.8735889898185,False,3.3066710255936593,228.42931587647615,0.8972794370035098,2.0407102541709126,209.13083598147398,323.33322610574385,66.88974870679489,0.17662150296013954,10349.964100235129,11944.596164597559,47,0.10125633405238799
F1,2023,3,2023-07-15,Synthetic_GP_3,Synthetic_Street,R,AAA,SYN-A,SYN-A,F1,21,91.58884207674068,28.41987808790697,33.853803431043694,29.315160557790016,MEDIUM,Pirelli,7.0,0,1,1,1,False,False,True,False,24.514593146481594,34.099304879141336,41.16041494439406,1011.0688892096547,False,3.1213499661563575,237.92631470363142,0.9926222042732065,2.1548770873184706,208.3528662406933,324.79420952113315,62.68463657215459,0.1761990960177361,10277.569948967486,11942.218437013644,50,0.12099719657417342
F1,2023,3,2023-07-15,Synthetic_GP_3,Synthetic_Street,R,AAA,SYN-A,SYN-A,F1,22,91.954721339216,28.532261141263227,34.055190479806214,29.367269718146552,MEDIUM,Pirelli,8.0,0,1,1,1,False,False,True,False,24.503326702003545,34.28449237784638,42.1175945370122,1009.536844824809,False,3.6147484720683316,262.1471522504703,0.9678780350128023,2.0668824424103076,207.59725985923197,319.7303504894691,66.82193556929762,0.18870167686310632,10403.966569725499,11753.529943509087,49,0.11156610834248508
F1,2023,3,2023-07-15,Synthetic_GP_3,Synthetic_Street,R,AAA,SYN-A,SYN-A,F1,23,91.73087638799392,28.440151836795323,33.93445416688955,29.356270384309042,HARD,Pirelli,9.0,0,1,1,1,False,False,True,False,24.71212122660786,32.96043658737728,43.8714907065241,1009.1535621220299,False,3.292154188681628,289.28688220712297,1.0757374932444286,2.2515819090649245,206.85288128197433,321.74513020879755,67.0366074233627,0.18567311677417245,10538.191218074226,11828.744356220743,50,0.1289367265117486
F1,2023,3,2023-07-15,Synthetic_GP_3,Synthetic_Street,R,AAA,SYN-A,SYN-A,F1,24,91.43278083774445,28.360711963755517,33.8614641346661,29.210604739322825,HARD,Pirelli,10.0,0,1,1,1,False,False,True,False,24.625821999543245,31.696561419912253,40.24892286180034,1009.8462712568386,False,3.009927796497746,301.63196721455085,0.9801079780544055,2.0772742152236656,209.1418831114844,323.348433778858,66.78430125440933,0.1756962885623245,10301.401576228522,11751.060177717995,49,0.1269293315368216
F1,2023,3,2023-07-15,Synthetic_GP_3,Synthetic_Street,R,AAA,SYN-A,SYN-A,F1,25,91.60076739124517,28.41178243575309,33.90815355672314,29.28083139876894,HARD,Pirelli,11.0,0,1,1,1,False,False,True,False,25.05055400530955,31.53902728869201,41.79197685942919,1013.1394398720357,False,3.854250457835347,320.6469321300775,1.0107796832089795,2.132678230571169,208.69295282499982,321.92208382314277,69.40901032518754,0.18898283759634107,10458.603499553592,11638.581941226337,49,0.10129478879636272
F1,2023,3,2023-07-15,Synthetic_GP_3,Synthetic_Street,R,AAA,SYN-A,SYN-A,F1,26,91.7567027148317,28.435668601126164,33.919035255035354,29.401998858670183,HARD,Pirelli,12.0,0,1,1,1,False,False,True,False,24.88615977056985,31.447417633869357,41.28042268439384,1008.1353584246265,False,3.5631756166004243,359.344933908686,1.1026385334712208,2.1138110255635802,207.29483805201238,320.62331162551885,66.0556188724247,0.16736291655949972,9975.104858554945,11924.638080250215,48,0.1341846990041117
F1,2023,3,2023-07-15,Synthetic_GP_3,Synthetic_Street,R,AAA,SYN-A,SYN-A,F1,27,91.67992703516174,28.41448054599758,33.90587019054406,29.359576298620105,HARD,Pirelli,13.0,0,1,1,1,False,False,True,False,24.39342369650605,30.05155841157173,42.239087268205424,1009.6981093140249,False,3.4117756148393292,7.384809916746917,0.9267538519468318,2.105501322449552,208.92412243695122,319.72821253490685,68.95953277429639,0.16286095267657835,10393.067489902563,11837.066738637737,51,0.11582055836566801
F1,2023,3,2023-07-15,Synthetic_GP_3,Synthetic_Street,R,AAA,SYN-A,SYN-A,F1,28,91.72358987072504,28.473841876580778,33.91717264149557,29.33257535264869,HARD,Pirelli,14.0,0,1,1,1,False,False,True,False,24.270589303412464,31.020825802643333,41.95987726014263,1009.6274194078969,False,3.5439810067632593,32.25550857136591,0.9814903366855315,2.1189670590666925,207.70900416929567,322.6406971399839,66.80148951268463,0.18162530391728943,10465.908704965033,11939.660037202872,46,0.09363880980195925
F1,2023,3,2023-07-15,Synthetic_GP_3,Synthetic_Street,R,BBB,SYN-A,SYN-A,F1,1,91.2449718479352,28.334995121759952,33.738706091341484,29.171270634833768,MEDIUM,Pirelli,1.0,1,1,2,1,False,False,True,False,24.473112007246588,34.80757819431764,42.690946754061905,1011.628133424269,False,3.546498476381292,159.83405491371585,1.3099648482580948,2.0422440319942976,209.15704283906933,326.4060516224444,67.46225529323573,0.18275316048208712,10501.97070215995,11671.015971579252,48,0.11340949203517932
F1,2023,3,2023-07-15,Synthetic_GP_3,Synthetic_Street,R,BBB,SYN-A,SYN-A,F1,2,91.39355863234917,28.33702173035398,33.86247737377091,29.19405952822428,MEDIUM,Pirelli,2.0,0,1,2,1,False,False,True,False,24.682906364373476,34.30404859823253,40.567268530910916,1008.4933803228125,False,3.7305172896903023,194.44571693424663,1.2038717946187634,1.9371071158895528,210.36492870252277,326.6935740427382,63.88267746600374,0.1805879859785633,10302.389773757994,11773.810704399675,45,0.11656346102564952
F1,2023,3,2023-07-15,Synthetic_GP_3,Synthetic_Street,R,BBB,SYN-A,SYN-A,F1,3,91.795524490942,28.457587658432878,33.95891532072105,29.379021511788075,MEDIUM,Pirelli,3.0,0,1,2,1,False,False,True,False,24.401712958565216,35.05210194315857,44.11276940598534,1008.4893493275003,False,3.465805915227163,204.71931961185095,1.3763051508766369,1.9543057932351509,209.54222777387375,324.35527657394016,65.68546124023479,0.18012035847306934,10181.087499607685,11789.055812900056,50,0.12760121098492483
F1,2023,3,2023-07-15,Synthetic_GP_3,Synthetic_Street,R,BBB,SYN-A,SYN-A,F1,4,91.87752143555572,28.482873288422613,33.98037802373723,29.41427012339588,MEDIUM,Pirelli,4.0,0,1,2,1,False,False,True,False,24.49010297265636,35.643543481327164,41.18819854714517,1009.3108742822802,False,3.4935274702965007,229.22200365415168,1.2786512844501687,1.6333306869382493,207.63927694583856,319.8830580445886,63.672453568791106,0.1847984052252493,10392.371014787373,11816.403022345481,51,0.13337979851568468
F1,2023,3,2023-07-15,Synthetic_GP_3,Synthetic_Street,R,BBB,SYN-A,SYN-A,F1,5,91.56810476431004,28.353208761151347,33.87455682903056,29.340339174128125,MEDIUM,Pirelli,5.0,0,1,2,1,False,False,True,False,24.94480787969304,35.513644514667284,42.39871494448084,1009.7426000181964,False,3.327923499380278,261.9284794708038,1.0906005398735243,1.8222492335642277,209.63525996833778,322.86847691714934,71.06593807115011,0.19375285353078847,10418.05838248999,11693.89170687272,50,0.08728943034211856
F1,2023,3,2023-07-15,Synthetic_GP_3,Synthetic_Street,R,BBB,SYN-A,SYN-A,F1,6,91.76361762741121,28.492690555202735,33.970253010961486,29.300674061246987,MEDIUM,Pirelli,6.0,0,1,2,1,False,False,True,False,24.713738043081694,36.53260098000272,41.620881464572165,1008.8881589805942,False,3.5658387802523257,269.5249398690659,1.3191387395870393,1.9075905101151311,207.79517730242034,324.713979790965,68.9424486465269,0.1847159408182033,10258.419704446982,12001.97923117206,46,0.13323106080348035
F1,2023,3,2023-07-15,Synthetic_GP_3,Synthetic_Street,R,BBB,SYN-A,SYN-A,F1,7,92.07404177230963,28.50846070828139,34.05830688064683,29.507274183381405,MEDIUM,Pirelli,7.0,0,1,2,1,False,False,True,False,25.000570830410094,37.18404050217519,40.54580662638063,1010.980938098984,False,3.411797629217422,290.083144034559,1.263497490828358,2.03698958995861,209.25337198051966,320.4061002364637,66.92255998209977,0.17789678438360798,10467.319703221041,11774.190215388931,45,0.1144793813561152
F1,2023,3,2023-07-15,Synthetic_GP_3,Synthetic_Street,R,BBB,SYN-A,SYN-A,F1,8,91.86933304799304,28.49168690384651,34.028547346702425,29.3490987974441,MEDIUM,Pirelli,8.0,0,1,2,1,False,False,True,False,24.7610977585644,36.396634268505586,41.69828512847592,1010.1949314744307,False,3.7307148269037547,312.5733755538356,1.3629501947190692,1.7110963452976697,204.75785397188727,321.2876401322291,67.29160232315473,0.1719664712401549,10319.726086654535,11970.447241050502,49,0.09163842340538035
F1,2023,3,2023-07-15,Synthetic_GP_3,Synthetic_Street,R,BBB,SYN-A,SYN-A,F1,9,92.00925653211651,28.485785932417212,34.10187281362089,29.4215977860784,HARD,Pirelli,9.0,0,1,2,1,False,False,True,False,23.919063600140028,36.81859454570412,40.9315516830512,1009.7486163364111,False,3.19938026435673,351.60984859604,1.3807116866475992,1.8885607311014672,208.3975252684832,321.51164491694414,62.55158256651165,0.17113090672224676,10400.545714602571,11765.78949649918,51,0.1293999570880779
F1,2023,3,2023-07-15,Synthetic_GP_3,Synthetic_Street,R,BBB,SYN-A,SYN-A,F1,10,91.88412197164445,28.46118383085058,33.94575265926041,29.47718548153346,HARD,Pirelli,10.0,0,1,2,1,False,False,True,False,24.866222693256194,36.839389112913814,41.53347770434904,1009.935984450666,False,3.5290758703977336,351.23121803618227,1.3825161876868395,1.878779719354951,207.72684293538217,321.01619150887586,64.80592150404128,0.15558388177746788,10257.40508287695,11928.639155620012,49,0.14001606192964094
F1,2023,3,2023-07-15,Synthetic_GP_3,Synthetic_Street,R,BBB,SYN-A,SYN-A,F1,11,91.81880996375916,28.499090382634606,34.00807514412845,29.31164443699611,HARD,Pirelli,11.0,0,1,2,1,False,False,True,False,24.691566853193844,37.77949093680546,42.58615002958856,1009.5505259967991,False,3.6216514112714147,8.373914548024004,1.262656773946832,1.7969926744005411,208.36976254071877,321.1842464110541,62.21022047993323,0.1815294164116198,10342.747213486962,11779.440029631884,48,0.12179959812716595
F1,2023,3,2023-07-15,Synthetic_GP_3,Synthetic_Street,R,BBB,SYN-A,SYN-A,F1,12,91.94331479231452,28.51951685251427,34.06232954029766,29.36146839950259,HARD,Pirelli,12.0,0,1,2,1,False,False,True,False,24.77360042416063,37.01517817356888,40.520207270140425,1008.5440324094126,False,3.7609846140925924,46.124776786743325,1.5094573829799665,1.8520641778393419,206.8271973633982,325.96387593868974,64.67435948246215,0.18379145589801807,10318.254982323258,11863.137842491353,45,0.10463094818431232
F1,2023,3,2023-07-15,Synthetic_GP_3,Synthetic_Street,R,BBB,SYN-A,SYN-A,F1,13,91.87221522599265,28.444335825096267,33.97551271597444,29.45236668492194,HARD,Pirelli,13.0,0,1,2,1,False,False,True,False,25.061779777845857,36.90825896989148,42.340561218708636,1010.055148215216,False,2.999148788820469,64.17217965921714,1.2218096417668245,1.6659544180143158,207.08784048149815,321.94572991771383,67.74939991543654,0.16650300777788019,10480.101587006327,11845.77542648382,46,0.11619015512647331
F1,2023,3,2023-07-15,Synthetic_GP_3,Synthetic_Street,R,BBB,SYN-A,SYN-A,F1,14,91.94875332754671,28.539803909871157,33.95755487929817,29.451394538377386,HARD,Pirelli,14.0,0,1,2,1,False,False,True,False,24.481777676809205,36.66717457423673,40.989656970920095,1008.4956938452159,False,3.615935488622051,98.89365204842443,1.4710910262447638,1.7914717941170495,206.1697221700719,324.5514539796729,61.932404845102134,0.18114927910050976,10473.2887629754,11796.44230364983,45,0.055875241913480804
F1,2023,3,2023-07-15,Synthetic_GP_3,Synthetic_Street,R,BBB,SYN-A,SYN-A,F1,15,91.51611548738303,28.39700077768574,33.83654855511114,29.28256615458615,MEDIUM,Pirelli,1.0,1,1,2,1,False,False,True,False,24.842285536240414,36.851618634858646,43.31492455271422,1009.2861745340437,False,3.5993679224174,96.56550788633422,1.309266662754358,1.9255493389204148,210.06048480268083,321.5893977060451,71.7076975447242,0.18151860937266212,10444.500423867503,11726.15980504232,48,0.10466067045313261
F1,2023,3,2023-07-15,Synthetic_GP_3,Synthetic_Street,R,BBB,SYN-A,SYN-A,F1,16,91.28773035345323,28.28995879727006,33.7744044074339,29.22336714874927,MEDIUM,Pirelli,2.0,0,1,2,1,False,False,True,False,24.14186137487707,35.69317876555975,42.286495506601014,1008.1438249707999,False,3.4781605884365105,111.00118471117372,1.3591367581463394,1.8192692662770418,211.03968252015457,321.98624170373864,65.71692352176571,0.18985027246634212,10472.446218073052,11888.896997582759,48,0.09625024164019932
F1,2023,3,2023-07-15,Synthetic_GP_3,Synthetic_Street,R,BBB,SYN-A,SYN-A,F1,17,91.74887666760553,28.454906439976295,33.96985925628514,29.32411097134409,MEDIUM,Pirelli,3.0,0,1,2,1,False,False,True,False,24.251289397705683,35.87454331369169,41.44663101674591,1011.6088407174999,False,3.4008949973248046,150.27512724658374,1.3113705538225668,1.9465552524054548,208.4768165700202,324.00592713832907,67.47037595946004,0.17933030194991487,10238.97213545617,11655.522967437424,46,0.11775679808792389
F1,2023,3,2023-07-15,Synthetic_GP_3,Synthetic_Street,R,BBB,SYN-A,SYN-A,F1,18,91.70876367574904,28.42817653091135,33.898312900598995,29.382274244238694,MEDIUM,Pirelli,4.0,0,1,2,1,False,False,True,False,24.54993016241377,35.78080917867972,41.54146343524807,1008.9452525985766,False,4.21794346184678,167.0407455069552,1.265620680012212,1.8014380613021654,206.53734295816216,324.62646770662644,63.642641693310274,0.18404716980182165,10590.919313815912,11889.296004651442,50,0.08721576483846477
F1,2023,3,2023-07-15,Synthetic_GP_3,Synthetic_Street,R,BBB,SYN-A,SYN-A,F1,19,91.67974175106758,28.423958444663423,33.89036010591385,29.365423200490305,MEDIUM,Pirelli,5.0,0,1,2,1,False,False,True,False,24.853598920750333,33.58101161372017,42.49673009847582,1009.3546024356575,False,3.353585437258448,208.2453452211206,1.249650038800321,1.9579856610294772,209.03966620046236,323.4288688521418,63.008989225310984,0.18691521924376045,10508.75618973688,11716.7817067049,48,0.11107629015242453
F1,2023,3,2023-07-15,Synthetic_GP_3,Synthetic_Street,R,BBB,SYN-A,SYN-A,F1,20,91.70843174863408,28.41344615810984,33.99118516909045,29.3038004214338,MEDIUM,Pirelli,6.0,0,1,2,1,False,False,True,False,24.63716696017259,34.39782787375546,42.64992495057701,1010.056404838302,False,3.3770564132110095,236.64630449691902,1.2812757748752208,1.7427088117991598,212.02314276564218,325.28561273365113,66.34631068090009,0.1715381002021132,10452.770126335605,11937.048927670903,45,0.12371501174728902
F1,2023,3,2023-07-15,Synthetic_GP_3,Synthetic_Street,R,BBB,SYN-A,SYN-A,F1,21,92.04928922530166,28.56104140706784,34.08988190585129,29.39836591238253,MEDIUM,Pirelli,7.0,0,1,2,1,False,False,True,False,24.947885019199557,35.06856276061081,42.44057838109197,1011.1496605263701,False,3.4918058019745795,246.40099266216612,1.421523215594175,1.8334572438212948,207.4171646863371,320.40774716332663,69.45242134975985,0.18583331240953807,10342.848941804566,11823.409937083099,51,0.07589903634314069
F1,2023,3,2023-07-15,Synthetic_GP_3,Synthetic_Street,R,BBB,SYN-A,SYN-A,F1,22,91.8971106816822,28.499325444761837,33.99296890141902,29.404816335501337,MEDIUM,Pirelli,8.0,0,1,2,1,False,False,True,False,24.17281349404367,33.303147799861414,42.20277574810385,1007.9039032530402,False,3.472683754971009,273.06874814447997,1.3990444421388537,1.8670722117147938,207.12182982418645,321.83435169481805,66.41675957950181,0.17585397339632317,10305.862025767223,11824.937187215903,51,0.13430130025316916
F1,2023,3,2023-07-15,Synthetic_GP_3,Synthetic_Street,R,BBB,SYN-A,SYN-A,F1,23,91.95737687878413,28.499617625961317,34.04643506478931,29.411324188033504,HARD,Pirelli,9.0,0,1,2,1,False,False,True,False,24.17259554843457,32.690763088905975,41.38533580437385,1007.6339842851613,False,3.949341206782932,279.51084631378853,1.2588156697164694,2.0612096931858273,207.29123471170226,322.73658448575094,67.12963598256798,0.17663783020527032,10382.869321064201,11832.238530472809,49,0.15439503719723804
F1,2023,3,2023-07-15,Synthetic_GP_3,Synthetic_Street,R,BBB,SYN-A,SYN-A,F1,24,91.90870573200009,28.435891167577935,34.04844360174374,29.42437096267841,HARD,Pirelli,10.0,0,1,2,1,False,False,True,False,24.546162285106647,32.26025770655836,41.3386008835506,1009.5598053959209,False,3.1719653359361097,295.1310311796324,1.1847669448563822,1.8530187448470021,208.93560280219776,323.0480865980548,68.25849087368415,0.17260572828538176,10351.217616070842,11794.983830780291,47,0.10450946520124237
F1,2023,3,2023-07-15,Synthetic_GP_3,Synthetic_Street,R,BBB,SYN-A,SYN-A,F1,25,91.98614729907945,28.585075533194853,34.086390792563755,29.31468097332084,HARD,Pirelli,11.0,0,1,2,1,False,False,True,False,24.08648842568021,31.42239051213301,40.36337844571838,1012.822288937473,False,3.3318486280937614,328.22779625735257,1.288729110108626,1.7976635072528788,207.93302119299304,327.6331475765722,63.873249160790834,0.1758920987061452,10366.279160281978,11946.29601485425,45,0.1256964462772189
F1,2023,3,2023-07-15,Synthetic_GP_3,Synthetic_Street,R,BBB,SYN-A,SYN-A,F1,26,91.76238373910094,28.422679626510888,33.98110861680541,29.358595495784648,HARD,Pirelli,12.0,0,1,2,1,False,False,True,False,24.23422245769237,31.030835640728114,42.23961484803107,1010.3640456842098,False,3.543020159139532,342.7867716714883,1.349488348814025,1.8028568942350178,208.92926023688653,323.96438304772295,64.80036281555053,0.16673245780834897,10309.304720233136,11821.586901161825,49,0.11190695753544289
F1,2023,3,2023-07-15,Synthetic_GP_3,Synthetic_Street,R,BBB,SYN-A,SYN-A,F1,27,91.96322035720947,28.496511484851172,33.99269277616579,29.474016096192507,HARD,Pirelli,13.0,0,1,2,1,False,False,True,False,24.095246041488252,31.30721426262152,41.7860371829885,1007.9267266887517,False,3.6000920441639748,6.3497460881281995,1.4006549031651718,1.80928507771303,209.11788019969416,321.13366598142284,64.2449164336379,0.17269607724535876,10290.76439579491,11827.60145090331,45,0.13493354793866105
F1,2023,3,2023-07-15,Synthetic_GP_3,Synthetic_Street,R,BBB,SYN-A,SYN-A,F1,28,91.92979934317637,28.507567690178902,33.998720633670864,29.423511019326604,HARD,Pirelli,14.0,0,1,2,1,False,False,True,False,25.018359280795515,30.793791352779802,41.02508641852929,1010.2366369443213,False,2.9226322963054825,31.0713589660146,1.1460211000532572,2.031375267605691,207.4471588376576,320.77326235670927,66.54368091268076,0.1908724435314093,10299.510048298167,11801.276151882843,50,0.14283341206922645
F1,2023,3,2023-07-15,Synthetic_GP_3,Synthetic_Street,R,CCC,SYN-B,SYN-B,F1,1,91.85155907751457,28.46803482675053,34.01425778441812,29.36926646634592,MEDIUM,Pirelli,1.0,1,1,3,1,False,False,True,False,24.916504784686683,33.833730196932684,42.301445987557614,1010.764030189332,False,3.5597640426445443,167.82644904390864,1.481680755033266,1.6029132886188011,208.2832572664267,325.4495413458354,67.82396729423102,0.18357075895643649,10334.523955145736,11740.164958543251,47,0.13864355013357524
F1,2023,3,2023-07-15,Synthetic_GP_3,Synthetic_Street,R,CCC,SYN-B,SYN-B,F1,2,91.98369708440548,28.483404152828683,34.05420804460671,29.446084886970084,MEDIUM,Pirelli,2.0,0,1,3,1,False,False,True,False,24.99548904379553,34.556174335257,41.71542594786272,1008.5999044075656,False,3.8037824638277313,176.13054161986614,1.52712914812311,1.5572882957089533,208.22675061511256,320.0560513968772,64.1800449503776,0.17151608213524805,10503.564776853082,11939.750526085258,51,0.10143237716165437
F1,2023,3,2023-07-15,Synthetic_GP_3,Synthetic_Street,R,CCC,SYN-B,SYN-B,F1,3,92.05049914190221,28.533564860989003,34.041985856370175,29.47494842454303,MEDIUM,Pirelli,3.0,0,1,3,1,False,False,True,False,24.66864185620807,34.92617914856922,41.49413739992904,1009.1032405951388,False,3.434344936281062,212.8137549344663,1.613631822391621,1.4983696024190347,209.30519502324458,321.84266460409566,66.21903592047266,0.17620941560415376,10471.235512491396,11808.304987114992,47,0.06419464659516061
F1,2023,3,2023-07-15,Synthetic_GP_3,Synthetic_Street,R,CCC,SYN-B,SYN-B,F1,4,92.17310516819597,28.565973815727776,34.104857725648195,29.502273626820006,MEDIUM,Pirelli,4.0,0,1,3,1,False,False,True,False,24.429571867467004,36.06790523520039,43.492597116801775,1010.9775553905971,False,3.5072421814495587,222.0107575578785,1.710816593510278,1.5489490781634927,205.2170172220797,326.59097634735167,64.89171422931719,0.18262968349800068,10189.436799779121,11609.303401060082,45,0.15225797832979582
F1,2023,3,2023-07-15,Synthetic_GP_3,Synthetic_Street,R,CCC,SYN-B,SYN-B,F1,5,92.17604925526629,28.58389234661602,34.07801080209099,29.514146106559274,MEDIUM,Pirelli,5.0,0,1,3,1,False,False,True,False,24.94808106570774,36.73851410046503,40.31814679209082,1008.3122959517517,False,3.559853649450989,253.46194222983803,1.5664120043331224,1.6384044908031021,206.35562698573892,321.46314372676073,65.47197064500757,0.17582081285126153,10403.550886694424,11893.15065932565,49,0.11813089671674032
F1,2023,3,2023-07-15,Synthetic_GP_3,Synthetic_Street,R,CCC,SYN-B,SYN-B,F1,6,92.07146370135204,28.58245379978701,34.05321613673442,29.435793764830613,MEDIUM,Pirelli,6.0,0,1,3,1,False,False,True,False,24.494818759589634,35.71067737802017,42.82846580469099,1010.9409369143466,False,3.287916257011293,268.62792224623456,1.710846144557291,1.6503871061963609,205.91776349876557,324.9812261912756,66.44187682821011,0.17881113298325363,10344.067803218497,11750.187461430723,46,0.0982621753666358
F1,2023,3,2023-07-15,Synthetic_GP_3,Synthetic_Street,R,CCC,SYN-B,SYN-B,F1,7,92.09689138360552,28.526575874711607,34.0425661343068,29.52774937458711,MEDIUM,Pirelli,7.0,0,1,3,1,False,False,True,False,24.56882582840852,36.95411677202333,42.09585217094542,1010.1684892866822,False,3.6533420738251348,293.6349687273684,1.4810456641801981,1.4726467295347732,204.04808136815595,320.8634676728342,67.75874884751768,0.17696695528870493,10530.655616448423,11791.715588484072,47,0.12142232121475265
F1,2023,3,2023-07-15,Synthetic_GP_3,Synthetic_Street,R,CCC,SYN-B,SYN-B,F1,8,92.31412454333395,28.62034364726747,34.20082787915588,29.49295301691059,MEDIUM,Pirelli,8.0,0,1,3,1,False,False,True,False,24.636373599360226,37.34051010387417,40.970599668924756,1011.0220481211292,False,3.3873856365085397,306.60523068935476,1.695823620396479,1.6234667477380635,208.14822031605198,328.5471743648698,69.06085966781865,0.20647764756567322,10450.058860093832,11841.633495546288,48,0.13110535481935395
F1,2023,3,2023-07-15,Synthetic_GP_3,Synthetic_Street,R,CCC,SYN-B,SYN-B,F1,9,92.34711329916573,28.621066455084552,34.11525064967814,29.610796194403036,HARD,Pirelli,9.0,0,1,3,1,False,False,True,False,24.694172610847776,37.33456238955886,41.01658712820178,1011.7497262398036,False,3.735587342816408,339.10533821326504,1.4722693381929466,1.5031560036687874,206.64636207083882,322.4013426672616,65.50894188643635,0.1630196977547525,10628.35825793265,11901.164227677646,46,0.07379225098374237
F1,2023,3,2023-07-15,Synthetic_GP_3,Synthetic_Street,R,CCC,SYN-B,SYN-B,F1,10,92.30964306834319,28.57100801769622,34.21392748635835,29.524707564288626,HARD,Pirelli,10.0,0,1,3,1,False,False,True,False,25.195234673493946,37.54117335898191,42.82869161180657,1006.84251309076,False,3.78867855913662,352.47383459039344,1.415235124675015,1.6479520577906912,206.8959268154058,323.2752450523859,65.37806957506392,0.18615431026669488,10660.92538467315,11836.564560869358,46,0.07391564740995989
F1,2023,3,2023-07-15,Synthetic_GP_3,Synthetic_Street,R,CCC,SYN-B,SYN-B,F1,11,92.16206626073084,28.569339513456924,34.07536685580668,29.517359891467237,HARD,Pirelli,11.0,0,1,3,1,False,False,True,False,24.206461584568896,37.32020894651559,41.19491581207355,1009.6286734116727,False,3.581034413372411,20.622052312120672,1.6385201436862158,1.5726479186988298,207.41933486421834,324.4835280246844,65.71428692578178,0.17980103484578505,10325.550419795089,11813.410235976655,46,0.16315783075521154
F1,2023,3,2023-07-15,Synthetic_GP_3,Synthetic_Street,R,CCC,SYN-B,SYN-B,F1,12,92.2717088021933,28.591058948495338,34.09885412871946,29.581795724978505,HARD,Pirelli,12.0,0,1,3,1,False,False,True,False,24.62686236691454,37.01407140770675,41.516185802209975,1008.2285585274974,False,3.3755275300591,47.13539198039166,1.7789524442678748,1.4653624696054495,204.7904018056411,320.82809396063004,66.35984534454968,0.19414782519508686,10178.098235539139,11643.774030374218,49,0.11221853298363481
F1,2023,3,2023-07-15,Synthetic_GP_3,Synthetic_Street,R,CCC,SYN-B,SYN-B,F1,13,92.38038544567402,28.65978787902255,34.17703751139968,29.543560055251795,HARD,Pirelli,13.0,0,1,3,1,False,False,True,False,24.1710298099561,37.398675375293394,40.18423941057003,1010.8950297435509,False,3.2559502347955545,71.85326252572901,1.58640197919523,1.6218149415340404,205.68370674010438,321.14076949808555,64.76351998466906,0.18450002110356403,10366.37477347355,11723.356795456195,51,0.12054262576575152
F1,2023,3,2023-07-15,Synthetic_GP_3,Synthetic_Street,R,CCC,SYN-B,SYN-B,F1,14,92.21511295712156,28.562673497233448,34.09096698639144,29.56147247349667,HARD,Pirelli,14.0,0,1,3,1,False,False,True,False,24.366407153402207,37.0238072433494,42.876867707707206,1008.1939009789108,False,4.119178256320546,81.26178220592874,1.6825890757689856,1.6837443471315479,204.4912079069398,325.9162491788745,67.4479574153351,0.17499818787047963,10538.009629222324,11736.53367979537,50,0.10258547019946794
F1,2023,3,2023-07-15,Synthetic_GP_3,Synthetic_Street,R,CCC,SYN-B,SYN-B,F1,15,91.91429804735267,28.498703878718704,34.03286246496985,29.38273170366412,MEDIUM,Pirelli,1.0,1,1,3,1,False,False,True,False,24.960804496186036,36.16487436280669,42.98622151117967,1010.5618089424638,False,3.3780048595671026,107.31800147979737,1.447389298281819,1.5672145827863653,207.6837493850383,319.36108669700127,69.51120758432427,0.1936773767515975,10489.458432626088,11908.323306777107,49,0.12822213525482207
F1,2023,3,2023-07-15,Synthetic_GP_3,Synthetic_Street,R,CCC,SYN-B,SYN-B,F1,16,91.95865090911,28.517956710683446,33.99594663537822,29.444747563048338,MEDIUM,Pirelli,2.0,0,1,3,1,False,False,True,False,24.52949932967389,35.61048764069318,39.61749791147442,1010.3719823986394,False,3.289139963897186,121.81411567269248,1.5811390622595405,1.5789333036337443,206.97437938545562,318.127663262077,65.05243485416555,0.18759006567387962,10429.204289513384,11648.38259637797,51,0.10386723031546077
F1,2023,3,2023-07-15,Synthetic_GP_3,Synthetic_Street,R,CCC,SYN-B,SYN-B,F1,17,92.01112441626695,28.589168152926888,34.033421574141116,29.38853468919895,MEDIUM,Pirelli,3.0,0,1,3,1,False,False,True,False,24.29746687356699,36.13236523320139,42.63950968593361,1011.0195274735084,False,3.2909230030939924,151.0706717773436,1.5492742402764843,1.6156977807746873,206.3250195685952,318.4204038810579,66.523005611662,0.17944036776581465,10227.5188052073,11931.997797095668,46,0.10534517025912979
F1,2023,3,2023-07-15,Synthetic_GP_3,Synthetic_Street,R,CCC,SYN-B,SYN-B,F1,18,92.18810453945605,28.55814217184908,34.060197764331036,29.569764603275928,MEDIUM,Pirelli,4.0,0,1,3,1,False,False,True,False,24.10130383938829,34.88368422261022,41.39465434271944,1008.3524809357984,False,3.1100319520938644,179.6240071871806,1.6128558195629927,1.61413810175211,205.87978190654303,322.0703990461311,66.06910143944516,0.1900163127366864,10616.377947635585,11743.89093806834,51,0.12365496843566523
F1,2023,3,2023-07-15,Synthetic_GP_3,Synthetic_Street,R,CCC,SYN-B,SYN-B,F1,19,92.18190212409111,28.570295969115072,34.07449851336943,29.53710764160661,MEDIUM,Pirelli,5.0,0,1,3,1,False,False,True,False,24.270877399074717,34.9190225272096,43.241729603057294,1011.2879266959332,False,3.5881105647949654,198.80212279931072,1.6222250369670803,1.6924287339593036,209.1542812272893,325.48889895733976,65.51818450063837,0.18545826898408085,10352.476821388056,11860.317987496204,51,0.15785264668809634
F1,2023,3,2023-07-15,Synthetic_GP_3,Synthetic_Street,R,CCC,SYN-B,SYN-B,F1,20,92.1698948274854,28.559064886680865,34.10165965663656,29.509170284167965,MEDIUM,Pirelli,6.0,0,1,3,1,False,False,True,False,24.742292457882627,34.32326133410444,42.42168619705694,1011.7324256790985,False,3.4059474158931087,227.15793128880216,1.658351669981039,1.6940382885623766,205.41192883490183,320.2151268757846,66.45833221939458,0.1718961411881028,10405.818241583473,11923.230918910233,46,0.11430626032407909
F1,2023,3,2023-07-15,Synthetic_GP_3,Synthetic_Street,R,CCC,SYN-B,SYN-B,F1,21,92.28741851303076,28.59536149195088,34.118867300457424,29.57318972062245,MEDIUM,Pirelli,7.0,0,1,3,1,False,False,True,False,24.92351600864909,33.855882442978285,42.96919311929339,1008.1941130383735,False,3.951668879703488,226.78294325562717,1.3725117636620054,1.5056140612559272,206.24089832994693,322.39470579703,69.65001662640633,0.17237216692020396,10242.700895498034,11598.119100706628,49,0.10437112359985326
F1,2023,3,2023-07-15,Synthetic_GP_3,Synthetic_Street,R,CCC,SYN-B,SYN-B,F1,22,92.06386965825808,28.456158506399134,34.097200595065466,29.510510556793484,MEDIUM,Pirelli,8.0,0,1,3,1,False,False,True,False,24.153799600775088,33.44838662702098,41.196535549369145,1010.4650975277266,False,2.922831940924854,265.01411771686105,1.630928967207612,1.4923504400822272,207.7204084298989,325.06492106666536,63.82149173810749,0.1987049478903438,10424.036978129036,11611.468467341118,51,0.1265599565338311
F1,2023,3,2023-07-15,Synthetic_GP_3,Synthetic_Street,R,CCC,SYN-B,SYN-B,F1,23,91.81321957404269,28.497980814982053,33.95633109579296,29.358907663267672,HARD,Pirelli,9.0,0,1,3,1,False,False,True,False,24.511413558715205,33.79166615012503,43.02571486147262,1008.2394178565535,False,3.436861460471303,280.6538442070007,1.505138768396739,1.7077829749394584,208.5371004228068,322.14800978334597,65.11860223638259,0.16699910738520127,10422.207340072131,11874.001520676482,47,0.10547403119672026
F1,2023,3,2023-07-15,Synthetic_GP_3,Synthetic_Street,R,CCC,SYN-B,SYN-B,F1,24,92.15334142075946,28.519791988271916,34.067794990129194,29.565754442358347,HARD,Pirelli,10.0,0,1,3,1,False,False,True,False,25.009532812419373,31.637841387420384,41.34288336545289,1012.6245203000568,False,3.4516020633213347,321.18601009222607,1.618817371438546,1.573893998267243,206.07239487619532,324.59176848600606,68.54607808782103,0.17204767285225175,10582.566730758104,11882.806719662984,45,0.11834988494846777
F1,2023,3,2023-07-15,Synthetic_GP_3,Synthetic_Street,R,CCC,SYN-B,SYN-B,F1,25,92.22052985021803,28.556796177578054,34.138582723193984,29.525150949445994,HARD,Pirelli,11.0,0,1,3,1,False,False,True,False,24.649364410495423,30.529307298315402,43.367966673149716,1011.2125444722562,False,3.423329714601657,348.31477792602743,1.5747440069883083,1.7281792730300296,206.7968421420187,321.8250660626383,66.20924055504832,0.16717287715821316,10291.790509405535,11817.764509032091,50,0.10040934517960315
F1,2023,3,2023-07-15,Synthetic_GP_3,Synthetic_Street,R,CCC,SYN-B,SYN-B,F1,26,92.2913093241085,28.593075422884308,34.09905831182772,29.599175589396467,HARD,Pirelli,12.0,0,1,3,1,False,False,True,False,24.668706186217136,31.115208175014985,42.74657813245857,1008.7589784318629,False,3.6871777910058317,0.05496360505469511,1.4143460126125893,1.763980657612017,205.55227766993832,319.2387891148596,66.67196318080575,0.1853787102858144,10366.226151417317,12059.073142250816,50,0.10996309314500521
F1,2023,3,2023-07-15,Synthetic_GP_3,Synthetic_Street,R,CCC,SYN-B,SYN-B,F1,27,92.19477625171052,28.581090785672316,34.12163858523418,29.492046880804025,HARD,Pirelli,13.0,0,1,3,1,False,False,True,False,25.12723662818439,30.37726282929694,41.16843914129846,1010.4977407297115,False,3.1314538187762206,5.684349868924642,1.8238450651347509,1.5254234512308442,204.1575614629891,322.688222836452,67.36444270746048,0.19198363052248266,10309.115371629721,11700.24163864826,46,0.10906372935801964
F1,2023,3,2023-07-15,Synthetic_GP_3,Synthetic_Street,R,CCC,SYN-B,SYN-B,F1,28,92.14045535709036,28.517227038282876,34.10375225337061,29.519476065436876,HARD,Pirelli,14.0,0,1,3,1,False,False,True,False,24.926711091283845,29.850376280159757,42.89024843930888,1012.9478984527811,False,2.945733672388238,18.46664455371672,1.6783458812653096,1.6101564122776155,207.01893444795286,325.3506177717776,64.1450248049428,0.16559584585568843,10401.463531162504,11893.082216379047,48,0.07668767921928127
F1,2023,3,2023-07-15,Synthetic_GP_3,Synthetic_Street,R,DDD,SYN-B,SYN-B,F1,1,92.05868190784996,28.562125202948835,34.03658132768466,29.459975377216466,MEDIUM,Pirelli,1.0,1,1,4,1,False,False,True,False,24.85506088121221,34.412519865360316,41.46948574795562,1011.2926566169746,False,3.537439259312065,159.59962656086546,1.9899386065468,1.1477531778752286,208.59617366256887,319.17410571420345,67.36167769930877,0.17382455325733281,10305.932145026703,11720.136528378715,48,0.10372949073957405
F1,2023,3,2023-07-15,Synthetic_GP_3,Synthetic_Street,R,DDD,SYN-B,SYN-B,F1,2,91.78308072203323,28.52851318287748,33.917597282931176,29.336970256224582,MEDIUM,Pirelli,2.0,0,1,4,1,False,False,True,False,24.39349199908,34.14926592258994,42.46396724439428,1011.357708556841,False,3.194139491828784,192.96063547363798,1.8973330501142927,1.4233976117767966,209.00259482387236,322.73449065938485,62.371640979164944,0.1832783192468452,10548.32122268233,11741.617816985541,51,0.07500841886001566
F1,2023,3,2023-07-15,Synthetic_GP_3,Synthetic_Street,R,DDD,SYN-B,SYN-B,F1,3,92.246775055382,28.534685616595286,34.1986657463144,29.513423692472323,MEDIUM,Pirelli,3.0,0,1,4,1,False,False,True,False,24.692364382883444,34.74446287518293,42.28434093941211,1011.2835700445643,False,3.7754209269158236,210.35805927922803,1.8624764218325722,1.3322952065830855,206.33386844494714,323.0767837069134,69.1643516597149,0.1952285626013834,10479.06317873109,12000.139905301696,46,0.12014987668236693
F1,2023,3,2023-07-15,Synthetic_GP_3,Synthetic_Street,R,DDD,SYN-B,SYN-B,F1,4,91.94708766126067,28.569496318473018,34.02967778275137,29.347913560036282,MEDIUM,Pirelli,4.0,0,1,4,1,False,False,True,False,24.990201678324684,35.32111355960267,42.01832953833425,1007.04304234494,False,3.7447054435845213,241.91550370788755,1.8675419367932624,1.1137018342279135,206.97886729440677,323.149865951071,65.62289366791506,0.19847795029075965,10354.711554068488,11908.162756354972,49,0.13355679443601748
F1,2023,3,2023-07-15,Synthetic_GP_3,Synthetic_Street,R,DDD,SYN-B,SYN-B,F1,5,92.28145541462054,28.606189974885027,34.106505959438536,29.568759480296976,MEDIUM,Pirelli,5.0,0,1,4,1,False,False,True,False,24.520112632074056,37.068013485359074,42.76521656797267,1011.0599505575058,False,3.1084583102238326,240.8299224385856,1.8522479986963782,1.333157671815502,205.50476856463592,321.15782062081155,68.81113020015596,0.19813238885504877,10426.149369201587,11787.424247400477,50,0.11965093170079408
F1,2023,3,2023-07-15,Synthetic_GP_3,Synthetic_Street,R,DDD,SYN-B,SYN-B,F1,6,92.79352202199257,28.765734608611254,34.32676732383862,29.701020089542702,MEDIUM,Pirelli,6.0,0,1,4,1,False,False,True,False,24.183132450817723,36.07695375882022,41.388790270179406,1009.6139826664127,False,4.060644241307113,267.0804274611205,1.9382812434070198,1.2428226223307877,206.1316042874627,320.43678070489426,64.47623487678345,0.18223385978321202,10310.767461064015,11598.137329135112,49,0.11967805641123119
F1,2023,3,2023-07-15,Synthetic_GP_3,Synthetic_Street,R,DDD,SYN-B,SYN-B,F1,7,92.36507133938773,28.649291116854656,34.21784339078071,29.497936831752362,MEDIUM,Pirelli,7.0,0,1,4,1,False,False,True,False,24.512716441318595,36.67920569565286,41.366998494955226,1010.3070202591933,False,2.921444877172676,307.01281633489185,1.9006601252754676,1.3811598504450953,207.55277431600794,324.856310731816,67.1834705404438,0.1753895422139309,10459.751477720016,11838.54818358711,46,0.11416751553279016
F1,2023,3,2023-07-15,Synthetic_GP_3,Synthetic_Street,R,DDD,SYN-B,SYN-B,F1,8,92.38035394123271,28.632967340926264,34.19718364323485,29.550202957071598,MEDIUM,Pirelli,8.0,0,1,4,1,False,False,True,False,24.661443956393047,37.74129947725208,42.910153826752,1009.8598770684989,False,3.51077648868308,311.2713352605007,1.8465194695540184,1.297714281705968,207.70772629221275,325.64599841475354,66.21512053531401,0.1748522567284336,10498.575580365603,11664.357626361429,47,0.11237024695884756
F1,2023,3,2023-07-15,Synthetic_GP_3,Synthetic_Street,R,DDD,SYN-B,SYN-B,F1,9,92.2017616090877,28.586214298535737,34.134478935627286,29.481068374924675,HARD,Pirelli,9.0,0,1,4,1,False,False,True,False,24.5583657205832,37.2160296207989,40.81509084669533,1009.358329649504,False,3.7515309891825774,351.7998722520992,1.8026573163336241,1.3494797141422334,209.945439169241,327.1292105812771,66.1414710268353,0.18270967318803863,10636.577405043907,11580.95535617234,49,0.1286014577960481
F1,2023,3,2023-07-15,Synthetic_GP_3,Synthetic_Street,R,DDD,SYN-B,SYN-B,F1,10,92.32120797153902,28.60562606550014,34.13186243882754,29.583719467211345,HARD,Pirelli,10.0,0,1,4,1,False,False,True,False,24.173411395748833,37.75663242480554,42.53052745190051,1009.6441327009283,False,3.5104807969671508,1.779895723162781,2.0725075833179556,1.4143785671592461,206.07332307826562,319.7720509509015,66.85228487843271,0.19468390655256387,10437.511510047014,11911.35813117421,48,0.1092966347555017
F1,2023,3,2023-07-15,Synthetic_GP_3,Synthetic_Street,R,DDD,SYN-B,SYN-B,F1,11,92.25514717958512,28.534021460603704,34.15071922997918,29.570406489002238,HARD,Pirelli,11.0,0,1,4,1,False,False,True,False,24.312323640219375,37.76120055631207,42.80631891678141,1010.1751426744273,False,3.1465665020165203,32.599604880511265,1.9438422476031512,1.3471984509602548,205.9938322537425,321.18487460091075,66.43291751738859,0.18356238451711024,10465.671362881523,12003.698068897129,51,0.10998465306384289
F1,2023,3,2023-07-15,Synthetic_GP_3,Synthetic_Street,R,DDD,SYN-B,SYN-B,F1,12,92.66063430402508,28.71650528991319,34.30326045008312,29.64086856402877,HARD,Pirelli,12.0,0,1,4,1,False,False,True,False,24.77220797537681,37.39328370678416,41.54151302059646,1010.6861683133093,False,3.1927123053818867,39.34405684613398,1.830701325110038,1.2635969147228907,203.5077304010214,323.23036195859316,66.10674315093432,0.1951131664412089,10183.392453987248,11852.195290890646,48,0.1430599167781109
F1,2023,3,2023-07-15,Synthetic_GP_3,Synthetic_Street,R,DDD,SYN-B,SYN-B,F1,13,92.58475779045807,28.71202894181117,34.2747773145043,29.597951534142602,HARD,Pirelli,13.0,0,1,4,1,False,False,True,False,24.48187249168435,37.93547880219881,41.300960775267875,1008.2644988686849,False,3.373080235688655,68.46792650918076,1.7741851733341873,1.2123262364747789,203.2947156159768,322.7963367352315,66.63867526808993,0.20597205852112443,10471.119282411659,11801.74668653205,45,0.09493470340422425
F1,2023,3,2023-07-15,Synthetic_GP_3,Synthetic_Street,R,DDD,SYN-B,SYN-B,F1,14,92.4118975935073,28.642970357981486,34.174078804196256,29.594848431329567,HARD,Pirelli,14.0,0,1,4,1,False,False,True,False,24.899621189733754,37.211285646491746,42.80667816525533,1009.7901884629014,False,3.603554918751938,85.13809846447754,1.9576001524263136,1.1849752591663618,206.6921690755683,324.9956747348046,64.25153554577598,0.16398009789745335,10216.534985123473,11735.590823795173,47,0.1330404195114638
F1,2023,3,2023-07-15,Synthetic_GP_3,Synthetic_Street,R,DDD,SYN-B,SYN-B,F1,15,91.945255135901,28.440361483862223,33.992988757374796,29.511904894663978,MEDIUM,Pirelli,1.0,1,1,4,1,False,False,True,False,24.239015054673594,37.12882855917489,42.088690497389486,1008.776823606318,False,3.473076138943075,97.13971355194087,1.8040325691810866,1.268297698093793,203.42329032011872,321.31201985806274,68.37024728727727,0.1764298979303422,10432.130091433033,11877.345593411908,48,0.12393857647922286
F1,2023,3,2023-07-15,Synthetic_GP_3,Synthetic_Street,R,DDD,SYN-B,SYN-B,F1,16,92.12014635223125,28.590915468495925,34.08128382733826,29.447947056397062,MEDIUM,Pirelli,2.0,0,1,4,1,False,False,True,False,24.262722433084733,36.136920701578894,41.202679223826145,1011.581784368957,False,3.3789637828089454,132.03984289130221,1.8506376718309803,1.4380934244061465,209.55269192587306,317.11350310170195,68.82013886176645,0.1842120290433492,10452.829498309127,11627.645613561734,47,0.16159162839392
F1,2023,3,2023-07-15,Synthetic_GP_3,Synthetic_Street,R,DDD,SYN-B,SYN-B,F1,17,92.28410936017801,28.5769469353879,34.167910209757736,29.53925221503237,MEDIUM,Pirelli,3.0,0,1,4,1,False,False,True,False,24.555955085050574,35.886179147578574,43.15170684851953,1011.7291465655329,False,3.4503508448544022,147.0340244660419,1.7760871503434452,1.4773819387814153,206.35441674825822,323.6005653168947,70.03824117047627,0.17333452758883997,10646.890027787376,11871.95083484101,49,0.09511617408129217
F1,2023,3,2023-07-15,Synthetic_GP_3,Synthetic_Street,R,DDD,SYN-B,SYN-B,F1,18,92.45563492054346,28.666047049871942,34.23732176201883,29.552266108652688,MEDIUM,Pirelli,4.0,0,1,4,1,False,False,True,False,24.805500792461043,35.844448044798106,41.15000957645962,1010.178194375134,False,3.204112601930233,169.67363241976022,1.9226984900738742,1.3079758946177995,205.90056829241965,325.4969758423873,66.35375757203012,0.18229799227225177,10215.966115445308,11831.574909567531,47,0.09618845570021059
F1,2023,3,2023-07-15,Synthetic_GP_3,Synthetic_Street,R,DDD,SYN-B,SYN-B,F1,19,92.45945673269345,28.646523950444973,34.21979009514113,29.593142687107353,MEDIUM,Pirelli,5.0,0,1,4,1,False,False,True,False,24.917947125562474,34.80142605510075,40.883048633263314,1008.2683131739885,False,3.44883118698822,203.1409197679111,1.6811853257391725,1.152892508930847,205.8800765232843,324.22568826772726,66.20863950985913,0.16629587185814082,10314.892683148317,11759.0742637988,47,0.10937026384136601
F1,2023,3,2023-07-15,Synthetic_GP_3,Synthetic_Street,R,DDD,SYN-B,SYN-B,F1,20,92.23866816875149,28.586897883470662,34.11133548752002,29.540434797760803,MEDIUM,Pirelli,6.0,0,1,4,1,False,False,True,False,24.360065979047196,35.65017541076116,42.14573505560713,1010.3250658259209,False,3.303082890130989,214.85463012630737,1.8086571969044958,1.5458780851362681,206.85961582552324,320.60839922298436,66.7250557791883,0.20215186834758364,10305.152710812443,11935.392460218052,51,0.1389930054894013
F1,2023,3,2023-07-15,Synthetic_GP_3,Synthetic_Street,R,DDD,SYN-B,SYN-B,F1,21,92.58863154182015,28.680235294566053,34.290403339117766,29.61799290813633,MEDIUM,Pirelli,7.0,0,1,4,1,False,False,True,False,24.03314076733017,34.137061197094816,43.45037712513382,1010.8200825198468,False,3.523404836466852,237.52230271812607,1.7899426131501988,1.3094553784810445,204.0838602948605,321.1271574006464,64.54390471313206,0.18189951242621655,10377.17467896048,11819.12789260423,49,0.10764025337503397
F1,2023,3,2023-07-15,Synthetic_GP_3,Synthetic_Street,R,DDD,SYN-B,SYN-B,F1,22,92.581107730929,28.693144998046353,34.274757964070496,29.61320476881216,MEDIUM,Pirelli,8.0,0,1,4,1,False,False,True,False,24.51145495366,32.4445051619662,42.0809232793661,1011.9790777238737,False,3.7598685376773022,272.43989377619073,1.9446756363270978,1.4017788935149904,202.74435456235,322.2238736119094,66.11235560248892,0.17316110724400194,10475.111710409461,11664.260457051269,50,0.12982919482967603
F1,2023,3,2023-07-15,Synthetic_GP_3,Synthetic_Street,R,DDD,SYN-B,SYN-B,F1,23,92.33632575458248,28.620955753892947,34.130630585816704,29.58473941487283,HARD,Pirelli,9.0,0,1,4,1,False,False,True,False,25.220299047384408,33.10287195091895,41.95988282703939,1009.131132645873,False,3.4760971124131994,287.5751843186574,1.8702621841925453,1.228749788516671,204.23990237117224,320.6273679764652,65.41912103074506,0.1875671201935772,10374.594502176555,11869.213835870163,51,0.12568340141014708
F1,2023,3,2023-07-15,Synthetic_GP_3,Synthetic_Street,R,DDD,SYN-B,SYN-B,F1,24,92.1991045852312,28.623188939452454,34.157589009563814,29.41832663621493,HARD,Pirelli,10.0,0,1,4,1,False,False,True,False,24.47592838322898,32.0524551299191,40.095407748736214,1011.4124680811249,False,3.3254642364736813,311.82198314650964,1.7552288829281006,1.2428848605296225,205.91808538262882,322.2391619164139,66.01756466741243,0.17810029661888097,10285.508227331646,12000.761470068888,49,0.11594488773735848
F1,2023,3,2023-07-15,Synthetic_GP_3,Synthetic_Street,R,DDD,SYN-B,SYN-B,F1,25,92.15950973349351,28.615223154408067,34.070803366730004,29.473483212355433,HARD,Pirelli,11.0,0,1,4,1,False,False,True,False,24.80863538265262,31.87933196543482,42.17916297695562,1008.7626492192703,False,3.4409567378341106,325.4523129846335,1.7364096082963134,1.5535975424433395,204.09439852792354,323.74562008059144,68.87675255468442,0.19484804900366187,10475.464486752155,11858.477601089298,45,0.10828017504213677
F1,2023,3,2023-07-15,Synthetic_GP_3,Synthetic_Street,R,DDD,SYN-B,SYN-B,F1,26,92.40960708648875,28.595802585611043,34.212523613112815,29.601280887764894,HARD,Pirelli,12.0,0,1,4,1,False,False,True,False,24.613066336978928,30.924031770879395,41.285964109592115,1009.8954441895195,False,3.823283051463183,358.24234463780033,1.7713002686570922,1.3941488474450663,206.99553368776918,325.1442429650868,62.08697327817578,0.18577955577540295,10159.150289989688,11808.05304294838,51,0.14564324169889617
F1,2023,3,2023-07-15,Synthetic_GP_3,Synthetic_Street,R,DDD,SYN-B,SYN-B,F1,27,92.64997491054001,28.711876761953206,34.26883461792516,29.669263530661645,HARD,Pirelli,13.0,0,1,4,1,False,False,True,False,24.74697163901911,30.82267419394938,41.67195310924684,1013.3565238568734,False,3.4982848011666756,33.178064549948886,1.9212995213822084,1.4634553364443723,204.70791192955218,322.25751630074393,63.404892653569085,0.19349915874434614,10389.883623343512,11720.079533572187,47,0.09631846085187867
F1,2023,3,2023-07-15,Synthetic_GP_3,Synthetic_Street,R,DDD,SYN-B,SYN-B,F1,28,92.440980653834,28.667304670963723,34.20826805204363,29.56540793082665,HARD,Pirelli,14.0,0,1,4,1,False,False,True,False,24.12916966745902,30.063553430857382,43.22398442443419,1011.2448215949258,False,3.5973751691310047,43.947789515152294,1.9365144357660766,1.2838862167971647,207.3104439552879,320.55373130885425,64.37156053471348,0.17354824393639084,10328.70400213583,11674.150565397918,49,0.1437972985108353
F1,2024,1,2024-03-15,Synthetic_GP_1,Synthetic_Ring,R,AAA,SYN-A,SYN-A,F1,1,88.36766597748137,27.36388427736128,32.714920532565216,28.28886116755487,MEDIUM,Pirelli,1.0,1,1,1,1,False,False,True,False,22.38451976765481,31.70674733059887,44.88892480130418,1011.7526053989723,False,2.1591464778722202,93.94122000199111,1.1388046332484505,2.1316133405827578,209.06794133665707,324.4596212433683,65.9938292761523,0.17620458312961226,10246.418680578287,11833.213928366795,46,0.10220313966898345
F1,2024,1,2024-03-15,Synthetic_GP_1,Synthetic_Ring,R,AAA,SYN-A,SYN-A,F1,2,88.250525515088,27.400150640497714,32.61758654230183,28.232788332288457,MEDIUM,Pirelli,2.0,0,1,1,1,False,False,True,False,22.943533830808725,32.088640016608856,44.94631141948016,1010.1938013115214,False,2.3660277205611298,123.27296295114613,1.078680212697352,2.0334581582981777,207.8974582561285,324.26765690301045,67.8925008003608,0.19087868222470458,10385.375261957177,11794.787898724606,47,0.07654139441574115
F1,2024,1,2024-03-15,Synthetic_GP_1,Synthetic_Ring,R,AAA,SYN-A,SYN-A,F1,3,88.20756471105383,27.37163877808065,32.559956393972136,28.275969539001046,MEDIUM,Pirelli,3.0,0,1,1,1,False,False,True,False,23.085330351622403,32.67393287520666,47.431492311128274,1013.1306021600681,False,2.178003295799315,129.14065680507062,1.066463385337168,1.9654801269080249,208.48572882655773,322.87867697162665,67.71306036394176,0.18557202182949153,10370.882829054559,11719.833957718543,51,0.10987162169377472
F1,2024,1,2024-03-15,Synthetic_GP_1,Synthetic_Ring,R,AAA,SYN-A,SYN-A,F1,4,88.49138648924179,27.413146275591878,32.73482935629207,28.343410857357846,MEDIUM,Pirelli,4.0,0,1,1,1,False,False,True,False,23.12057319876983,33.57282671217628,45.52806528005686,1008.9977374249635,False,2.8644209082185124,153.9661687092511,1.0240337362319694,2.2323787907630215,208.61589542281814,326.75678188349525,68.90053420513642,0.1782599842604902,10591.310490172502,11842.318524729084,47,0.14629323142303124
F1,2024,1,2024-03-15,Synthetic_GP_1,Synthetic_Ring,R,AAA,SYN-A,SYN-A,F1,5,88.61023232678913,27.460653571789006,32.72889952500594,28.420679229994178,MEDIUM,Pirelli,5.0,0,1,1,1,False,False,True,False,23.44896163319467,32.98465149893543,45.395922860056274,1009.635582569139,False,2.792019736953437,176.23826476622145,1.0024422411269813,1.8741934943704666,207.0545945147117,320.5837779937148,64.52560531107669,0.17786719512974314,10428.94485429284,11717.258703200998,47,0.11610008175360084
F1,2024,1,2024-03-15,Synthetic_GP_1,Synthetic_Ring,R,AAA,SYN-A,SYN-A,F1,6,88.58978143148192,27.4655602826503,32.791815821021395,28.33240532781023,MEDIUM,Pirelli,6.0,0,1,1,1,False,False,True,False,23.268542233597678,33.856654476479655,45.47019239907685,1009.8162690255385,False,2.662547931305658,194.82176763834545,0.9145557474373698,2.083838099856292,207.1899148003543,324.25364199405,72.01267744166005,0.1803555867053849,10493.646796953335,11811.430486091567,51,0.13285287473117244
F1,2024,1,2024-03-15,Synthetic_GP_1,Synthetic_Ring,R,AAA,SYN-A,SYN-A,F1,7,88.38794614026445,27.409359816203263,32.705951344150705,28.272634979910478,MEDIUM,Pirelli,7.0,0,1,1,1,False,False,True,False,23.315839016954996,34.59888834644396,46.358734794641755,1008.703648805866,False,3.1042392259877896,235.1014744506379,0.9538990059001422,2.0263493229596254,206.0823820899769,323.2657121392875,62.39613169714084,0.18753625460455894,10501.658050169188,11835.800735713812,50,0.11016893314810326
F1,2024,1,2024-03-15,Synthetic_GP_1,Synthetic_Ring,R,AAA,SYN-A,SYN-A,F1,8,88.88847645067024,27.538195975566587,32.883740145495366,28.466540329608286,MEDIUM,Pirelli,8.0,0,1,1,1,False,False,True,False,23.34653222213552,34.407428819337056,46.51229620530796,1010.7967914195947,False,3.00191264969821,243.08009590575173,0.9945462371400848,2.162925669298496,205.84059255308563,326.0051401079312,65.89878059747524,0.1838746661570299,10518.15011770738,11794.669326920737,51,0.09912552759844094
F1,2024,1,2024-03-15,Synthetic_GP_1,Synthetic_Ring,R,AAA,SYN-A,SYN-A,F1,9,88.63222610161874,27.51325239580372,32.780150601124014,28.33882310469101,HARD,Pirelli,9.0,0,1,1,1,False,False,True,False,23.153453394728245,35.020995955319805,46.78939720475816,1009.0782785236789,False,2.71044912055186,262.68291983023937,1.017444014489783,2.274893523976902,208.98739334616286,323.3611611488752,64.07597378760218,0.18353602980778141,10429.022378239075,11912.627883863448,45,0.09176585309830246
F1,2024,1,2024-03-15,Synthetic_GP_1,Synthetic_Ring,R,AAA,SYN-A,SYN-A,F1,10,88.39253545877125,27.382181861095727,32.72956010533634,28.28079349233918,HARD,Pirelli,10.0,0,1,1,1,False,False,True,False,22.534782191349283,34.92411351680556,47.14677775128343,1011.4043851771315,False,1.9941460588452884,283.39603862614666,1.0612490824180292,1.8969566503162811,210.30705385702333,323.61977637228966,62.31352623648222,0.17503021437400648,10349.822493163456,11746.233028293318,50,0.12001152094629508
F1,2024,1,2024-03-15,Synthetic_GP_1,Synthetic_Ring,R,AAA,SYN-A,SYN-A,F1,11,88.7703816199251,27.51778091954729,32.90434569230178,28.34825500807603,HARD,Pirelli,11.0,0,1,1,1,False,False,True,False,23.523127678599757,34.59816261874181,46.607390617505544,1010.705819218437,False,2.797891832201104,318.1453240614804,1.001212797256012,2.0783850991961614,206.30773067749388,323.65418216143087,64.51369195996537,0.1887928228123006,10503.385837162594,11810.617212674919,51,0.08934466765334548
F1,2024,1,2024-03-15,Synthetic_GP_1,Synthetic_Ring,R,AAA,SYN-A,SYN-A,F1,12,88.82632087892921,27.561837655876545,32.92942786753077,28.335055355521895,HARD,Pirelli,12.0,0,1,1,1,False,False,True,False,22.828108770734055,34.05668796177825,45.77112834171475,1010.9956918614771,False,3.12662654665155,332.2384410009751,0.9814787620785566,2.014236713448488,207.84296538019123,321.0043191446394,64.44691932381407,0.19440173862947474,10438.34579582562,11785.471178759193,47,0.1105326173884154
F1,2024,1,2024-03-15,Synthetic_GP_1,Synthetic_Ring,R,AAA,SYN-A,SYN-A,F1,13,88.49373912533643,27.440312543694038,32.78428584769818,28.26914073394422,HARD,Pirelli,13.0,0,1,1,1,False,False,True,False,22.99260386115638,34.55901202922579,45.968744692857015,1009.638061286946,False,2.6655008258388815,3.376248899212726,1.0178352800914532,2.2111991140977514,207.46511364505716,324.21403293561207,65.58041097963026,0.18510784537680555,10536.246282099295,11840.076833881987,49,0.11867432141251703
F1,2024,1,2024-03-15,Synthetic_GP_1,Synthetic_Ring,R,AAA,SYN-A,SYN-A,F1,14,88.80419085453406,27.581140230938946,32.882259204534236,28.340791419060878,HARD,Pirelli,14.0,0,1,1,1,False,False,True,False,22.767592884980353,34.11648836216009,45.87599080274867,1008.8713610740434,False,2.4508013098034587,23.060925237272727,0.9583998100348862,2.1697518763886494,209.99095098994698,323.2090486252906,67.28171030832603,0.18263608637231077,10320.953879371265,11971.861463025478,48,0.1331338605992229
F1,2024,1,2024-03-15,Synthetic_GP_1,Synthetic_Ring,R,AAA,SYN-A,SYN-A,F1,15,88.0596783801277,27.32390726524085,32.576324230557944,28.159446884328915,MEDIUM,Pirelli,1.0,1,1,1,1,False,False,True,False,22.819052369130763,33.59226661448141,46.03737884492426,1010.4786344230151,False,2.6737008219322322,39.54304205485187,1.1018555101851035,2.1852680739663426,212.55053422488362,324.8011276708698,65.01777443123426,0.19046763231905472,10428.877010469896,11677.139863419625,51,0.10363432564570416
F1,2024,1,2024-03-15,Synthetic_GP_1,Synthetic_Ring,R,AAA,SYN-A,SYN-A,F1,16,88.17310403163196,27.359279241029444,32.6018761863351,28.211948604267427,MEDIUM,Pirelli,2.0,0,1,1,1,False,False,True,False,23.211350666506586,34.26465807128021,44.905577329643,1011.1666780460936,False,2.686220610132775,61.645806476532584,1.0920882104185592,2.0363717879586463,208.51234905914,325.1570151224426,68.04846977866336,0.17505604106426856,10662.436361478043,11796.566627532815,46,0.11498562217090386
F1,2024,1,2024-03-15,Synthetic_GP_1,Synthetic_Ring,R,AAA,SYN-A,SYN-A,F1,17,88.51678206761768,27.48461213220391,32.80858660074502,28.223583334668753,MEDIUM,Pirelli,3.0,0,1,1,1,False,False,True,False,23.19792314798052,32.43767021938491,45.40692059602147,1010.9209627412538,False,2.616322963599266,70.54643904523738,1.0372201901730256,1.8012567881269737,204.51114846467945,321.5969799984053,65.89084110613791,0.1945049426978241,10295.952416663275,11823.76614758347,49,0.10241060817768237
F1,2024,1,2024-03-15,Synthetic_GP_1,Synthetic_Ring,R,AAA,SYN-A,SYN-A,F1,18,88.58775166103086,27.4409237105944,32.77037015014412,28.376457800292343,MEDIUM,Pirelli,4.0,0,1,1,1,False,False,True,False,22.890989082771544,33.358278128151746,46.92571232919071,1010.2052870111305,False,2.7513711972829595,95.41648159470168,1.0613468965070623,2.182745855384954,210.3498326363329,324.27692502873913,65.0086831185882,0.17092162786091322,10493.976792634125,11880.00274597961,45,0.11801286403494186
F1,2024,1,2024-03-15,Synthetic_GP_1,Synthetic_Ring,R,AAA,SYN-A,SYN-A,F1,19,88.54528964948695,27.47364773815397,32.73650626251581,28.335135648817165,MEDIUM,Pirelli,5.0,0,1,1,1,False,False,True,False,23.270084375514042,32.58571092093817,46.01921082909806,1010.5715292079308,False,2.1700515141647836,130.6185447508351,0.9604908314959956,2.098472323978962,207.72903595901806,324.976365777438,66.8917531538723,0.1987399490284274,10444.891148477293,11976.168152122214,49,0.16195073472029423
F1,2024,1,2024-03-15,Synthetic_GP_1,Synthetic_Ring,R,AAA,SYN-A,SYN-A,F1,20,88.56912227749616,27.469813164386657,32.730846908808225,28.36846220430128,MEDIUM,Pirelli,6.0,0,1,1,1,False,False,True,False,22.993462838328345,32.16159032011239,47.36635921040167,1009.6499504571591,False,2.3883407520324855,146.8496346084071,1.00499121693409,2.1253026390204455,209.1749138921632,322.77802367588896,68.2956746344112,0.18566363702748326,10386.587867739367,11816.022691754924,46,0.13239555587756374
F1,2024,1,2024-03-15,Synthetic_GP_1,Synthetic_Ring,R,AAA,SYN-A,SYN-A,F1,21,88.59246346270366,27.51661267991024,32.80723934485474,28.26861143793868,MEDIUM,Pirelli,7.0,0,1,1,1,False,False,True,False,23.404449144480182,31.998703929634488,45.95272749599322,1008.0606150834587,False,2.556967858989788,188.7422946879542,1.0728810055077918,2.039785543078158,208.09482778413548,321.789462759969,62.75986312850124,0.19278729464848368,10426.28523177783,11812.613199879648,45,0.1168680371648816
F1,2024,1,2024-03-15,Synthetic_GP_1,Synthetic_Ring,R,AAA,SYN-A,SYN-A,F1,22,88.69755733159991,27.50005393776631,32.86854943910518,28.32895395472842,MEDIUM,Pirelli,8.0,0,1,1,1,False,False,True,False,23.184720505565554,31.093311792416163,45.82919749329178,1005.8448257681976,False,1.8847987821025192,200.69337641062896,1.158213838545298,2.1515939166894618,206.246878273439,319.94580963398874,65.39943172091415,0.18719549996270518,10256.948397566794,11865.562306216989,48,0.1541543745185796
F1,2024,1,2024-03-15,Synthetic_GP_1,Synthetic_Ring,R,AAA,SYN-A,SYN-A,F1,23,88.47830252910403,27.401799723319215,32.700105572755845,28.376397233028968,HARD,Pirelli,9.0,0,1,1,1,False,False,True,False,23.022168804981746,31.167877088349304,46.42533481532149,1010.2851501916433,False,2.2907535403879717,217.8866609243912,0.908949543438696,2.0686070445602396,212.07869024940962,326.16189071797186,69.42654626504739,0.1749386759090736,10438.774359230276,11898.86951096286,50,0.08873824309724268
F1,2024,1,2024-03-15,Synthetic_GP_1,Synthetic_Ring,R,AAA,SYN-A,SYN-A,F1,24,88.66851574431135,27.51066639193397,32.803629116881964,28.35422023549542,HARD,Pirelli,10.0,0,1,1,1,False,False,True,False,23.03431190750872,29.435638225744743,45.336997222718836,1008.9839484637371,False,2.204289572134603,236.9530042335058,1.0027704229283427,1.9746859069270624,211.28121298418898,324.74875666693197,65.95565414327548,0.16432004154615326,10306.345543829893,11988.438449948166,46,0.12635727093376933
F1,2024,1,2024-03-15,Synthetic_GP_1,Synthetic_Ring,R,AAA,SYN-A,SYN-A,F1,25,88.46485412879338,27.415676733473475,32.75071405956953,28.29846333575037,HARD,Pirelli,11.0,0,1,1,1,False,False,True,False,23.287504320493248,29.438448752051315,44.514181612139154,1011.604362204084,False,2.319659487527435,250.2655227940312,1.276257919987858,2.0607496381763513,210.74714174025902,323.1562119136287,67.20293140694511,0.17274419661704507,10375.422169275196,11850.146991170988,47,0.12124355018623346
F1,2024,1,2024-03-15,Synthetic_GP_1,Synthetic_Ring,R,AAA,SYN-A,SYN-A,F1,26,88.64640610069655,27.46977717351199,32.81098139019705,28.365647536987517,HARD,Pirelli,12.0,0,1,1,1,False,False,True,False,22.696213536069695,29.48787069954805,43.826786784153676,1011.353667850168,False,2.544081534362619,274.4803459647428,0.9735336074119251,1.9929179301912983,210.1967351696279,318.24674495143967,61.86052671806755,0.17296977270208203,10423.520556913285,11741.144027743223,47,0.09976347653236681
F1,2024,1,2024-03-15,Synthetic_GP_1,Synthetic_Ring,R,AAA,SYN-A,SYN-A,F1,27,88.72761208262258,27.480444859116414,32.84686369550718,28.400303527998986,HARD,Pirelli,13.0,0,1,1,1,False,False,True,False,22.531125396596313,27.6215720740942,44.36040648639313,1011.1968167592759,False,2.671479314137753,288.8028118733399,1.1225582511176466,2.0264458685978,208.48439683382665,321.1499059950622,65.20045094337632,0.1726500244692522,10489.105782098333,11791.350435190243,47,0.1186997489611429
F1,2024,1,2024-03-15,Synthetic_GP_1,Synthetic_Ring,R,AAA,SYN-A,SYN-A,F1,28,88.56007204487162,27.433283484062233,32.79446279811249,28.332325762696897,HARD,Pirelli,14.0,0,1,1,1,False,False,True,False,23.332602312118528,27.74774961261769,44.18895083371844,1007.1462995840556,False,2.5616337005434318,330.0758370147821,0.8665188145541006,2.20073093038415,208.25702106955407,321.2586016218907,68.61437395611294,0.19365546136233402,10374.425340721757,11854.295990917884,46,0.09359770091222856
F1,2024,1,2024-03-15,Synthetic_GP_1,Synthetic_Ring,R,BBB,SYN-A,SYN-A,F1,1,88.37812331025768,27.41259713992866,32.63650644643223,28.329019723896785,MEDIUM,Pirelli,1.0,1,1,2,1,False,False,True,False,22.791833187679142,31.36981239775037,46.58634132008165,1008.6817282229736,False,2.1809818735246123,90.94966999516775,1.2773133413039564,1.8633643971765934,206.77468062756938,323.3713877043817,69.99975362710558,0.18644087177334778,10475.001932440406,11750.687521252376,46,0.12356553777686308
F1,2024,1,2024-03-15,Synthetic_GP_1,Synthetic_Ring,R,BBB,SYN-A,SYN-A,F1,2,88.15277841813759,27.35145767495972,32.638041842588414,28.163278900589454,MEDIUM,Pirelli,2.0,0,1,2,1,False,False,True,False,22.963371077182487,32.456045454501805,46.60964080326055,1009.3199927872872,False,2.8762679323989704,107.57669887710759,1.5726953812275584,1.8025295430615889,209.98608609591548,320.5510405293126,65.02450366490669,0.18484670380097748,10319.214530182337,11759.91440865825,46,0.11577726080860953
F1,2024,1,2024-03-15,Synthetic_GP_1,Synthetic_Ring,R,BBB,SYN-A,SYN-A,F1,3,88.34327418178977,27.413705749823894,32.65872355440649,28.270844877559384,MEDIUM,Pirelli,3.0,0,1,2,1,False,False,True,False,23.03338883384311,32.44173783890935,45.94288187739748,1007.266274329205,False,2.2322438251747245,136.44361083671467,1.2539092392865505,1.7241717198451951,209.20668297782024,325.92882649349707,65.72349311968554,0.18499948828650917,10171.86140736961,11675.08338531009,45,0.08267407827009589
F1,2024,1,2024-03-15,Synthetic_GP_1,Synthetic_Ring,R,BBB,SYN-A,SYN-A,F1,4,88.69333933707311,27.47425724383642,32.82674228128257,28.392339811954123,MEDIUM,Pirelli,4.0,0,1,2,1,False,False,True,False,22.873933483808745,33.719945051471754,46.12771374110222,1010.28202315848,False,2.5698795939000942,156.63833348349974,1.3100408386724252,1.814755086792237,209.93230481868096,323.0675703027843,67.28855428885784,0.17733708322117123,10180.687061572618,11813.78993417073,46,0.10655711984565447
F1,2024,1,2024-03-15,Synthetic_GP_1,Synthetic_Ring,R,BBB,SYN-A,SYN-A,F1,5,88.73277751486866,27.475947253781644,32.840004548247016,28.41682571284,MEDIUM,Pirelli,5.0,0,1,2,1,False,False,True,False,23.004471216371055,33.83991049567119,47.52970764273941,1007.0560808607983,False,2.196865633666883,172.13719972824202,1.3631260314966738,1.9823908442492606,207.96611593539353,323.35474899176086,63.188129999078036,0.18748978106474473,10263.22796255072,11785.35081063264,51,0.09410532934738924
F1,2024,1,2024-03-15,Synthetic_GP_1,Synthetic_Ring,R,BBB,SYN-A,SYN-A,F1,6,88.7955937307684,27.523073708052717,32.83964156168981,28.432878461025872,MEDIUM,Pirelli,6.0,0,1,2,1,False,False,True,False,22.94954677329284,33.17742532789844,45.92880078575686,1010.2030902879876,False,2.282937901684571,195.63167879054583,1.3061128773515505,1.8299857647614621,206.85472251123394,320.2128750449398,65.20941360800174,0.17353187697415645,10404.32258751111,11909.84656233416,45,0.1279468316008171
F1,2024,1,2024-03-15,Synthetic_GP_1,Synthetic_Ring,R,BBB,SYN-A,SYN-A,F1,7,88.73090028525782,27.480938278496318,32.8278321834742,28.4221298232873,MEDIUM,Pirelli,7.0,0,1,2,1,False,False,True,False,23.022884320744147,34.66353216807841,45.650882639179194,1012.6441732584267,False,2.573732666936764,220.016270244364,1.3505033443278491,1.8097854510213724,207.87221827768528,324.44208342733197,65.01054790775174,0.18949916142639486,10494.007180639468,12078.313970013662,50,0.10788034810294789
F1,2024,1,2024-03-15,Synthetic_GP_1,Synthetic_Ring,R,BBB,SYN-A,SYN-A,F1,8,88.87326768704139,27.577881459281546,32.84941337656125,28.445972851198597,MEDIUM,Pirelli,8.0,0,1,2,1,False,False,True,False,23.076195475751938,34.56621819238077,46.657398999531104,1011.6127972625941,False,2.254492894070356,240.0886424665401,1.3782725867366519,1.9518759259012146,205.1577860756261,321.0479367178247,65.54395154452492,0.1818540772827497,10451.03366612816,11785.010034712572,47,0.10834828983600771
F1,2024,1,2024-03-15,Synthetic_GP_1,Synthetic_Ring,R,BBB,SYN-A,SYN-A,F1,9,88.7419408850004,27.502921098662764,32.820790722022096,28.41822906431554,HARD,Pirelli,9.0,0,1,2,1,False,False,True,False,22.863659934436427,35.31083510100198,45.436414859836084,1010.3850669979541,False,2.387433621365697,263.7802448230113,1.2640777859769434,1.9683655215121116,209.9989403156213,321.8705215998002,65.92893870667106,0.1787588945042113,10323.713187345373,11759.656133680028,47,0.08175920158559871
F1,2024,1,2024-03-15,Synthetic_GP_1,Synthetic_Ring,R,BBB,SYN-A,SYN-A,F1,10,88.84786892074206,27.537686224133356,32.869189529039275,28.44099316756943,HARD,Pirelli,10.0,0,1,2,1,False,False,True,False,23.06167984157863,34.755396879903074,46.23061127191291,1010.5735434147862,False,2.562911121420165,307.6932456578717,1.2681426980614887,1.9908201052598467,207.51339332630104,320.81800396262224,67.13812006753149,0.18445867743264568,10253.439805667538,11856.525563500274,48,0.11991569709212525
F1,2024,1,2024-03-15,Synthetic_GP_1,Synthetic_Ring,R,BBB,SYN-A,SYN-A,F1,11,88.69617075734602,27.502132140349634,32.81827111412004,28.375767502876357,HARD,Pirelli,11.0,0,1,2,1,False,False,True,False,23.652217751523324,34.67702787578139,46.6428139480558,1008.4597116769717,False,2.4126116696600044,308.06805841613954,1.2283188118420512,1.808013446041653,206.1037809835372,322.2382416273894,64.6561143442546,0.18573556855493803,10512.605993910782,11803.407114636473,45,0.10627506052094238
F1,2024,1,2024-03-15,Synthetic_GP_1,Synthetic_Ring,R,BBB,SYN-A,SYN-A,F1,12,88.50698084227727,27.4537526492902,32.731567309476056,28.321660883511015,HARD,Pirelli,12.0,0,1,2,1,False,False,True,False,22.96584851826083,35.20703671208525,46.22183458181891,1009.5093682177362,False,2.5150573522078488,322.34730529071044,1.2800089793837737,1.9763211550125355,209.46665678307437,320.64691378068846,65.90374420426252,0.16922728327570563,10403.811859000194,11841.365996878209,46,0.12160370050146141
F1,2024,1,2024-03-15,Synthetic_GP_1,Synthetic_Ring,R,BBB,SYN-A,SYN-A,F1,13,89.16620298642495,27.65639187934111,32.96131571775384,28.548495389329993,HARD,Pirelli,13.0,0,1,2,1,False,False,True,False,22.59510869012316,34.88925246058855,46.19343785218802,1010.0633149004167,False,2.702306954306014,3.2499192140883792,1.3955657660902188,1.7376599190308903,205.49667007277685,324.6576252241615,67.16004499587017,0.17135801008749824,10470.03562507462,11723.622180652737,45,0.10633632941720415
F1,2024,1,2024-03-15,Synthetic_GP_1,Synthetic_Ring,R,BBB,SYN-A,SYN-A,F1,14,88.86064037030988,27.52954481281823,32.9221682988143,28.408927258677352,HARD,Pirelli,14.0,0,1,2,1,False,False,True,False,23.055842181501948,34.47417300891453,44.84156829152641,1009.2487800349251,False,2.615235707657704,1.203936364385072,1.2113556709257263,1.8494208836021566,208.22403767326875,321.72832600809716,70.16572157029954,0.15328056038565482,10403.066227420588,11562.96930057173,46,0.12892995218788003
F1,2024,1,2024-03-15,Synthetic_GP_1,Synthetic_Ring,R,BBB,SYN-A,SYN-A,F1,15,88.56621189712634,27.45503643103176,32.68370993486959,28.42746553122499,MEDIUM,Pirelli,1.0,1,1,2,1,False,False,True,False,23.44523183920565,33.9627829767558,45.44444767994126,1007.7249061179277,False,2.7472421874448,41.23814022900342,1.3860024473034656,1.8972291507613936,207.60732568898376,322.9360452727129,66.78686907301078,0.18149267481363376,10324.591564865575,11981.804063041085,50,0.10557532993852398
F1,2024,1,2024-03-15,Synthetic_GP_1,Synthetic_Ring,R,BBB,SYN-A,SYN-A,F1,16,88.44964514039384,27.38625841640811,32.72547311832199,28.337913605663736,MEDIUM,Pirelli,2.0,0,1,2,1,False,False,True,False,22.81177720246404,33.305623775024216,45.973721721816,1008.718174399891,False,2.4482726875499488,58.07913505643688,1.2261213461503586,1.9288000433028987,206.90182084787645,323.8537866871693,66.06687379221589,0.16870165013961366,10345.823029732717,11872.27800004059,48,0.13305119626788114
F1,2024,1,2024-03-15,Synthetic_GP_1,Synthetic_Ring,R,BBB,SYN-A,SYN-A,F1,17,88.6012974201561,27.424109527051005,32.82578494682951,28.35140294627559,MEDIUM,Pirelli,3.0,0,1,2,1,False,False,True,False,22.866148949125744,32.89789736868293,46.06535329235827,1010.0313258036489,False,2.5738628971496866,83.77059885937791,1.3461688493427908,1.957411407814072,206.86992847605006,324.65116590462145,67.5914405143729,0.19182051219592677,10376.999492889716,11868.130273197412,47,0.09497186613669605
F1,2024,1,2024-03-15,Synthetic_GP_1,Synthetic_Ring,R,BBB,SYN-A,SYN-A,F1,18,88.60286802987738,27.47960400970102,32.8122450117602,28.311019008416167,MEDIUM,Pirelli,4.0,0,1,2,1,False,False,True,False,22.70419189449603,32.47824218209223,47.31504664250203,1009.162545614916,False,2.788365107868094,103.05096107033819,1.2726028240901945,1.8778488106805213,205.82003148774146,323.0947701413581,65.34719133560357,0.18252257131080818,10078.358675079082,12090.832664247062,51,0.12522863848457627
F1,2024,1,2024-03-15,Synthetic_GP_1,Synthetic_Ring,R,BBB,SYN-A,SYN-A,F1,19,88.65196982882118,27.445987999880774,32.80528068243512,28.40070114650529,MEDIUM,Pirelli,5.0,0,1,2,1,False,False,True,False,22.805230396188236,33.0685286707909,46.37452538828669,1011.1917617178169,False,2.984688591867443,141.71677691733322,1.1759496856219411,1.8301510552921907,207.8929533537854,323.4787834008532,65.07113084306961,0.18989966482574394,10256.559074147908,11680.200792343148,48,0.12551582396486072
F1,2024,1,2024-03-15,Synthetic_GP_1,Synthetic_Ring,R,BBB,SYN-A,SYN-A,F1,20,88.69830557723881,27.489104676651746,32.83534287407917,28.373858026507897,MEDIUM,Pirelli,6.0,0,1,2,1,False,False,True,False,22.825035734634067,31.96892881790042,46.75283583335539,1008.8280659755884,False,2.549297539485243,145.8328779011266,1.2525658138389384,1.8086066827227754,208.34634050936518,323.6754867567481,66.68421801050592,0.171871106773529,10374.153415430754,11827.795590242642,45,0.1306706611071522
F1,2024,1,2024-03-15,Synthetic_GP_1,Synthetic_Ring,R,BBB,SYN-A,SYN-A,F1,21,88.60573028122361,27.470298742810545,32.79745535283511,28.337976185577965,MEDIUM,Pirelli,7.0,0,1,2,1,False,False,True,False,23.554996425525893,31.67552459676683,46.00683884201219,1010.1817961215905,False,2.671510465793178,169.35927962979565,1.266385004247948,1.7697126171993192,208.97512176598798,322.38812506975216,66.86035362013082,0.1889656433157432,9988.109209631291,11856.532924091145,50,0.1338286870354758
F1,2024,1,2024-03-15,Synthetic_GP_1,Synthetic_Ring,R,BBB,SYN-A,SYN-A,F1,22,88.64250472351175,27.45589732666853,32.802834608991404,28.38377278785181,MEDIUM,Pirelli,8.0,0,1,2,1,False,False,True,False,23.18693558539549,31.168873987139946,45.55575058968986,1010.0477717329957,False,2.4743089826399305,197.88679422981818,1.1559597595419222,1.8668135034241802,206.44519912664052,323.0163038877249,64.88504082883011,0.1707863487568956,10334.40793638751,11583.494148960344,49,0.10201876355104769
F1,2024,1,2024-03-15,Synthetic_GP_1,Synthetic_Ring,R,BBB,SYN-A,SYN-A,F1,23,88.89243995095018,27.54207216022407,32.919763145334564,28.430604645391547,HARD,Pirelli,9.0,0,1,2,1,False,False,True,False,23.340782658329896,30.47282528013577,45.49371634280015,1010.7135878458098,False,2.4533800410836344,226.50300432959057,1.2035677380380048,1.7578498522554098,209.05322000926253,324.06907071773577,70.43555752844804,0.17809403609297508,10593.009235339287,11979.816723175403,51,0.09813255704772651
F1,2024,1,2024-03-15,Synthetic_GP_1,Synthetic_Ring,R,BBB,SYN-A,SYN-A,F1,24,88.61661252431901,27.542629490893372,32.754403337268876,28.319579696156758,HARD,Pirelli,10.0,0,1,2,1,False,False,True,False,23.275163254241335,30.582587639517314,46.50763396976105,1010.1859988586317,False,2.4925430101422292,242.6841145983326,1.4367102729800565,1.8009098565394013,205.87916907316858,322.85929263154776,64.00200308523308,0.17910095728993916,10270.697726023618,11701.870790864936,50,0.0813425008868131
F1,2024,1,2024-03-15,Synthetic_GP_1,Synthetic_Ring,R,BBB,SYN-A,SYN-A,F1,25,88.63547112823933,27.447678541782082,32.80959441141008,28.378198175047167,HARD,Pirelli,11.0,0,1,2,1,False,False,True,False,23.530676787413952,29.06054009182279,45.925017439978205,1010.4507449549611,False,2.541529978227037,277.0141190254119,1.4091366008745416,1.7443081576899035,206.61534113678618,321.96057266260243,69.22466984592997,0.16962692986841663,10312.41524097373,11820.932782426691,46,0.09323152211723812
F1,2024,1,2024-03-15,Synthetic_GP_1,Synthetic_Ring,R,BBB,SYN-A,SYN-A,F1,26,88.58145272129389,27.486393482918153,32.76215378375074,28.332905454624992,HARD,Pirelli,12.0,0,1,2,1,False,False,True,False,22.82650507133218,29.591531535184554,46.29919875990622,1008.2910886969134,False,2.396352063808746,280.07739484869126,1.2515097099644343,1.894059303955148,210.44458817219964,323.1725670571903,64.69795405111014,0.17849399615991457,10235.219832995019,11803.317560961868,51,0.05860711061442979
F1,2024,1,2024-03-15,Synthetic_GP_1,Synthetic_Ring,R,BBB,SYN-A,SYN-A,F1,27,88.8599746561981,27.534390476745514,32.874983777944735,28.450600401507856,HARD,Pirelli,13.0,0,1,2,1,False,False,True,False,23.38559969650785,28.449192292335074,46.84011119974608,1005.1106855068359,False,2.6998715786380076,300.6107269268688,1.3869945135026627,1.8918356337512496,207.34579284704304,324.5815844460426,64.13063668128108,0.18647700602547024,10457.672681093449,11583.093226499348,46,0.11061204861269013
F1,2024,1,2024-03-15,Synthetic_GP_1,Synthetic_Ring,R,BBB,SYN-A,SYN-A,F1,28,88.64081721998167,27.449862152025414,32.757078652621814,28.43387641533444,HARD,Pirelli,14.0,0,1,2,1,False,False,True,False,22.989265353952213,27.643357973447234,45.36438226655755,1009.9258853124343,False,2.8550117740320187,311.2127214701552,1.1689680945276486,1.8831566426236892,207.5318675144304,325.4890148990887,68.06917613160937,0.19913002196608975,10539.629529396176,11795.231754232742,51,0.1439461204227916
F1,2024,1,2024-03-15,Synthetic_GP_1,Synthetic_Ring,R,CCC,SYN-B,SYN-B,F1,1,88.7785907756287,27.53679456442899,32.841727306529265,28.400068904670448,MEDIUM,Pirelli,1.0,1,1,3,1,False,False,True,False,23.536706569752095,31.900746234456225,45.79832271670506,1008.3200578758149,False,1.9900088406776124,82.88792667164121,1.5310331589983774,1.6939583915736207,209.27110314056648,323.0781018125745,66.16427206135675,0.19345588398690783,10535.912416666497,11722.561756123632,47,0.0770495694202265
F1,2024,1,2024-03-15,Synthetic_GP_1,Synthetic_Ring,R,CCC,SYN-B,SYN-B,F1,2,88.89620910890353,27.584383755089114,32.934830681519294,28.376994672295126,MEDIUM,Pirelli,2.0,0,1,3,1,False,False,True,False,23.110764407776482,32.11765861480705,44.32361695615879,1011.4993175703106,False,2.8741732906753588,129.3488312908526,1.636713718900422,1.452383305181815,207.1191413774189,321.25786148710597,64.90576165357517,0.19029756364539455,10412.27354925397,11894.981579988604,46,0.10090800249177213
F1,2024,1,2024-03-15,Synthetic_GP_1,Synthetic_Ring,R,CCC,SYN-B,SYN-B,F1,3,89.04607956260945,27.57233335382449,32.941066911790834,28.532679296994125,MEDIUM,Pirelli,3.0,0,1,3,1,False,False,True,False,23.59643691051676,32.047237920678526,48.624121514336046,1010.6996942826772,False,2.592467782021565,134.48026174301728,1.6239912895756585,1.561449522371711,204.70595403560557,321.7501424294469,63.078909479626134,0.1720586741965316,10554.254562722257,11766.23496314572,45,0.09334607123113245
F1,2024,1,2024-03-15,Synthetic_GP_1,Synthetic_Ring,R,CCC,SYN-B,SYN-B,F1,4,89.06212371682749,27.629385839175278,32.953122192035856,28.479615685616352,MEDIUM,Pirelli,4.0,0,1,3,1,False,False,True,False,22.867816411829843,33.12522362305085,45.75114693943465,1009.6843228145776,False,2.685871014769227,142.19945589444143,1.6668677438605535,1.6058050561397583,206.82506370143872,321.3729645645766,66.29692304246817,0.18920547219714542,10446.630483104116,11803.074900777354,50,0.11398856483272526
F1,2024,1,2024-03-15,Synthetic_GP_1,Synthetic_Ring,R,CCC,SYN-B,SYN-B,F1,5,88.97076184479774,27.554891157090406,32.94511095427884,28.470759733428487,MEDIUM,Pirelli,5.0,0,1,3,1,False,False,True,False,22.86779683531686,33.383184295894615,44.19062521323713,1010.208004951088,False,2.45648596499198,187.5943312531757,1.6455225624504501,1.6673355036460649,207.31710285294236,322.92283791557605,64.40790404220328,0.19672528668082054,10407.390550658165,11726.174207050066,48,0.1329141137600228
F1,2024,1,2024-03-15,Synthetic_GP_1,Synthetic_Ring,R,CCC,SYN-B,SYN-B,F1,6,89.07487254544861,27.649331032551874,32.99435349861576,28.431188014280984,MEDIUM,Pirelli,6.0,0,1,3,1,False,False,True,False,23.377455272598095,33.34658613078007,45.87280108552051,1010.3400355728444,False,2.9786285552388065,207.13365855649613,1.5510046488827127,1.6881724604337311,206.16225532000482,320.31712403942936,65.6697519183059,0.15966743499144606,10473.781901876786,11587.444214702804,50,0.08985784029131717
F1,2024,1,2024-03-15,Synthetic_GP_1,Synthetic_Ring,R,CCC,SYN-B,SYN-B,F1,7,88.92235884172985,27.575283023377967,32.92445339053973,28.42262242781215,MEDIUM,Pirelli,7.0,0,1,3,1,False,False,True,False,22.90013709642998,34.494161196969635,45.5796952550651,1009.9530886347441,False,2.270192755691421,220.4586536187003,1.7170571771254663,1.64457604677636,208.36827416848803,324.8354208713933,66.7580088820839,0.18036078881291107,10306.378253232679,11549.4212520381,48,0.1078940057976078
F1,2024,1,2024-03-15,Synthetic_GP_1,Synthetic_Ring,R,CCC,SYN-B,SYN-B,F1,8,89.11406465198112,27.63547189578043,32.97147530118317,28.50711745501753,MEDIUM,Pirelli,8.0,0,1,3,1,False,False,True,False,22.434375391388585,35.58848710331659,46.80645799880262,1010.2163733564198,False,2.2750102967788512,246.00858118577176,1.6460308209817969,1.722035256199638,207.76384455768186,323.9969444331051,65.75521201898468,0.19185358763421406,10386.7014644122,11839.400786151256,46,0.10399443370565875
F1,2024,1,2024-03-15,Synthetic_GP_1,Synthetic_Ring,R,CCC,SYN-B,SYN-B,F1,9,89.33736560671291,27.657142179281202,33.08008372844447,28.600139698987235,HARD,Pirelli,9.0,0,1,3,1,False,False,True,False,22.144344492552893,34.52579215245352,46.66747548815767,1010.6586625054767,False,2.2270212799051006,273.64325344683573,1.4869289108487953,1.6035623804335095,205.48214003282783,323.311797898567,68.73628276705422,0.20047248181487154,10439.9376210655,11766.110491391846,48,0.10815771874476487
F1,2024,1,2024-03-15,Synthetic_GP_1,Synthetic_Ring,R,CCC,SYN-B,SYN-B,F1,10,89.13397285900966,27.685500383485618,33.02562765512764,28.4228448203964,HARD,Pirelli,10.0,0,1,3,1,False,False,True,False,23.031789912395393,34.93741615991405,46.45247832448357,1010.4082457061166,False,2.6713210615061755,285.70499227293,1.5793130390569536,1.698786364947833,207.0768550209539,322.0451359131722,66.26228108593878,0.17579362828137626,10324.664808518462,11805.09195012347,46,0.11037694392685689
F1,2024,1,2024-03-15,Synthetic_GP_1,Synthetic_Ring,R,CCC,SYN-B,SYN-B,F1,11,89.16477282619131,27.66154181508994,33.02300046635206,28.48023054474931,HARD,Pirelli,11.0,0,1,3,1,False,False,True,False,22.98592817888124,34.73183989311563,46.07934952545337,1009.6385183440927,False,2.392215422320746,307.1404369499143,1.5987067341477799,1.7832463134694023,206.5893075654806,324.77081660961977,64.22342449796106,0.17966520888213763,10336.635494983282,11766.972991869332,49,0.11085592164967883
F1,2024,1,2024-03-15,Synthetic_GP_1,Synthetic_Ring,R,CCC,SYN-B,SYN-B,F1,12,89.08416970535498,27.590597465024242,32.907872773234985,28.58569946709575,HARD,Pirelli,12.0,0,1,3,1,False,False,True,False,22.837139341296947,34.321886331177296,47.459008637816616,1009.6405666405709,False,2.741620962908376,327.5259056597893,1.502141119625916,1.6736265527331262,205.24973659897685,322.93699658267803,65.02356574941011,0.19681991488102463,10489.913552168393,11808.44167784861,45,0.14553302080323208
F1,2024,1,2024-03-15,Synthetic_GP_1,Synthetic_Ring,R,CCC,SYN-B,SYN-B,F1,13,89.52699004429142,27.796779633954014,33.089225729903276,28.64098468043413,HARD,Pirelli,13.0,0,1,3,1,False,False,True,False,22.804032328229486,35.47128518197874,46.32591804720887,1007.6813121144958,False,2.4003119967890223,345.2045458544027,1.704173795905064,1.596782007889639,205.58249566429046,322.4819434239139,68.43565954897419,0.1802775532690437,10370.276125318436,11888.973536585128,51,0.1270352733035124
F1,2024,1,2024-03-15,Synthetic_GP_1,Synthetic_Ring,R,CCC,SYN-B,SYN-B,F1,14,89.55786411201565,27.75887037367605,33.187515278276024,28.61147846006358,HARD,Pirelli,14.0,0,1,3,1,False,False,True,False,23.242292117590196,34.64750862692827,46.61792957235256,1009.636332302096,False,2.693496505454347,10.454332284634233,1.5767633864051287,1.7126352611092939,203.90115355266695,322.22096478074195,66.83594102237922,0.1651777897900352,10342.780687758266,11823.39831193965,50,0.10831152920354181
F1,2024,1,2024-03-15,Synthetic_GP_1,Synthetic_Ring,R,CCC,SYN-B,SYN-B,F1,15,89.09667581781598,27.639687343994815,32.97962125569012,28.477367218131043,MEDIUM,Pirelli,1.0,1,1,3,1,False,False,True,False,23.149808680866037,33.47438247395737,45.092658537447605,1009.8605002561665,False,2.97000114624839,38.688889372171445,1.6454755525042368,1.4146984275130952,205.91064167321497,324.95298084517276,63.78641441355275,0.17770799217210584,10060.455624725662,11845.673350815212,45,0.13869219682821954
F1,2024,1,2024-03-15,Synthetic_GP_1,Synthetic_Ring,R,CCC,SYN-B,SYN-B,F1,16,88.80001967780687,27.54309585004732,32.87760705139189,28.37931677636766,MEDIUM,Pirelli,2.0,0,1,3,1,False,False,True,False,23.098857535843326,34.166586778585575,45.66088485067073,1010.3721132469551,False,2.5413853019567942,71.46957124027654,1.622951852394068,1.5540856315753881,207.44839809907518,327.73278953530763,65.200801485215,0.1967075683612795,10536.65108222445,11605.353307617814,45,0.1152225811056241
F1,2024,1,2024-03-15,Synthetic_GP_1,Synthetic_Ring,R,CCC,SYN-B,SYN-B,F1,17,88.77636100218152,27.514260125139543,32.853256852880314,28.40884402416166,MEDIUM,Pirelli,3.0,0,1,3,1,False,False,True,False,23.241899059933814,34.12390488146974,45.14478503444387,1010.5460165703736,False,2.5671289203461773,74.87214544706171,1.704332614417423,1.4855792412916522,210.21134725147522,320.7960299819182,65.09418257406845,0.19714413685495125,10233.673019370013,11648.383140815426,50,0.13339334720340235
F1,2024,1,2024-03-15,Synthetic_GP_1,Synthetic_Ring,R,CCC,SYN-B,SYN-B,F1,18,88.99295909916886,27.586896851259336,32.921001578326916,28.4850606695826,MEDIUM,Pirelli,4.0,0,1,3,1,False,False,True,False,22.931343347953195,32.37728186891353,44.700153538450216,1009.079320457999,False,2.855247857613218,111.49775602301804,1.5157578939675727,1.4935600406807503,207.21187844660085,323.0525803667448,64.48296914444478,0.18863207446476574,10136.365415642504,11856.546488774617,45,0.12064481927194148
F1,2024,1,2024-03-15,Synthetic_GP_1,Synthetic_Ring,R,CCC,SYN-B,SYN-B,F1,19,88.97918317328761,27.571890470089055,32.90561169240307,28.50168101079548,MEDIUM,Pirelli,5.0,0,1,3,1,False,False,True,False,22.93052062839798,33.2553986675992,44.554075581447854,1009.685747190816,False,2.27879161981082,136.9067620784984,1.4497174377734077,1.5430660440872082,206.96709087511547,324.9822298924821,68.84012373893788,0.17892532064822572,10336.135017766905,11933.07102608195,45,0.08731245968882255
F1,2024,1,2024-03-15,Synthetic_GP_1,Synthetic_Ring,R,CCC,SYN-B,SYN-B,F1,20,89.02000848236041,27.629806679835305,32.94524441850768,28.444957384017428,MEDIUM,Pirelli,6.0,0,1,3,1,False,False,True,False,23.20607423000442,32.06656929372237,47.526984507687,1008.5797782757076,False,2.384207440408804,154.2828386007758,1.5699076406072263,1.5694586012316234,207.27769338921607,316.01255638765696,67.68562750643734,0.17999694315593331,10374.907193140385,11765.803329075063,49,0.1106850727244753
F1,2024,1,2024-03-15,Synthetic_GP_1,Synthetic_Ring,R,CCC,SYN-B,SYN-B,F1,21,88.91878160339054,27.561003009576574,32.86275795046374,28.49502064335023,MEDIUM,Pirelli,7.0,0,1,3,1,False,False,True,False,22.62125711057711,31.68640507948004,46.13032142142775,1011.9331922753738,False,2.5298295102327644,172.28605697037744,1.6855519614963361,1.5677909887061507,207.8066288609741,321.9637489484924,64.91516097644902,0.1834773568612336,10316.88795713156,11748.728497655557,50,0.09361624082566057
F1,2024,1,2024-03-15,Synthetic_GP_1,Synthetic_Ring,R,CCC,SYN-B,SYN-B,F1,22,89.24348511321024,27.637044477733063,33.01551532718307,28.59092530829411,MEDIUM,Pirelli,8.0,0,1,3,1,False,False,True,False,22.844970939267355,30.617707532301402,47.188492229437074,1010.0327237204907,False,2.1718896854003695,183.71347168299633,1.5251554479012204,1.689979299186127,206.2497247783314,325.92763903747976,64.06007111099123,0.1774185340124721,10519.629400442565,11780.430587278881,45,0.09065967889943055
F1,2024,1,2024-03-15,Synthetic_GP_1,Synthetic_Ring,R,CCC,SYN-B,SYN-B,F1,23,88.95193694831077,27.59176133358237,32.93183824642818,28.428337368300227,HARD,Pirelli,9.0,0,1,3,1,False,False,True,False,23.24444335998632,30.219638015803447,45.03806955310344,1011.3684056904993,False,2.563239625738031,219.01733876534342,1.455729892305811,1.6875365134840108,208.61580308768916,324.14345367338655,67.91113707357803,0.17180099279508926,10514.968996792015,11836.753088193738,50,0.13485463293907082
F1,2024,1,2024-03-15,Synthetic_GP_1,Synthetic_Ring,R,CCC,SYN-B,SYN-B,F1,24,89.03474876361759,27.60922137186615,32.96683079757865,28.458696594172785,HARD,Pirelli,10.0,0,1,3,1,False,False,True,False,22.70623364663703,29.492329173805086,46.392405882582395,1011.2765554224443,False,2.354934956662338,240.86022014588093,1.6830341249127683,1.5195182411055785,206.7835893133861,324.6763824246511,67.21648975424904,0.1813884789426374,10542.133233742974,11961.50742962132,48,0.12492731176179842
F1,2024,1,2024-03-15,Synthetic_GP_1,Synthetic_Ring,R,CCC,SYN-B,SYN-B,F1,25,89.05313300263441,27.654274402161263,32.95801715941505,28.440841441058097,HARD,Pirelli,11.0,0,1,3,1,False,False,True,False,23.132322456453444,28.625886264223862,45.88218062641347,1011.1581345536006,False,2.437312150957935,262.7593015149986,1.6788909778420391,1.7159467428424073,206.79286824609946,324.2551748982283,65.95784637185834,0.18145495071776654,10129.770937118044,11659.117661397951,48,0.10394937968103436
F1,2024,1,2024-03-15,Synthetic_GP_1,Synthetic_Ring,R,CCC,SYN-B,SYN-B,F1,26,89.04828700611522,27.61690875273782,32.94164085276195,28.489737400615446,HARD,Pirelli,12.0,0,1,3,1,False,False,True,False,23.52838514950889,29.718178527939607,44.80140652453519,1009.6180420603451,False,2.578876869171218,304.5105130727545,1.5998946845293216,1.6755210496401889,206.43966962781482,321.4735563609558,67.01072135592831,0.17331735046402283,10468.170233045397,11832.315048699502,47,0.09525741069582845
F1,2024,1,2024-03-15,Synthetic_GP_1,Synthetic_Ring,R,CCC,SYN-B,SYN-B,F1,27,89.25597073758328,27.69041183079579,33.00796982656776,28.557589080219735,HARD,Pirelli,13.0,0,1,3,1,False,False,True,False,22.791129129572116,28.452221303408926,45.19690020327655,1011.347892430232,False,2.7874914089453395,290.0124137541328,1.4760960078504848,1.6525902001318555,207.5450724997205,323.94050738929644,64.60339338152882,0.18575421100111553,10496.798173825406,11731.831115046649,47,0.11813670789624199
F1,2024,1,2024-03-15,Synthetic_GP_1,Synthetic_Ring,R,CCC,SYN-B,SYN-B,F1,28,89.40211885226888,27.632191815186868,33.09263986795757,28.67728716912444,HARD,Pirelli,14.0,0,1,3,1,False,False,True,False,22.504771151597975,27.6214925051295,45.644569781280794,1009.4257397861406,False,1.9265454028250049,323.50932549785136,1.5131861143281005,1.6635073478475866,204.0322948203732,323.0134682876232,64.51616933395583,0.16746140843365742,10348.281758530487,11913.635739928874,48,0.08675577733699871
F1,2024,1,2024-03-15,Synthetic_GP_1,Synthetic_Ring,R,DDD,SYN-B,SYN-B,F1,1,89.23039680954689,27.712659453461296,33.008481666794104,28.509255689291486,MEDIUM,Pirelli,1.0,1,1,4,1,False,False,True,False,23.103772709055768,31.780322220924663,44.073718091764256,1008.5574896904742,False,2.7724574110073723,91.82475515200125,1.767973674112322,1.4292417323604312,205.83881667627602,322.5446651007619,65.25006664791259,0.17850779563596023,10488.456646882341,11893.576717191876,45,0.10656954483890727
F1,2024,1,2024-03-15,Synthetic_GP_1,Synthetic_Ring,R,DDD,SYN-B,SYN-B,F1,2,89.0059951506289,27.62844876335201,32.97123047357892,28.406315913697973,MEDIUM,Pirelli,2.0,0,1,4,1,False,False,True,False,23.61133404153857,32.186511421059095,43.991450456279836,1008.857569592825,False,2.2218961391683134,117.85474598643016,1.961925084650925,1.3287898778339808,209.86548480002244,324.93879250995053,66.4040557271893,0.1888638184574726,10308.387000449567,11818.228213889466,49,0.10038161746536378
F1,2024,1,2024-03-15,Synthetic_GP_1,Synthetic_Ring,R,DDD,SYN-B,SYN-B,F1,3,89.20777835134663,27.625867963878893,32.950164847983686,28.631745539484058,MEDIUM,Pirelli,3.0,0,1,4,1,False,False,True,False,22.873224348409234,32.54536584345105,45.01387999462326,1009.8121483543124,False,2.7786284066661153,138.49361997981157,1.9797649792391012,1.4558784930591187,205.2140657851283,325.4390084853006,69.06232113087654,0.18738444211192912,10417.404393553179,11727.598997418538,50,0.10066909667534575
F1,2024,1,2024-03-15,Synthetic_GP_1,Synthetic_Ring,R,DDD,SYN-B,SYN-B,F1,4,89.28186088216485,27.68871031206325,33.03007788516595,28.563072684935648,MEDIUM,Pirelli,4.0,0,1,4,1,False,False,True,False,23.18000375012472,32.78147970650406,46.240443870747576,1008.4526291591427,False,2.7160669107293813,152.57911032736968,1.7686415601391743,1.4899821616845446,204.75615652099444,320.26698487212536,67.28989107150593,0.1778293170044658,10329.869084451671,11756.109296762615,50,0.10861341404036823
F1,2024,1,2024-03-15,Synthetic_GP_1,Synthetic_Ring,R,DDD,SYN-B,SYN-B,F1,5,89.4492493930009,27.700361008175104,33.05077686781662,28.698111517009167,MEDIUM,Pirelli,5.0,0,1,4,1,False,False,True,False,23.173517909221193,34.07702748903259,46.0241713049569,1007.8302971752343,False,2.1700158248431434,166.2221945464276,1.9753634714133987,1.4439298368854867,206.85413525512263,323.5376978998028,67.9417427437456,0.16659112479099691,10247.086821916067,11783.438854557817,50,0.10882133430801014
F1,2024,1,2024-03-15,Synthetic_GP_1,Synthetic_Ring,R,DDD,SYN-B,SYN-B,F1,6,89.37204292473153,27.767269812877156,33.07070665437811,28.534066457476264,MEDIUM,Pirelli,6.0,0,1,4,1,False,False,True,False,22.789985836454626,34.26436972008823,43.93153458582876,1008.7157196218258,False,2.6053778956074334,200.3978343420083,1.991420570321582,1.3856511219847214,206.36225258881913,323.5339895571431,67.84097522476888,0.16911492249421411,10474.806363560596,11847.111749332158,49,0.1416498935660531
F1,2024,1,2024-03-15,Synthetic_GP_1,Synthetic_Ring,R,DDD,SYN-B,SYN-B,F1,7,89.55188240490047,27.83554585118855,33.138244415795064,28.578092137916855,MEDIUM,Pirelli,7.0,0,1,4,1,False,False,True,False,22.980165622690055,33.490285483643866,48.17378065573346,1009.158170601132,False,2.4053354970219707,220.73911871659672,1.8632506736754053,1.2691871331662807,203.73306958794163,321.45432356930246,66.38346290134032,0.18058948354204177,10463.607934786525,11804.66355606856,47,0.12490843652926
F1,2024,1,2024-03-15,Synthetic_GP_1,Synthetic_Ring,R,DDD,SYN-B,SYN-B,F1,8,89.36879271517265,27.727474922094896,33.0983846612512,28.542933131826544,MEDIUM,Pirelli,8.0,0,1,4,1,False,False,True,False,22.834374580244397,34.770265680958516,45.75379387538366,1009.998569137524,False,2.583830557403085,246.77364879837194,1.7931515135350435,1.3353522746178108,205.05124921782553,323.97361751465195,67.73622865544247,0.1818351503200252,10391.313435200196,11731.636444046297,48,0.11462229504516289
F1,2024,1,2024-03-15,Synthetic_GP_1,Synthetic_Ring,R,DDD,SYN-B,SYN-B,F1,9,89.22705571138157,27.678610378182302,33.00032311399544,28.548122219203826,HARD,Pirelli,9.0,0,1,4,1,False,False,True,False,23.043228569794675,34.31260868734103,46.038502903131565,1012.3260699220994,False,2.282455882762359,270.7272261509027,1.9193942835325715,1.4291889433966876,206.7893793203534,321.77884302089075,65.34336108902208,0.1616739076140183,10383.021399195339,11691.00395828079,45,0.06992589912651738
F1,2024,1,2024-03-15,Synthetic_GP_1,Synthetic_Ring,R,DDD,SYN-B,SYN-B,F1,10,89.6487277147017,27.814783322859608,33.17523191058909,28.658712481253005,HARD,Pirelli,10.0,0,1,4,1,False,False,True,False,23.029385204471126,34.5458953446929,46.39977998244294,1008.6705275610493,False,2.0984400268878804,286.88230698072795,1.9525246869443054,1.374630039101336,200.3402152826067,323.92198392986035,67.90834640933691,0.18111176456253306,10510.385685788662,11625.965222305484,46,0.15930512937209318
F1,2024,1,2024-03-15,Synthetic_GP_1,Synthetic_Ring,R,DDD,SYN-B,SYN-B,F1,11,89.26304201428677,27.680238043120195,33.048623107501236,28.534180863665334,HARD,Pirelli,11.0,0,1,4,1,False,False,True,False,22.814427248121888,34.861461834422485,47.48444893227485,1009.6996989639633,False,2.6516207862514003,319.73308724870725,1.8774418195350622,1.3227865069586657,204.25718750459583,321.65353249850295,63.55857854525869,0.18433672005848117,10432.629063489045,11914.264219450155,47,0.09710441961860747
F1,2024,1,2024-03-15,Synthetic_GP_1,Synthetic_Ring,R,DDD,SYN-B,SYN-B,F1,12,89.59918735363276,27.749531420141157,33.11103105696224,28.738624876529364,HARD,Pirelli,12.0,0,1,4,1,False,False,True,False,23.028387264244902,34.25529411384118,45.707122592882804,1008.7032994437759,False,2.99541917525639,352.03872832615787,2.0400915677552294,1.362417656975218,204.23404904243375,322.2250044154992,65.99251662336395,0.1923939431822511,10281.193528502332,11848.69266875547,49,0.08429432378769876
F1,2024,1,2024-03-15,Synthetic_GP_1,Synthetic_Ring,R,DDD,SYN-B,SYN-B,F1,13,89.51820066323988,27.733161275047365,33.08313841394324,28.701900974249277,HARD,Pirelli,13.0,0,1,4,1,False,False,True,False,22.80892530669385,34.74048682560408,46.31763682836683,1009.3851310328707,False,2.5401962100014517,5.456222878186111,1.87841922519474,1.276539274803547,203.70433766372867,325.13280627253846,67.842474244597,0.1774227824412074,10337.93152770829,11777.51195457138,47,0.10970002554471339
F1,2024,1,2024-03-15,Synthetic_GP_1,Synthetic_Ring,R,DDD,SYN-B,SYN-B,F1,14,89.30535149554353,27.689698288367083,33.02517142881162,28.590481778364833,HARD,Pirelli,14.0,0,1,4,1,False,False,True,False,22.875700184051738,33.849181978544294,44.17167102682884,1012.8916631470412,False,2.510342277276506,23.34076131315925,1.987778259786855,1.3979652374797795,204.72687159079027,322.16133031250234,66.81630983149566,0.17817905263295467,10458.562990795353,11712.581517889923,50,0.10871201987490771
F1,2024,1,2024-03-15,Synthetic_GP_1,Synthetic_Ring,R,DDD,SYN-B,SYN-B,F1,15,88.75632465561509,27.49328377549213,32.81537211252418,28.447668767598778,MEDIUM,Pirelli,1.0,1,1,4,1,False,False,True,False,22.58656749006483,34.17270037757781,47.660271252054606,1007.7858460570844,False,2.701103697961156,33.853913933611125,1.8192835366550757,1.3566149409159531,207.04759697301077,323.81614897670187,62.128760610895824,0.18002049615118948,10274.679703851129,11698.22720628138,49,0.09661521063456596
F1,2024,1,2024-03-15,Synthetic_GP_1,Synthetic_Ring,R,DDD,SYN-B,SYN-B,F1,16,89.27221534403915,27.6858679255867,33.026291133138685,28.56005628531377,MEDIUM,Pirelli,2.0,0,1,4,1,False,False,True,False,23.207204113443563,34.36447319283556,45.70397704402029,1012.1403070450473,False,2.3427808488272155,76.0795031934797,1.8486653787046732,1.527709090555136,207.3601007741996,322.69420846479807,68.15255555752769,0.17496486794706687,10409.013481140008,11755.60519421939,47,0.11057549335648334
F1,2024,1,2024-03-15,Synthetic_GP_1,Synthetic_Ring,R,DDD,SYN-B,SYN-B,F1,17,89.35626976769692,27.657268713130097,33.136905164811246,28.562095889755575,MEDIUM,Pirelli,3.0,0,1,4,1,False,False,True,False,22.735938263234694,34.1187163748873,45.70917622971997,1011.4439132183002,False,2.6346888255566436,80.34528216358603,2.0596044977530603,1.402809551343774,204.56529735405815,320.2233140330859,65.34594657956444,0.18070501336653205,10472.973164451896,11897.346772972018,45,0.13916367079961844
F1,2024,1,2024-03-15,Synthetic_GP_1,Synthetic_Ring,R,DDD,SYN-B,SYN-B,F1,18,88.86778564615862,27.576343581931106,32.88024776603364,28.411194298193877,MEDIUM,Pirelli,4.0,0,1,4,1,False,False,True,False,23.2948920598561,32.690103610204034,44.279219238701955,1007.6521630199294,False,2.5372769819121577,97.55433873363245,1.7795625777826678,1.3403328722148067,208.96166945101092,321.6847129414195,66.14494205630163,0.17384257369667377,10356.452092835194,11686.863034925515,48,0.13546155001786375
F1,2024,1,2024-03-15,Synthetic_GP_1,Synthetic_Ring,R,DDD,SYN-B,SYN-B,F1,19,89.20365959705954,27.641446304011787,33.001500948188145,28.56071234485961,MEDIUM,Pirelli,5.0,0,1,4,1,False,False,True,False,22.649147365573945,32.50030380777693,46.67575356403874,1007.6853614790814,False,2.620288142906112,129.7313994318414,1.7781236442526738,1.37855219117605,202.8544607157891,325.4268591929815,65.67645124816423,0.17736239412670926,10545.623398463971,11764.03505250377,49,0.11859408877747495
F1,2024,1,2024-03-15,Synthetic_GP_1,Synthetic_Ring,R,DDD,SYN-B,SYN-B,F1,20,89.03615358293959,27.642131236237145,33.00635433247831,28.387668014224133,MEDIUM,Pirelli,6.0,0,1,4,1,False,False,True,False,23.09425810923779,31.464397220262224,46.20505354711835,1012.3404200386788,False,2.2151988555903497,141.7878240218452,1.766198786935504,1.4900062851226519,207.871105735749,326.92482155256016,69.21567079032938,0.17067096707100327,10540.523395981892,11788.795690414912,47,0.13143563189934815
F1,2024,1,2024-03-15,Synthetic_GP_1,Synthetic_Ring,R,DDD,SYN-B,SYN-B,F1,21,89.43021487594034,27.748039828301067,33.101661988653184,28.580513058986085,MEDIUM,Pirelli,7.0,0,1,4,1,False,False,True,False,23.004480445960024,31.24622229205673,45.43433902466777,1009.5529826107403,False,2.6189024634815468,171.2095378143987,1.9007327967118315,1.4249835474229804,205.18743020943407,323.26354817822164,66.58449792607716,0.17965451094956267,10390.584864185485,11734.080278519365,47,0.12146447101644911
F1,2024,1,2024-03-15,Synthetic_GP_1,Synthetic_Ring,R,DDD,SYN-B,SYN-B,F1,22,89.36605456142338,27.712997183643544,33.09954674786755,28.55351062991229,MEDIUM,Pirelli,8.0,0,1,4,1,False,False,True,False,22.710948815168692,31.27526115418468,47.90729604627829,1010.0415837821529,False,2.210049202177203,201.97486174319852,1.7948558978756726,1.2287480352467919,206.87833940582328,323.38604922889124,69.15597964943393,0.1887997449840773,10396.354638066716,11833.334509232205,50,0.12373352878957476
F1,2024,1,2024-03-15,Synthetic_GP_1,Synthetic_Ring,R,DDD,SYN-B,SYN-B,F1,23,89.07348113913669,27.65085806816974,32.96720291588903,28.455420155077917,HARD,Pirelli,9.0,0,1,4,1,False,False,True,False,22.773815289563856,31.284426509559488,46.726698082966195,1010.1565190673795,False,2.5703327597872936,209.97395737314594,1.998394801814571,1.3598677182010008,206.35841100247444,326.2120618862168,65.4914040362949,0.1722245111466579,10386.060443621813,11706.864983953305,45,0.13453684944710104
F1,2024,1,2024-03-15,Synthetic_GP_1,Synthetic_Ring,R,DDD,SYN-B,SYN-B,F1,24,89.29573806179022,27.686830782597646,33.02220969347261,28.58669758571996,HARD,Pirelli,10.0,0,1,4,1,False,False,True,False,23.1905358320416,30.721378346469866,46.20216006681569,1012.3410554374859,False,2.274524640645887,230.0397539657239,1.9993600131804428,1.355842342664617,205.11698910353772,323.4665413792017,68.5588767508151,0.1836507494375367,10431.643346321032,11643.531073231972,48,0.07642462526969385
F1,2024,1,2024-03-15,Synthetic_GP_1,Synthetic_Ring,R,DDD,SYN-B,SYN-B,F1,25,89.3167539444152,27.701608635384268,33.0450070427487,28.57013826628223,HARD,Pirelli,11.0,0,1,4,1,False,False,True,False,22.326710301151515,28.38291342523375,45.991596053005075,1012.169381404575,False,2.583724482364258,253.0843052345141,2.037876566960243,1.2928945144976054,203.4940765160568,326.88679806079654,66.1020045779082,0.17221154445225798,10347.57559773958,11615.226521898661,51,0.07813073532112519
F1,2024,1,2024-03-15,Synthetic_GP_1,Synthetic_Ring,R,DDD,SYN-B,SYN-B,F1,26,89.33196144779362,27.70738566127569,33.05500051762348,28.56957526889444,HARD,Pirelli,12.0,0,1,4,1,False,False,True,False,23.09741360223005,29.40059246666843,44.61770678182457,1009.8409582205708,False,2.644652956901575,268.31958288517774,1.8821492284159331,1.3564216805269464,203.95311484969753,325.9793149141574,69.39391852188697,0.1958336434014622,10318.229322950532,11725.6295255677,48,0.11051742612816214
F1,2024,1,2024-03-15,Synthetic_GP_1,Synthetic_Ring,R,DDD,SYN-B,SYN-B,F1,27,89.23891740289787,27.642969625405744,33.033139074532755,28.562808702959373,HARD,Pirelli,13.0,0,1,4,1,False,False,True,False,22.383865420798013,28.59522257505046,45.39077573886058,1009.5186565833498,False,2.948595071735141,294.0971441743126,1.7485027147635344,1.4112821107809037,205.9120679946238,323.00951770271763,64.67378207358303,0.18027665714779276,10502.80401679223,11652.533238735263,48,0.08959511238764906
F1,2024,1,2024-03-15,Synthetic_GP_1,Synthetic_Ring,R,DDD,SYN-B,SYN-B,F1,28,89.50740790742145,27.661007979898496,33.114370105598915,28.732029821924037,HARD,Pirelli,14.0,0,1,4,1,False,False,True,False,22.08547165168384,27.536444864142755,45.3978188386266,1012.3605497240029,False,2.7785396032755854,323.3651215945516,1.8500663942616262,1.267480055443869,207.0139356920718,323.7709486470237,63.563835211799145,0.17635691622983407,10182.56462845173,11808.28458718931,45,0.11010881427642628
F1,2024,2,2024-05-15,Synthetic_GP_2,Synthetic_Park,R,AAA,SYN-A,SYN-A,F1,1,89.85672266850848,27.84915196746274,33.2596467429169,28.747923958128844,MEDIUM,Pirelli,1.0,1,1,1,1,False,False,True,False,23.90750294247223,33.58476833525817,43.339596455067436,1006.9951803869324,False,2.976917435744312,116.67730168761665,1.0328072208054238,2.1739049148310023,211.33456588633305,320.59917001332377,69.80750054321813,0.17278036216297563,10720.810051105827,11878.583571687866,51,0.11541530392418141
F1,2024,2,2024-05-15,Synthetic_GP_2,Synthetic_Park,R,AAA,SYN-A,SYN-A,F1,2,89.81013483169363,27.86374693843049,33.24769685456081,28.69869103870233,MEDIUM,Pirelli,2.0,0,1,1,1,False,False,True,False,23.488652362247127,33.83317024662503,43.19220099595587,1011.0546590416035,False,2.5085562882317958,153.34892166502476,1.0259753310609778,2.1201602906467305,208.10475457183858,323.9231000528845,65.94715064392493,0.18012109075831859,10537.477876831997,11700.249550035032,46,0.08589649515801367
F1,2024,2,2024-05-15,Synthetic_GP_2,Synthetic_Park,R,AAA,SYN-A,SYN-A,F1,3,89.87634355145072,27.848254004244477,33.262381900265794,28.76570764694044,MEDIUM,Pirelli,3.0,0,1,1,1,False,False,True,False,24.111264737087694,33.48098568535432,43.677114948390404,1009.7195373847359,False,3.4798417425752666,146.28378604803265,0.8980667354384018,2.183949834002328,211.8649945907803,326.10594258315376,60.87603190905529,0.1858080076307255,10438.594063502198,11716.475419254537,46,0.11579689163994626
F1,2024,2,2024-05-15,Synthetic_GP_2,Synthetic_Park,R,AAA,SYN-A,SYN-A,F1,4,90.05623232287057,27.89976282599973,33.32677374366447,28.829695753206373,MEDIUM,Pirelli,4.0,0,1,1,1,False,False,True,False,23.725129415939,34.37739555326211,42.82969541528594,1010.3523268242291,False,3.0714346975063873,187.668301703241,1.065812795237302,1.960906637970823,210.25732201619755,323.92812767253247,66.57911994416855,0.17370983258983522,10378.379431897994,11519.403899819337,48,0.11155229475644898
F1,2024,2,2024-05-15,Synthetic_GP_2,Synthetic_Park,R,AAA,SYN-A,SYN-A,F1,5,90.07069240329912,27.936351450123098,33.32865378058059,28.805687172595434,MEDIUM,Pirelli,5.0,0,1,1,1,False,False,True,False,23.11779640946151,34.613905717620966,44.504928931153735,1010.7357485302055,False,2.839335941418681,217.2004869952272,1.0830573423036767,1.8725708123841032,208.6395019234537,323.04478690191,64.79887858491882,0.1688655872381359,10569.297094804579,11895.718904694408,46,0.08753109926538391
F1,2024,2,2024-05-15,Synthetic_GP_2,Synthetic_Park,R,AAA,SYN-A,SYN-A,F1,6,90.3333022705049,27.9892999655655,33.41960544142421,28.92439686351519,MEDIUM,Pirelli,6.0,0,1,1,1,False,False,True,False,23.610015743354978,35.63101546211659,43.66751630341224,1011.3087557045375,False,2.505038512629548,235.87054987030712,1.141916985170209,2.1624862874191737,210.63803827579144,325.3900617109227,62.65606292891382,0.17172124349986995,10183.838595172921,12021.691788276088,51,0.11350648884239478
F1,2024,2,2024-05-15,Synthetic_GP_2,Synthetic_Park,R,AAA,SYN-A,SYN-A,F1,7,90.21792841349732,27.96920924181647,33.33819336774379,28.910525803937055,MEDIUM,Pirelli,7.0,0,1,1,1,False,False,True,False,23.571279102587596,35.49981857952763,42.977665445165876,1010.5551789544242,False,2.296788573462767,276.89982202282295,0.9910817351548887,2.1610679822258145,208.38592305032674,321.303101874258,66.63315586158204,0.18886450576596356,10471.97965071865,11837.442324194688,50,0.0900821778901627
F1,2024,2,2024-05-15,Synthetic_GP_2,Synthetic_Park,R,AAA,SYN-A,SYN-A,F1,8,90.23056409523495,27.994506975961404,33.41348698746288,28.82257013181067,MEDIUM,Pirelli,8.0,0,1,1,1,False,False,True,False,23.68004779543431,36.112013825437465,43.04662019246724,1010.0836400391867,False,3.1893938935634267,268.0645338240563,1.0535075788071382,2.0922778913956006,207.8641046553215,321.44041140927476,66.85232401042724,0.18155953962898055,10412.600814356021,11910.66883223002,50,0.1159644886873533
F1,2024,2,2024-05-15,Synthetic_GP_2,Synthetic_Park,R,AAA,SYN-A,SYN-A,F1,9,90.06783907788169,27.931398225679985,33.28699893942037,28.84944191278133,HARD,Pirelli,9.0,0,1,1,1,False,False,True,False,23.846326304317127,35.805391724509114,45.93389990835199,1011.1284699087964,False,2.8186298163533463,300.8251183242087,0.9217825480567322,2.01435228816127,209.74712595017124,320.0080076716894,66.06995240682124,0.16872231361037568,10317.65942599353,11757.157289231529,51,0.12653005442266088
F1,2024,2,2024-05-15,Synthetic_GP_2,Synthetic_Park,R,AAA,SYN-A,SYN-A,F1,10,90.16391263310882,27.95688254594369,33.40218064366962,28.80484944349552,HARD,Pirelli,10.0,0,1,1,1,False,False,True,False,23.158757731399632,36.95377619094575,43.17940053153885,1009.55066430045,False,3.060573191272474,316.52160875596905,1.0123567646831204,2.062975745424614,210.45544790228212,322.63648560147215,63.63746334610103,0.16223116360046033,10351.343471946631,11897.07349181732,49,0.12514365796838756
F1,2024,2,2024-05-15,Synthetic_GP_2,Synthetic_Park,R,AAA,SYN-A,SYN-A,F1,11,90.38354592120332,28.012544951250728,33.459022213816475,28.911978756136115,HARD,Pirelli,11.0,0,1,1,1,False,False,True,False,23.740285370433718,35.26398602885424,43.36545340820741,1007.0789666534307,False,3.070391489603292,338.16767784283047,0.9776953176811848,2.2506990373402567,209.13090053176066,323.0289738288749,68.07473867477786,0.18415913933963654,10334.591602433047,11827.664009517832,47,0.13568321830371277
F1,2024,2,2024-05-15,Synthetic_GP_2,Synthetic_Park,R,AAA,SYN-A,SYN-A,F1,12,90.28437348964358,28.006837711110922,33.41453333249263,28.863002446040035,HARD,Pirelli,12.0,0,1,1,1,False,False,True,False,23.46653287662411,36.88033729677459,44.82379763609598,1009.0756475135165,False,2.654829634053861,7.925108829221585,1.0837722650819943,2.138602124666672,210.087753588573,322.997109599308,63.5946321813456,0.18565667903540742,10440.463884314953,11878.324970390755,49,0.10915195293313043
F1,2024,2,2024-05-15,Synthetic_GP_2,Synthetic_Park,R,AAA,SYN-A,SYN-A,F1,13,90.25988199787766,28.040519397665086,33.307344891031434,28.912017709181136,HARD,Pirelli,13.0,0,1,1,1,False,False,True,False,23.915547803254718,35.90740215808419,44.45804194003743,1008.76878252331,False,3.1706665780785523,46.10226732492788,1.19986971723626,2.0110087656176816,209.75207545819185,325.11174723758234,64.0182706358951,0.168668984652144,10503.771247513048,11886.399900931325,48,0.1579216228527461
F1,2024,2,2024-05-15,Synthetic_GP_2,Synthetic_Park,R,AAA,SYN-A,SYN-A,F1,14,90.2367352673623,27.986941420836065,33.32321998589442,28.926573860631827,HARD,Pirelli,14.0,0,1,1,1,False,False,True,False,24.266958884988345,35.6757959821194,42.98575447274269,1009.1544221379803,False,2.758965111323935,53.695211097353706,0.9038989079028847,2.1207927065663243,208.67435739836944,322.5508416370968,65.09763659090572,0.18805044487446612,10437.925430572794,11837.626662679488,50,0.13645775287264458
F1,2024,2,2024-05-15,Synthetic_GP_2,Synthetic_Park,R,AAA,SYN-A,SYN-A,F1,15,89.80450680463758,27.794011562526897,33.189318470820204,28.82117677129048,MEDIUM,Pirelli,1.0,1,1,1,1,False,False,True,False,24.049928369918245,35.52549568730913,43.58119589839905,1010.8263266678335,False,3.1507623980221413,79.1828659237745,0.9863545988466613,2.0700828769688675,208.72939851340163,323.94512863780847,67.44825590834243,0.19386299629119377,10322.564166871625,11854.504011316278,48,0.09100657362315923
F1,2024,2,2024-05-15,Synthetic_GP_2,Synthetic_Park,R,AAA,SYN-A,SYN-A,F1,16,89.81525221684993,27.81856153198551,33.23433849814718,28.762352186717237,MEDIUM,Pirelli,2.0,0,1,1,1,False,False,True,False,23.525625051638922,35.28117540416653,43.77349964082296,1010.5535672322249,False,3.104142735132917,83.43832702805366,0.9144424469505468,2.048409822095996,208.9957262005729,324.19916320576493,66.62805235047945,0.18148386768667443,10394.76629141645,11899.513645624244,45,0.13729370813040015
F1,2024,2,2024-05-15,Synthetic_GP_2,Synthetic_Park,R,AAA,SYN-A,SYN-A,F1,17,89.80751095116811,27.848237592918505,33.26006623630263,28.699207121946976,MEDIUM,Pirelli,3.0,0,1,1,1,False,False,True,False,23.582829783126854,34.630730137927294,42.96312589156558,1009.8113368521063,False,3.4305357140713735,111.85729883499442,0.8570896801708199,2.0306161402284633,208.28438562190473,326.2318038892454,66.3292639977254,0.1773893336414192,10408.915716987833,11827.87346301218,45,0.08634530606697267
F1,2024,2,2024-05-15,Synthetic_GP_2,Synthetic_Park,R,AAA,SYN-A,SYN-A,F1,18,90.21909008913205,27.988626367935975,33.37472383827377,28.8557398829223,MEDIUM,Pirelli,4.0,0,1,1,1,False,False,True,False,24.398600153561098,33.77086952608527,43.23824241438237,1008.6045936835035,False,3.297063661376727,135.27476793108326,0.9765527315439951,2.0145781829294465,211.4775550917184,321.4526885995493,65.27520503970028,0.1704748001997131,10357.739679322753,11956.830564158356,49,0.07540374656164894
F1,2024,2,2024-05-15,Synthetic_GP_2,Synthetic_Park,R,AAA,SYN-A,SYN-A,F1,19,90.15658863571596,27.95457203008904,33.429287845491636,28.772728760135287,MEDIUM,Pirelli,5.0,0,1,1,1,False,False,True,False,23.515556322681867,33.23304688988839,43.53534994716401,1008.281082091415,False,3.2507176518856427,168.7157106491279,0.9973778263906913,2.1202856907283807,207.05173195257956,322.5256399555911,64.32630531683321,0.1669827817336942,10364.102484821105,11729.527923078907,48,0.08848186532485076
F1,2024,2,2024-05-15,Synthetic_GP_2,Synthetic_Park,R,AAA,SYN-A,SYN-A,F1,20,90.12153309073459,27.93825848744472,33.33730147089864,28.84597313239123,MEDIUM,Pirelli,6.0,0,1,1,1,False,False,True,False,23.934096081652495,33.98741140452516,45.83919846510424,1007.0605956947306,False,2.8716290563213573,185.4575701941252,0.9728292701713803,2.1685985029687096,208.62659277582722,319.12682910811674,65.30549740712293,0.18567544090119179,10563.338270087826,11791.46778890917,48,0.11903986495097535
F1,2024,2,2024-05-15,Synthetic_GP_2,Synthetic_Park,R,AAA,SYN-A,SYN-A,F1,21,90.24190740227583,27.958805627275392,33.38259555084345,28.900506224156985,MEDIUM,Pirelli,7.0,0,1,1,1,False,False,True,False,24.18620983404103,33.6348213956833,43.55071646448527,1009.7006696431288,False,2.8495928080513995,215.08745587425733,0.9746641368183326,2.0764325823541925,208.86218377921665,320.0354659358975,69.44545607050843,0.1921113811135793,10595.323374813708,11786.562977847656,47,0.12141603417191155
F1,2024,2,2024-05-15,Synthetic_GP_2,Synthetic_Park,R,AAA,SYN-A,SYN-A,F1,22,90.16320363350137,28.00132686439604,33.37638712343606,28.785489645669266,MEDIUM,Pirelli,8.0,0,1,1,1,False,False,True,False,23.25519671733013,32.60187932724455,44.350728826936624,1012.0747039320745,False,2.751975683774282,228.42069207909572,0.9928714568785408,2.027972011985465,208.6648024742873,322.6301361689133,65.27330053305063,0.18046666694585345,10508.354628027108,11788.226222721407,45,0.1086921921442777
F1,2024,2,2024-05-15,Synthetic_GP_2,Synthetic_Park,R,AAA,SYN-A,SYN-A,F1,23,89.97628244294185,27.843253315460377,33.325092646096685,28.807936481384793,HARD,Pirelli,9.0,0,1,1,1,False,False,True,False,23.885686035073558,32.12788065346689,44.94102022308402,1009.2928546815486,False,3.0332528519596886,240.65254618861889,0.9017207265991869,2.1357614613024767,210.0714826472197,322.7362163189514,66.63393781603767,0.17162917554733356,10256.987854557403,11955.682122278678,50,0.10953631259065144
F1,2024,2,2024-05-15,Synthetic_GP_2,Synthetic_Park,R,AAA,SYN-A,SYN-A,F1,24,90.20387591308543,27.92790748905411,33.30931221005354,28.966656213977778,HARD,Pirelli,10.0,0,1,1,1,False,False,True,False,23.254524562743345,31.730579923449483,44.69375245065115,1009.5739440987672,False,3.016986203450153,271.85736214596557,1.088230871032747,2.209708563665224,211.3526476887883,323.5705404242189,66.90346330981234,0.18705721913601492,10603.086458194619,11848.740211777438,50,0.13499772133203636
F1,2024,2,2024-05-15,Synthetic_GP_2,Synthetic_Park,R,AAA,SYN-A,SYN-A,F1,25,90.45862857425338,28.067136517627283,33.47163494695029,28.91985710967581,HARD,Pirelli,11.0,0,1,1,1,False,False,True,False,23.67438277851107,30.389025295988613,44.08419775741102,1010.4907716707843,False,3.0992600982886973,299.25501558839915,1.0355928915673083,2.1488942615565674,210.4792781560297,322.3459834646283,63.84437860549223,0.18132869239338154,10360.382290824577,11714.677954336701,49,0.10610612041274355
F1,2024,2,2024-05-15,Synthetic_GP_2,Synthetic_Park,R,AAA,SYN-A,SYN-A,F1,26,90.37367550064015,28.015272269270103,33.469660894987534,28.888742336382514,HARD,Pirelli,12.0,0,1,1,1,False,False,True,False,23.273141424378014,29.74056347975396,43.83549421429382,1009.3255545796159,False,3.4354123679298167,324.0455834689036,1.0515378359953673,1.9591974441357416,206.87011706229845,323.1174957571801,66.59986691112142,0.19671237594998012,10310.432343866769,11841.915669671198,51,0.09716525975599495
F1,2024,2,2024-05-15,Synthetic_GP_2,Synthetic_Park,R,AAA,SYN-A,SYN-A,F1,27,90.27798100009463,28.05940990390911,33.41899857506601,28.7995725211195,HARD,Pirelli,13.0,0,1,1,1,False,False,True,False,23.000339493547116,29.30755017962809,43.07410975251804,1009.7045276127868,False,3.2852336872436023,343.12399162505824,0.9946590422838533,2.2591991734059595,206.4177034847074,321.2284182408902,66.84453033728587,0.18970513429492872,10296.43298129281,11809.124778945335,48,0.11205131320782152
F1,2024,2,2024-05-15,Synthetic_GP_2,Synthetic_Park,R,AAA,SYN-A,SYN-A,F1,28,90.29805067971517,28.05650933191198,33.42685016213898,28.81469118566421,HARD,Pirelli,14.0,0,1,1,1,False,False,True,False,23.686915681777293,28.085837293533384,45.70554116633068,1009.3604535023451,False,3.102358300625046,1.439452751827389,0.9576502342952773,1.9972415187992638,209.71911422354648,322.66346383861804,64.63015770788157,0.1898035964436391,10483.182318525893,11788.896064825958,46,0.09936537397236199
F1,2024,2,2024-05-15,Synthetic_GP_2,Synthetic_Park,R,BBB,SYN-A,SYN-A,F1,1,89.6511579310035,27.796705041637374,33.1404635183787,28.71398937098742,MEDIUM,Pirelli,1.0,1,1,2,1,False,False,True,False,23.6260817434237,31.342159119489935,44.30633103081506,1009.3056982058118,False,3.164564823366056,102.64595744595402,1.358554275015757,1.6668563367862759,210.44070823890436,321.88346154028255,67.87326290047525,0.1820999258148034,10294.159425300904,11845.351812867722,45,0.0925357003688274
F1,2024,2,2024-05-15,Synthetic_GP_2,Synthetic_Park,R,BBB,SYN-A,SYN-A,F1,2,90.18283701899064,27.95113019011538,33.33999800037444,28.891708828500818,MEDIUM,Pirelli,2.0,0,1,2,1,False,False,True,False,24.00168719652932,33.67129306821314,43.87479386010217,1011.738662964098,False,3.2339298533590966,139.77923388995487,1.2456750613762304,1.8162189030094593,207.753369041719,321.7162150692911,64.44476421243385,0.18956088311304128,10685.158335786586,11932.870779755835,51,0.12013236976362174
F1,2024,2,2024-05-15,Synthetic_GP_2,Synthetic_Park,R,BBB,SYN-A,SYN-A,F1,3,90.09184192665549,27.907411271566655,33.31526958532972,28.86916106975911,MEDIUM,Pirelli,3.0,0,1,2,1,False,False,True,False,23.69928458291856,34.23865698843136,43.51548758870878,1009.1953600013111,False,2.7114036731178937,182.4313661483043,1.3024247322154971,1.8671000094036143,209.28436658544325,325.6565793686517,63.56053143208423,0.1829914921978888,10311.547911362679,11758.272563229064,47,0.12250034751905974
F1,2024,2,2024-05-15,Synthetic_GP_2,Synthetic_Park,R,BBB,SYN-A,SYN-A,F1,4,90.27240804306958,27.97854840358714,33.401347922650515,28.89251171683192,MEDIUM,Pirelli,4.0,0,1,2,1,False,False,True,False,23.947709289631728,34.17542549971845,43.98759924501094,1009.0925404130487,False,3.2761789776839785,189.2131809959734,1.3113249599273007,1.9476924660262596,208.0561412416664,321.8197654061241,65.25229676869941,0.18372274100078703,10304.34446026596,11886.771983983233,50,0.12412843449761068
F1,2024,2,2024-05-15,Synthetic_GP_2,Synthetic_Park,R,BBB,SYN-A,SYN-A,F1,5,90.09185089403417,27.908426632608613,33.3318759662682,28.851548295157357,MEDIUM,Pirelli,5.0,0,1,2,1,False,False,True,False,23.608798370151717,33.69144165170613,42.94273512235466,1011.0789897434913,False,3.2064967093011334,222.48270102027297,1.3975762158248948,1.9093222061680857,208.45956959606752,325.1731948152447,67.86716428267398,0.17939831932085357,10345.598031637395,11728.172352644124,47,0.1277749793149573
F1,2024,2,2024-05-15,Synthetic_GP_2,Synthetic_Park,R,BBB,SYN-A,SYN-A,F1,6,90.39390756965803,28.029105947121568,33.421679869331946,28.943121753204515,MEDIUM,Pirelli,6.0,0,1,2,1,False,False,True,False,23.70636892702271,35.730202459277855,43.625658736017684,1010.8134331175737,False,3.0681460076198537,246.97172612730878,1.2075869581535483,2.0243597722778146,208.45781290099794,321.2127363655327,67.85656515574051,0.17811779732297695,10422.28207020306,11723.74133457738,48,0.09913882816128355
F1,2024,2,2024-05-15,Synthetic_GP_2,Synthetic_Park,R,BBB,SYN-A,SYN-A,F1,7,90.43220927504912,28.041248340699077,33.511207878898574,28.879753055451467,MEDIUM,Pirelli,7.0,0,1,2,1,False,False,True,False,23.74641981369657,35.91768807490728,43.67642275677489,1010.5959444878346,False,3.222097980017209,264.7235913918979,1.3433695862121422,1.7135055616636405,207.40378134601644,319.2201614403752,66.2791086236074,0.18868692474504545,10427.69325918111,11748.906351273132,46,0.1262939730867092
F1,2024,2,2024-05-15,Synthetic_GP_2,Synthetic_Park,R,BBB,SYN-A,SYN-A,F1,8,90.60803663073942,28.128037709758885,33.54194691626893,28.938052004711608,MEDIUM,Pirelli,8.0,0,1,2,1,False,False,True,False,23.32884243088539,35.699924917783925,44.68497577202705,1006.8963544308078,False,3.0623301679807384,284.1171398697382,1.3305420123217648,1.8367332925468207,206.69194279016696,325.62540386523864,68.54205785842318,0.18482554048718755,10577.122565764847,11794.054113009402,46,0.10941650158040678
F1,2024,2,2024-05-15,Synthetic_GP_2,Synthetic_Park,R,BBB,SYN-A,SYN-A,F1,9,90.45627798401087,28.110963780739887,33.42951359724396,28.91580060602702,HARD,Pirelli,9.0,0,1,2,1,False,False,True,False,23.712346981325787,35.6290432408004,44.22198132625251,1010.051044662365,False,3.2638559388289385,297.32542025825546,1.4002728816179877,2.04702693679981,207.1736985243998,325.4558184938396,65.9545739509871,0.17176605341120965,10394.52699277687,11797.508338298936,45,0.09266004169725862
F1,2024,2,2024-05-15,Synthetic_GP_2,Synthetic_Park,R,BBB,SYN-A,SYN-A,F1,10,90.41037893573075,28.02817254681673,33.44664998156454,28.935556407349473,HARD,Pirelli,10.0,0,1,2,1,False,False,True,False,23.590412404874122,36.91698295542866,44.683652713582056,1009.3170262382253,False,3.05586726261012,316.47033383391897,1.552032953497742,1.96245333651104,208.92939598429695,321.218904015241,61.113570008153864,0.19249118153587058,10433.655001385066,11809.149613614649,45,0.09096624032375868
F1,2024,2,2024-05-15,Synthetic_GP_2,Synthetic_Park,R,BBB,SYN-A,SYN-A,F1,11,90.6844101232062,28.05757217711111,33.574213432337054,29.05262451375804,HARD,Pirelli,11.0,0,1,2,1,False,False,True,False,23.251631737106436,35.494951878832836,46.54261245353383,1008.7391784232977,False,3.3982585879763048,342.7237495208758,1.2558792765725086,1.7478068826157716,207.68107882009127,323.0989637073108,68.61454915546315,0.1899125682971012,10454.552671830406,11911.255470418651,46,0.15014102859080128
F1,2024,2,2024-05-15,Synthetic_GP_2,Synthetic_Park,R,BBB,SYN-A,SYN-A,F1,12,90.51018253976515,27.988917754093812,33.52641063448663,28.99485415118471,HARD,Pirelli,12.0,0,1,2,1,False,False,True,False,23.41098845532016,36.13703162563214,43.62726193777906,1008.467097032264,False,2.840624331801043,9.79178574208396,1.4468424728881029,1.9752966479337515,209.89706375869156,325.02015752619246,69.24785027463625,0.16625369768764403,10494.172041817905,11699.954125574344,47,0.15713431660045746
F1,2024,2,2024-05-15,Synthetic_GP_2,Synthetic_Park,R,BBB,SYN-A,SYN-A,F1,13,90.52122340841258,28.079994492701665,33.54451227228694,28.89671664342398,HARD,Pirelli,13.0,0,1,2,1,False,False,True,False,23.436001469879326,35.55664820888967,45.119560985793,1009.1685776796327,False,3.155402401435909,31.253012762137416,1.2428448751902066,1.8429978141581695,206.21673226667204,323.03005962551214,63.442797129028875,0.1830436595650794,10236.619365244307,11769.29816125921,45,0.10520518340807636
F1,2024,2,2024-05-15,Synthetic_GP_2,Synthetic_Park,R,BBB,SYN-A,SYN-A,F1,14,90.75577999903948,28.132779095330445,33.586516283412955,29.036484620296072,HARD,Pirelli,14.0,0,1,2,1,False,False,True,False,24.290506556505935,36.57728560175788,45.07733405714633,1008.0022170705352,False,3.3953643619103544,50.733795412568384,1.2392934046199964,1.8342740297919033,206.7478475189927,323.732233340374,65.75035750854362,0.17150732261440432,10249.912022800285,11801.082621818065,49,0.08641176063905273
F1,2024,2,2024-05-15,Synthetic_GP_2,Synthetic_Park,R,BBB,SYN-A,SYN-A,F1,15,90.06935326411659,27.946026762560138,33.31344150731816,28.80988499423829,MEDIUM,Pirelli,1.0,1,1,2,1,False,False,True,False,23.76936670489585,34.97564349268128,44.17874031509154,1006.5176649319142,False,2.793041004956532,60.77443300141931,1.3902176062077702,1.7405855650434883,208.5204603521851,324.43861189189806,64.82258882490106,0.17858359647147207,10375.650282449113,11620.291839867414,46,0.07874204247917291
F1,2024,2,2024-05-15,Synthetic_GP_2,Synthetic_Park,R,BBB,SYN-A,SYN-A,F1,16,90.08009148968563,27.93960570932057,33.33325262584911,28.80723315451594,MEDIUM,Pirelli,2.0,0,1,2,1,False,False,True,False,23.556302721809885,35.27562692796049,43.76368776139082,1008.8750130902299,False,3.3441760074139544,82.09979864547279,1.1360274366726881,1.7188768396968244,209.63499901361928,322.18168072530045,67.4844148889999,0.18080641409862688,10608.506852612341,11810.069884400207,45,0.113871803696044
F1,2024,2,2024-05-15,Synthetic_GP_2,Synthetic_Park,R,BBB,SYN-A,SYN-A,F1,17,90.47561160900376,28.01035732587046,33.47953112831134,28.98572315482196,MEDIUM,Pirelli,3.0,0,1,2,1,False,False,True,False,23.280597835288035,34.916639058170325,44.57623271322257,1010.1936418340722,False,2.7223859561971766,115.96350911984501,1.3003698645022184,1.7941830922435211,207.89549324350855,326.9844452769502,61.98756426267407,0.1697386375891085,10592.898242750583,11854.896658134123,45,0.09203470138125942
F1,2024,2,2024-05-15,Synthetic_GP_2,Synthetic_Park,R,BBB,SYN-A,SYN-A,F1,18,90.11051658553676,27.979211281630104,33.3497096383066,28.781595665600058,MEDIUM,Pirelli,4.0,0,1,2,1,False,False,True,False,24.591925550716574,34.23451456659996,44.493459199519236,1010.2418818417875,False,2.7422115405753544,142.90602087605924,1.5038835061597036,1.8911860517656742,210.80857766076872,323.5616066406044,63.961067741577395,0.17578593101582768,10450.716476218242,11750.353762517088,45,0.1597541602730232
F1,2024,2,2024-05-15,Synthetic_GP_2,Synthetic_Park,R,BBB,SYN-A,SYN-A,F1,19,90.24128937835366,27.95319707770374,33.430929073929036,28.85716322672088,MEDIUM,Pirelli,5.0,0,1,2,1,False,False,True,False,23.571565092539746,33.852108402298384,44.98768205676853,1011.6321469934202,False,2.867626248884737,166.25623104625652,1.2660911544905806,1.7073138273085795,208.5323134539282,320.5132342878075,64.96325131588097,0.1781634226909871,10407.187397018559,11851.32019837641,49,0.11458995722621503
F1,2024,2,2024-05-15,Synthetic_GP_2,Synthetic_Park,R,BBB,SYN-A,SYN-A,F1,20,90.5547581184904,28.11454522571344,33.531937678187305,28.90827521458965,MEDIUM,Pirelli,6.0,0,1,2,1,False,False,True,False,23.594858772875252,32.71348824350483,46.56530135151007,1009.6282932569994,False,3.318473136700757,182.09778533573865,1.2875141560646715,1.7640410743106083,209.34237268512126,324.16699911695315,63.492435823401976,0.17496495978085086,10459.624439084826,11749.529696883046,46,0.11694069873545582
F1,2024,2,2024-05-15,Synthetic_GP_2,Synthetic_Park,R,BBB,SYN-A,SYN-A,F1,21,90.4029897244245,28.055782174113023,33.427694622954675,28.919512927356806,MEDIUM,Pirelli,7.0,0,1,2,1,False,False,True,False,23.504519577854975,33.67697171591213,45.40363331553465,1009.3408069077351,False,2.8292550870900186,199.52649400582584,1.2279893484154216,1.868863182916013,206.654957518115,321.57528442673953,65.49115070347146,0.18354125438933197,10345.73874914382,11915.400262309939,47,0.09456677223859809
F1,2024,2,2024-05-15,Synthetic_GP_2,Synthetic_Park,R,BBB,SYN-A,SYN-A,F1,22,90.3580511974757,28.03127179909648,33.441611603268825,28.885167795110398,MEDIUM,Pirelli,8.0,0,1,2,1,False,False,True,False,24.251757403265607,33.213959659901676,44.07131030435998,1007.2355392148285,False,3.207571008591236,231.7232519232765,1.3806970198233244,1.866676425669324,209.850573824979,321.6259323588998,65.14238278974292,0.1759513739165202,10228.062737028496,11742.619145366318,49,0.12565282710537412
F1,2024,2,2024-05-15,Synthetic_GP_2,Synthetic_Park,R,BBB,SYN-A,SYN-A,F1,23,90.26540382123335,27.983599173510466,33.36465350338311,28.91715114433977,HARD,Pirelli,9.0,0,1,2,1,False,False,True,False,23.68721737195318,30.86687367840112,41.63502357608579,1008.6452133087749,False,2.8561362569219155,254.13113094857965,1.3908711655633157,1.8711948705792583,209.1533764828978,322.2326645217302,68.97198817250144,0.17605133413762455,10533.175263114128,11810.50717311357,50,0.13002523968993424
F1,2024,2,2024-05-15,Synthetic_GP_2,Synthetic_Park,R,BBB,SYN-A,SYN-A,F1,24,90.27503293060786,27.95418303374827,33.32405810763992,28.996791789219678,HARD,Pirelli,10.0,0,1,2,1,False,False,True,False,23.797865710443737,31.286952340862445,43.88194334949413,1009.6367092408349,False,3.053110852213477,273.6894039425157,1.4214307092051852,1.8949819351643222,208.09323970031508,325.2835098362631,69.47433509143235,0.17893408119598747,10290.751924404212,11881.812242873933,46,0.09810103787063824
F1,2024,2,2024-05-15,Synthetic_GP_2,Synthetic_Park,R,BBB,SYN-A,SYN-A,F1,25,90.35615701525953,28.044032784653343,33.39339068693222,28.918733543673966,HARD,Pirelli,11.0,0,1,2,1,False,False,True,False,24.23206789775517,30.406404976690137,44.553748987450746,1010.6091344180262,False,3.2746081934278846,284.21990530684945,1.0696477191449785,2.0098777168997777,208.23556638710843,321.5780516088501,65.72823530275957,0.19681376192389763,10167.664426313115,11846.686422473715,49,0.11092551671248213
F1,2024,2,2024-05-15,Synthetic_GP_2,Synthetic_Park,R,BBB,SYN-A,SYN-A,F1,26,90.36536197596091,28.00514650232172,33.42731898061091,28.932896493028274,HARD,Pirelli,12.0,0,1,2,1,False,False,True,False,24.210105953101216,29.624114540040797,42.88238802908969,1010.6830332611365,False,3.0912005669248104,321.3563238079139,1.2921273178598711,1.7412019522539965,209.43790305261734,323.3246583547223,67.07314897445565,0.17971202534392333,10587.292723985209,11609.310390439061,45,0.15994746442050467
F1,2024,2,2024-05-15,Synthetic_GP_2,Synthetic_Park,R,BBB,SYN-A,SYN-A,F1,27,90.38755948351816,28.01878893679992,33.44859157560619,28.92017897111205,HARD,Pirelli,13.0,0,1,2,1,False,False,True,False,23.459032808810075,29.48589602374837,42.25868769808649,1011.7367973351062,False,3.2178444625612914,343.61202921992026,1.3630147972609894,1.838404790229545,207.1802239203865,319.72967577547547,68.75062948848783,0.17526879579230187,10266.009859977792,11929.462394254297,45,0.06979706117918899
F1,2024,2,2024-05-15,Synthetic_GP_2,Synthetic_Park,R,BBB,SYN-A,SYN-A,F1,28,90.8565914781476,28.164476174920182,33.64116798273144,29.050947320495986,HARD,Pirelli,14.0,0,1,2,1,False,False,True,False,23.682268613517255,28.34377593085485,42.747731315895315,1009.8313387143211,False,2.962752433607571,21.97668990815646,1.1529749233817335,1.9582585064747864,207.28013869498093,322.66034533145597,66.92393987353144,0.18716252913250242,10295.899210320482,11969.631255057608,49,0.11167533754218739
F1,2024,2,2024-05-15,Synthetic_GP_2,Synthetic_Park,R,CCC,SYN-B,SYN-B,F1,1,90.46867103844536,28.032505577695527,33.43671202584904,28.999453434900794,MEDIUM,Pirelli,1.0,1,1,3,1,False,False,True,False,23.672613972615224,32.88623050726154,44.71949274818905,1010.9291388563847,False,3.25548768017303,122.6074862967996,1.6562746346018467,1.7090768909579483,207.00411415776517,321.66928676176383,65.41299938806917,0.18082821492690657,10482.122346575889,11789.326389702504,46,0.07916384653651484
F1,2024,2,2024-05-15,Synthetic_GP_2,Synthetic_Park,R,CCC,SYN-B,SYN-B,F1,2,90.52685850033386,28.101645852909677,33.48087482079291,28.94433782663127,MEDIUM,Pirelli,2.0,0,1,3,1,False,False,True,False,24.12456518702898,33.92324975765821,43.3448385929393,1007.4077646847113,False,3.373533662927858,148.58426689770457,1.6319012530734653,1.6465044120917791,206.10572603418757,324.7583823664454,67.23983976644459,0.18119488523598626,10551.62690818777,11698.560674008384,46,0.11811480935422444
F1,2024,2,2024-05-15,Synthetic_GP_2,Synthetic_Park,R,CCC,SYN-B,SYN-B,F1,3,90.64933272390496,28.09636729953554,33.59895112622121,28.95401429814821,MEDIUM,Pirelli,3.0,0,1,3,1,False,False,True,False,23.76812428491262,34.12725278906954,45.74747573521754,1010.0518174963547,False,3.1138346718486822,181.94051083874294,1.589651101188925,1.4976671254575566,208.4571962655524,322.72917030507443,65.55741415816944,0.18226468285770503,10346.92948433443,11858.964653971225,45,0.0785913057132688
F1,2024,2,2024-05-15,Synthetic_GP_2,Synthetic_Park,R,CCC,SYN-B,SYN-B,F1,4,90.42411078423575,27.97163002488864,33.452564083908854,28.999916675438257,MEDIUM,Pirelli,4.0,0,1,3,1,False,False,True,False,23.53423823937811,34.117303781180034,42.73717275530129,1009.1371622327761,False,2.9405649618797063,200.47539010448062,1.6290638261477934,1.5604537033710932,212.19013797387757,324.7610633286436,68.93122783555137,0.17859035449051017,10556.859393562248,11693.059674757367,46,0.11457348862838371
F1,2024,2,2024-05-15,Synthetic_GP_2,Synthetic_Park,R,CCC,SYN-B,SYN-B,F1,5,90.67676049798126,28.113818060571884,33.53383842220072,29.029104015208652,MEDIUM,Pirelli,5.0,0,1,3,1,False,False,True,False,23.862289685550444,34.192566514304374,43.404095799222475,1008.2458688317034,False,3.0650743575369384,206.1589568862321,1.5623389634862708,1.6424501202904807,205.4749328398084,322.77569849388226,66.35771216763543,0.19295267425307727,10360.811563304855,11831.768064722326,48,0.12080035542242534
F1,2024,2,2024-05-15,Synthetic_GP_2,Synthetic_Park,R,CCC,SYN-B,SYN-B,F1,6,90.80434515181412,28.19933732075229,33.64096871809948,28.964039112962347,MEDIUM,Pirelli,6.0,0,1,3,1,False,False,True,False,23.831021444738045,35.42951840259108,45.959546419939855,1011.2912701773873,False,2.9869902934147983,234.08487008719896,1.6526379543526695,1.610030539683959,206.22900185417848,324.3605378510277,67.29412309322964,0.18166697658878478,10628.301781128162,11764.716477093629,47,0.138507456544208
F1,2024,2,2024-05-15,Synthetic_GP_2,Synthetic_Park,R,CCC,SYN-B,SYN-B,F1,7,90.78995291207606,28.219163939043522,33.54587828823826,29.02491068479428,MEDIUM,Pirelli,7.0,0,1,3,1,False,False,True,False,24.44432217625525,36.63244323268443,44.300179189092134,1011.2995933741214,False,2.9605474786625448,246.37853014283255,1.6646449137276311,1.41953430978917,203.91238688595186,322.9361939245819,66.73539711383687,0.16505283821904473,10528.692444506898,11669.575866157971,45,0.11458923465452052
F1,2024,2,2024-05-15,Synthetic_GP_2,Synthetic_Park,R,CCC,SYN-B,SYN-B,F1,8,90.75893159963543,28.12967790356073,33.60779091781215,29.021462778262546,MEDIUM,Pirelli,8.0,0,1,3,1,False,False,True,False,23.32351324785892,35.50239757337183,43.682863348264185,1009.7222666953886,False,2.982542464563575,280.16026039030834,1.6485292063527919,1.600240717678581,204.99194327375787,324.7839802119988,69.1672468312885,0.17668910568438842,10431.23307859859,11507.708391931365,47,0.103498838462852
F1,2024,2,2024-05-15,Synthetic_GP_2,Synthetic_Park,R,CCC,SYN-B,SYN-B,F1,9,90.65632317341216,28.073371002841498,33.52885442721391,29.054097743356756,HARD,Pirelli,9.0,0,1,3,1,False,False,True,False,23.469677499476038,36.38642172012981,45.35702310594696,1008.5029731846269,False,2.533175275334927,314.014667579759,1.4634584539131537,1.5494731243787538,206.36534544759596,324.94138282814373,66.85371173482714,0.1936660599254389,10322.89113679348,11766.20603695307,51,0.11324713142754271
F1,2024,2,2024-05-15,Synthetic_GP_2,Synthetic_Park,R,CCC,SYN-B,SYN-B,F1,10,90.66459134549474,28.066978575233662,33.56647586896708,29.031136901293998,HARD,Pirelli,10.0,0,1,3,1,False,False,True,False,24.33430194764871,36.400190788529926,44.72332365082523,1010.2047196171956,False,3.045616548452807,336.0210322428994,1.695106395947528,1.5679903460562825,206.97723316110307,322.80589868258875,66.79181502749566,0.1866691123807866,10530.34670892153,11813.246190953472,46,0.11560879325196763
F1,2024,2,2024-05-15,Synthetic_GP_2,Synthetic_Park,R,CCC,SYN-B,SYN-B,F1,11,90.74773388255544,28.08455913416249,33.62556122056012,29.037613527832825,HARD,Pirelli,11.0,0,1,3,1,False,False,True,False,24.17247983508581,34.99372105332676,42.43973213723807,1009.7724259681478,False,2.992270518418054,7.448815192481277,1.5846225658695081,1.6749080559037737,205.55336446986095,324.58234440278204,65.77491983735226,0.19125515294490045,10283.831781127634,11868.770718630998,50,0.1242232817935713
F1,2024,2,2024-05-15,Synthetic_GP_2,Synthetic_Park,R,CCC,SYN-B,SYN-B,F1,12,90.92201702214427,28.17800431122758,33.628478945638555,29.115533765278137,HARD,Pirelli,12.0,0,1,3,1,False,False,True,False,23.670939603414325,35.82910362368576,45.488746090846654,1013.2008166199366,False,2.720975420510034,359.6597340738497,1.4970780675998345,1.5736775125034865,205.47037882999442,323.3475757212247,64.130669655861,0.1797165981378843,10464.001495095243,11709.505318831865,51,0.1325002982767517
F1,2024,2,2024-05-15,Synthetic_GP_2,Synthetic_Park,R,CCC,SYN-B,SYN-B,F1,13,90.92835390470114,28.263663930561272,33.6257135890404,29.038976385099467,HARD,Pirelli,13.0,0,1,3,1,False,False,True,False,23.758379756638394,35.467791622816115,44.34235364143918,1010.328785292686,False,3.7978591672826627,17.02695958455439,1.4573266979712962,1.6398874017288003,207.28928592391256,321.2257433030868,66.18082818736491,0.16502660499448243,10495.505837164916,11558.717469822574,51,0.1358315294777848
F1,2024,2,2024-05-15,Synthetic_GP_2,Synthetic_Park,R,CCC,SYN-B,SYN-B,F1,14,90.91899572753555,28.18452910766343,33.61803317478298,29.116433445089136,HARD,Pirelli,14.0,0,1,3,1,False,False,True,False,23.696030330966366,36.09679221877471,43.76843316065154,1010.9175649902544,False,2.8940790342487617,74.77330827518108,1.5391852758586309,1.5194941905753143,204.9741892083336,321.90107181038036,65.29619675629344,0.18174347098423205,10337.010544494471,11780.92002085025,47,0.09500862107622847
F1,2024,2,2024-05-15,Synthetic_GP_2,Synthetic_Park,R,CCC,SYN-B,SYN-B,F1,15,90.21005457105306,27.959727209099302,33.427289231601414,28.82303813035235,MEDIUM,Pirelli,1.0,1,1,3,1,False,False,True,False,23.827331443745717,36.182134722885834,43.68640407167437,1011.7663515259084,False,3.0727758005983654,74.63990284147172,1.5329738197363272,1.4513831355816222,209.2777137147894,321.6049806746236,68.70330938548742,0.1700074914347808,10296.789188147342,11910.536359264548,47,0.10603037777884179
F1,2024,2,2024-05-15,Synthetic_GP_2,Synthetic_Park,R,CCC,SYN-B,SYN-B,F1,16,90.47253176244826,28.066156738015998,33.44301065262179,28.96336437181047,MEDIUM,Pirelli,2.0,0,1,3,1,False,False,True,False,23.826097323861934,35.41096245930554,43.69677564843024,1008.2845512945753,False,3.0632811763078824,91.28350695151636,1.6745849579666199,1.6615168682633028,207.14985505704288,324.88532254400343,68.06489217422278,0.1902412854802408,10493.21857054801,11722.21909476912,51,0.12870964112193053
F1,2024,2,2024-05-15,Synthetic_GP_2,Synthetic_Park,R,CCC,SYN-B,SYN-B,F1,17,90.67493399153268,28.144431782538895,33.50262971775731,29.02787249123648,MEDIUM,Pirelli,3.0,0,1,3,1,False,False,True,False,24.499717946037734,34.360231110420415,44.28868985745744,1009.2965097496111,False,3.1482849596689624,109.1326336091866,1.535103958217859,1.7381842952104165,205.82409720792305,327.3296189358166,63.8679806633898,0.19048627948142546,10365.824174770927,11937.00586508194,47,0.10129842433098182
F1,2024,2,2024-05-15,Synthetic_GP_2,Synthetic_Park,R,CCC,SYN-B,SYN-B,F1,18,90.67157711840656,28.095525823057578,33.525527364738274,29.05052393061071,MEDIUM,Pirelli,4.0,0,1,3,1,False,False,True,False,23.5714741821661,34.96693917986955,45.18963742334284,1011.7364822871323,False,2.8717636001869615,150.09979412524802,1.5990759760501345,1.5332863380495052,206.41663853102727,329.6408235631635,62.83838907877188,0.1777033515186568,10470.049010957991,11695.113821197532,51,0.10969904978097622
F1,2024,2,2024-05-15,Synthetic_GP_2,Synthetic_Park,R,CCC,SYN-B,SYN-B,F1,19,90.80186520404247,28.114867820628124,33.614701093169494,29.072296290244857,MEDIUM,Pirelli,5.0,0,1,3,1,False,False,True,False,23.354420782382252,33.645411154508764,44.4523428462785,1011.485279773988,False,2.7142789537020655,156.93828371434915,1.646494886013603,1.5760500760944582,207.92206758457746,320.181830111954,66.2786577178354,0.1843956851482818,10332.885343650454,11700.64670200697,46,0.0887448522395886
F1,2024,2,2024-05-15,Synthetic_GP_2,Synthetic_Park,R,CCC,SYN-B,SYN-B,F1,20,90.7710630888658,28.096222550774552,33.581114496244595,29.09372604184665,MEDIUM,Pirelli,6.0,0,1,3,1,False,False,True,False,23.653182459149026,33.53990888104411,42.3046644179682,1008.8605434768215,False,3.40179588372039,189.81888097321894,1.7638461133563896,1.39624126248695,206.67810648074976,324.3783117246969,62.18101418453079,0.16412888130519526,10230.646790244333,11855.005344573128,51,0.09523010514031532
F1,2024,2,2024-05-15,Synthetic_GP_2,Synthetic_Park,R,CCC,SYN-B,SYN-B,F1,21,90.68316392417795,28.09926565607587,33.47946718175712,29.104431086344952,MEDIUM,Pirelli,7.0,0,1,3,1,False,False,True,False,23.51929379036351,32.41558627523993,42.489992349494095,1011.7551024027712,False,2.7675124920077083,198.84153799093372,1.5478988844960027,1.587561435451159,205.59175307914256,321.44665403582417,64.51086267792915,0.17865628657970953,10216.093289981667,11776.687358301022,51,0.11527862700042094
F1,2024,2,2024-05-15,Synthetic_GP_2,Synthetic_Park,R,CCC,SYN-B,SYN-B,F1,22,90.70723925851584,28.151615902065146,33.54310405517042,29.01251930128028,MEDIUM,Pirelli,8.0,0,1,3,1,False,False,True,False,23.97351447907034,31.37004269718997,44.936594393238444,1009.4265839577738,False,2.5738862024352773,233.757796153228,1.716719474237267,1.3969463803696265,205.97307420042364,324.3449733022917,65.9957500160643,0.17414616649537096,10356.435626140523,11883.697598879487,49,0.12454799300668665
F1,2024,2,2024-05-15,Synthetic_GP_2,Synthetic_Park,R,CCC,SYN-B,SYN-B,F1,23,90.59834698701447,28.11909946298737,33.58673350159477,28.892514022432323,HARD,Pirelli,9.0,0,1,3,1,False,False,True,False,23.577552685753233,32.42408310741011,42.00716600928617,1007.1693063483456,False,2.836526359618653,248.64079057460776,1.693677794067814,1.5251554042684146,207.3834593210606,322.8784836539544,67.47295554390233,0.1826375286932724,10377.575240816932,11818.230925047992,51,0.12045645010889755
F1,2024,2,2024-05-15,Synthetic_GP_2,Synthetic_Park,R,CCC,SYN-B,SYN-B,F1,24,90.72477254635987,28.147030593538314,33.5221488700471,29.055593082774458,HARD,Pirelli,10.0,0,1,3,1,False,False,True,False,22.86966869899624,32.05108767355488,43.11133189153115,1010.8075002994783,False,2.827131489470888,278.7487333077082,1.5841340007430158,1.5493241807428297,205.97205689040402,323.33130927247777,69.08175229772762,0.1578402094951756,10592.522631710162,11817.08876794126,50,0.09071826185599474
F1,2024,2,2024-05-15,Synthetic_GP_2,Synthetic_Park,R,CCC,SYN-B,SYN-B,F1,25,90.58859558066256,28.0888030646632,33.5354182206407,28.96437429535866,HARD,Pirelli,11.0,0,1,3,1,False,False,True,False,23.77983476154284,30.808489338549478,45.100936344753734,1010.7992024511493,False,2.77162136744428,301.87506109283845,1.52962337794783,1.6954378963724341,206.7216848951778,321.7781575630971,64.3766298511292,0.17776344824762574,10379.322090146841,11705.440054122279,51,0.1053847658775198
F1,2024,2,2024-05-15,Synthetic_GP_2,Synthetic_Park,R,CCC,SYN-B,SYN-B,F1,26,90.73128212001195,28.140311454562934,33.60081267182729,28.99015799362173,HARD,Pirelli,12.0,0,1,3,1,False,False,True,False,23.319967652487666,30.281558691395762,42.57823838850154,1011.0189795292289,False,2.9067726099530993,308.2059496444872,1.5186945130781189,1.6443615645973844,208.4791205251635,321.74046499400333,66.87139020612575,0.16839961339342044,10561.092086596238,11830.810219840332,46,0.10216834236731957
F1,2024,2,2024-05-15,Synthetic_GP_2,Synthetic_Park,R,CCC,SYN-B,SYN-B,F1,27,90.69563266234736,28.13115714978279,33.598613583190165,28.965861929374405,HARD,Pirelli,13.0,0,1,3,1,False,False,True,False,23.852848903952218,28.843099559734508,43.36905671010069,1009.552586442576,False,3.036619262058196,332.46443712368864,1.6286758274473458,1.5742796478556416,204.5246134318193,321.91489235258325,70.12239223876271,0.17057047289250282,10433.512984217286,11740.914720796589,50,0.0622361356511158
F1,2024,2,2024-05-15,Synthetic_GP_2,Synthetic_Park,R,CCC,SYN-B,SYN-B,F1,28,90.7404905724388,28.10112925583371,33.602936250388126,29.036425066216964,HARD,Pirelli,14.0,0,1,3,1,False,False,True,False,23.70610772338446,29.565051172851756,42.93215720352016,1009.3837566401853,False,3.390238601397976,357.96949600766663,1.4574505159576283,1.4995739554611094,206.28970344372718,323.4877827821495,65.7551848359148,0.1588599263114808,10273.237793220538,11812.560802883965,50,0.1616429415508624
F1,2024,2,2024-05-15,Synthetic_GP_2,Synthetic_Park,R,DDD,SYN-B,SYN-B,F1,1,90.59774607741294,28.07529620702617,33.48922127756545,29.033228592821317,MEDIUM,Pirelli,1.0,1,1,4,1,False,False,True,False,23.102723054793305,32.34236980320673,44.66484143681076,1009.6634824051023,False,2.8548049419715866,115.62178234900301,1.8985447986241464,1.1620808219632166,204.84944489008225,324.7684466557442,63.25966385035201,0.19299662230342682,10429.983209699654,11771.229288617027,48,0.09612079051151405
F1,2024,2,2024-05-15,Synthetic_GP_2,Synthetic_Park,R,DDD,SYN-B,SYN-B,F1,2,90.59273251427346,28.109643089305884,33.480238038283034,29.002851386684547,MEDIUM,Pirelli,2.0,0,1,4,1,False,False,True,False,24.263759922248752,33.24412619878043,43.327745777617565,1006.6234941401324,False,3.1790201140961827,141.0126676898581,1.7752375271064065,1.2981009293605796,207.3415210900125,324.5635798857115,67.23238767833789,0.16985008033418528,10369.830507402277,11808.525399345304,47,0.07670637465001331
F1,2024,2,2024-05-15,Synthetic_GP_2,Synthetic_Park,R,DDD,SYN-B,SYN-B,F1,3,90.5311433059682,28.04677093715988,33.486009912199535,28.99836245660879,MEDIUM,Pirelli,3.0,0,1,4,1,False,False,True,False,24.17501440425613,34.02363038874731,45.142905927928766,1009.972785525475,False,2.8270483270173283,166.9295033723321,1.7971071670544618,1.4219062505268876,208.10724912180018,324.5603182855795,64.57806482664111,0.17652762109345838,10373.649173251653,11625.555124066548,45,0.12145014567417675
F1,2024,2,2024-05-15,Synthetic_GP_2,Synthetic_Park,R,DDD,SYN-B,SYN-B,F1,4,90.85292119630063,28.135679230083035,33.61839734851195,29.098844617705645,MEDIUM,Pirelli,4.0,0,1,4,1,False,False,True,False,23.82771552266214,35.286985044222,43.61526297346132,1006.8406667338978,False,2.938221525176715,197.09722956099378,2.02735564140226,1.3188763675212078,206.7814344780325,324.54783870610436,65.71376608461777,0.1765749383761824,10377.650298345538,11819.141823727521,47,0.1254616854460227
F1,2024,2,2024-05-15,Synthetic_GP_2,Synthetic_Park,R,DDD,SYN-B,SYN-B,F1,5,90.65639701221025,28.146274770558392,33.54397707716496,28.966145164486896,MEDIUM,Pirelli,5.0,0,1,4,1,False,False,True,False,23.43526463636108,34.64047605384922,43.20598151948738,1011.8197610383428,False,2.7321731391912008,220.3242141108545,1.8540855464257129,1.3112974071362271,206.46248967399558,324.37640596631877,67.29768692182886,0.16912272603971104,10707.82958064248,11847.86262982776,50,0.10474114482999801
F1,2024,2,2024-05-15,Synthetic_GP_2,Synthetic_Park,R,DDD,SYN-B,SYN-B,F1,6,91.15705556641879,28.276588378144332,33.705670115047845,29.174797073226614,MEDIUM,Pirelli,6.0,0,1,4,1,False,False,True,False,23.83965031197133,35.64280207350271,44.769651395596625,1008.8286915691432,False,3.5698703782301173,243.7621972615359,1.9877276128309447,1.4075082821438034,206.8759024103002,321.15286667539993,64.44017357426694,0.17749674636773236,10442.699505633838,11926.1811365024,48,0.11013556756890751
F1,2024,2,2024-05-15,Synthetic_GP_2,Synthetic_Park,R,DDD,SYN-B,SYN-B,F1,7,90.87002159656957,28.1653739545708,33.643598173602285,29.06104946839649,MEDIUM,Pirelli,7.0,0,1,4,1,False,False,True,False,24.04296614285741,36.483218691820746,43.29746683601991,1011.3881504028559,False,2.8304019551155304,259.21628205706514,1.8262726582141622,1.2590115853854107,206.1947034872981,320.1096869885271,62.3467020602803,0.17508739611447524,10403.352211968364,11775.903574985035,45,0.1500984842630045
F1,2024,2,2024-05-15,Synthetic_GP_2,Synthetic_Park,R,DDD,SYN-B,SYN-B,F1,8,90.98373244681252,28.241526792788004,33.62916629554887,29.113039358475646,MEDIUM,Pirelli,8.0,0,1,4,1,False,False,True,False,23.708005051189375,35.27480902960938,43.47500870562083,1013.3510832238013,False,2.7639800610249283,291.53886240262295,1.809820271474596,1.345985031839205,208.19124635128722,322.6827865912454,67.0606668628155,0.16671705370613293,10457.213881209611,11869.986416235677,50,0.0974702359616921
F1,2024,2,2024-05-15,Synthetic_GP_2,Synthetic_Park,R,DDD,SYN-B,SYN-B,F1,9,90.7083227526231,28.137380454840596,33.57250676540793,28.99843553237458,HARD,Pirelli,9.0,0,1,4,1,False,False,True,False,23.588200064749213,34.893302995263824,43.579567234898946,1010.0357799509952,False,3.1848238054004185,297.85129733826756,2.0034529291500722,1.399066547399155,207.59282835328227,319.38652381979824,66.35531762677925,0.18752247466731733,10402.134815797624,11944.09252466106,49,0.1235699221170766
F1,2024,2,2024-05-15,Synthetic_GP_2,Synthetic_Park,R,DDD,SYN-B,SYN-B,F1,10,90.94517452122133,28.20530104012632,33.630131395567034,29.109742085527984,HARD,Pirelli,10.0,0,1,4,1,False,False,True,False,23.794294529073863,35.535415918797995,43.43185245442808,1008.6580442072282,False,2.7451368200873425,314.39989792857546,1.9742422398870423,1.2279864399164158,203.69641829120812,325.241025931329,62.62690539763835,0.18262144785708379,10484.45698462548,11920.458603748653,48,0.10109243138271772
F1,2024,2,2024-05-15,Synthetic_GP_2,Synthetic_Park,R,DDD,SYN-B,SYN-B,F1,11,90.90210649240146,28.18681425456477,33.63431680804441,29.080975429792282,HARD,Pirelli,11.0,0,1,4,1,False,False,True,False,23.368409796471067,35.809548865648914,44.89373165803814,1006.7515890653214,False,2.9639189738980134,343.20437469213044,1.9830711769232636,1.29539932487642,207.49943195407366,322.81692750144646,65.34529765902899,0.17902198025239985,10496.581310757418,11820.945507774777,51,0.10842906775130493
F1,2024,2,2024-05-15,Synthetic_GP_2,Synthetic_Park,R,DDD,SYN-B,SYN-B,F1,12,90.85347598656058,28.229694123040257,33.598610722061636,29.025171141458685,HARD,Pirelli,12.0,0,1,4,1,False,False,True,False,23.908162344188156,36.104495983861966,44.03048251516798,1011.163173284753,False,2.977399107507689,17.126338034714593,2.006685322949132,1.4743528519665232,204.3801268693941,325.90379376996606,66.94193248820912,0.18058255471744453,10448.268020342519,11799.139879525845,45,0.09905017297211265
F1,2024,2,2024-05-15,Synthetic_GP_2,Synthetic_Park,R,DDD,SYN-B,SYN-B,F1,13,90.82098523649539,28.1341011764125,33.58821078019376,29.098673279889127,HARD,Pirelli,13.0,0,1,4,1,False,False,True,False,24.34390395529212,36.83713206664091,44.00440509595133,1008.4959782233235,False,2.9417173683750213,27.047983145697515,1.7096655911548049,1.4152100317432106,206.04370928390827,326.44290296548894,61.74153479468038,0.1786283585718192,10511.33769387224,11683.417603500793,50,0.11069970155815373
F1,2024,2,2024-05-15,Synthetic_GP_2,Synthetic_Park,R,DDD,SYN-B,SYN-B,F1,14,91.0779801009672,28.224583127944985,33.72561332276149,29.127783650260724,HARD,Pirelli,14.0,0,1,4,1,False,False,True,False,23.609487545119638,35.721353024453975,45.64587357395208,1012.2483336206479,False,3.375425901779568,58.27579888153605,2.0259191715784572,1.2908683506249914,204.70996843552373,324.55132914091746,69.16771452355549,0.18673239365938987,10279.620324026988,11775.327336141441,51,0.10365470513482726
F1,2024,2,2024-05-15,Synthetic_GP_2,Synthetic_Park,R,DDD,SYN-B,SYN-B,F1,15,90.50929030144071,28.0146635188944,33.5006895216938,28.993937260852512,MEDIUM,Pirelli,1.0,1,1,4,1,False,False,True,False,23.817260930113463,35.63592663283774,43.675248524603006,1010.6932014072089,False,3.221985722440008,86.07971079990796,1.8358377058895394,1.383545622362944,207.3893934345007,321.26995876608004,68.27506793699847,0.1973041182682892,10285.634764335042,11545.428973995226,49,0.1005760037926259
F1,2024,2,2024-05-15,Synthetic_GP_2,Synthetic_Park,R,DDD,SYN-B,SYN-B,F1,16,90.60173852167259,28.10146948784511,33.46910295133355,29.031166082493932,MEDIUM,Pirelli,2.0,0,1,4,1,False,False,True,False,23.823697052096037,35.34700321517442,44.55437223266913,1009.1674566094962,False,3.693890514848513,93.03654146320821,1.763108800991485,1.272306020185205,208.23289722097607,324.14631032989865,67.82524226680239,0.19320004205891564,10466.503383857562,11735.212022945625,47,0.122643420763672
F1,2024,2,2024-05-15,Synthetic_GP_2,Synthetic_Park,R,DDD,SYN-B,SYN-B,F1,17,90.76320285209397,28.136339140982965,33.56806935949805,29.058794351612953,MEDIUM,Pirelli,3.0,0,1,4,1,False,False,True,False,24.52509221535667,34.815314338235986,42.020240335144294,1007.7919849426764,False,3.4230215970141273,125.81221541944433,2.112677758953784,1.4526694156107742,204.98852939861314,324.52731705763074,66.90881805199243,0.16174694287696634,10375.945609080765,11821.653431061459,45,0.09186772106085453
F1,2024,2,2024-05-15,Synthetic_GP_2,Synthetic_Park,R,DDD,SYN-B,SYN-B,F1,18,90.76903963221581,28.085350955291478,33.6240385265719,29.059650150352432,MEDIUM,Pirelli,4.0,0,1,4,1,False,False,True,False,23.757858358099256,34.5435656938932,44.128449743668945,1008.8392408460644,False,2.8297958572103408,144.69227525573928,2.025521967412126,1.262640411213475,209.7355624290809,322.15544545488115,69.73694378437283,0.18308930688397507,10611.387464249647,11840.388608596466,47,0.13247631404261168
F1,2024,2,2024-05-15,Synthetic_GP_2,Synthetic_Park,R,DDD,SYN-B,SYN-B,F1,19,90.7631531725972,28.11185769368759,33.60416420759392,29.047131271315692,MEDIUM,Pirelli,5.0,0,1,4,1,False,False,True,False,24.264546485830703,33.831612288218814,45.903842139855946,1009.1374522793852,False,3.1989854842586154,159.4177268418963,2.0041773062846104,1.304711499100776,207.2725800359109,326.88980597539074,67.90316838755054,0.19717507460196165,10324.031150420727,11713.30308031698,49,0.1255423732095351
F1,2024,2,2024-05-15,Synthetic_GP_2,Synthetic_Park,R,DDD,SYN-B,SYN-B,F1,20,90.78030495700386,28.151499480564265,33.61492907046323,29.01387640597636,MEDIUM,Pirelli,6.0,0,1,4,1,False,False,True,False,24.242780638478898,32.82623146465596,44.27776745867629,1010.720785835095,False,3.224494507293107,175.81933823694555,1.8311665892528233,1.4449142373154684,204.5149677223306,322.82281980338325,65.68343028740277,0.18575215237653225,10568.278707574736,11789.87374871679,48,0.13725254278538518
F1,2024,2,2024-05-15,Synthetic_GP_2,Synthetic_Park,R,DDD,SYN-B,SYN-B,F1,21,90.92013811909949,28.20804175444221,33.615737783598235,29.09635858105905,MEDIUM,Pirelli,7.0,0,1,4,1,False,False,True,False,23.926774420139278,32.33641294081103,43.02300301822754,1009.9460752438943,False,3.088145736306518,200.83666112188314,1.9658480645404255,1.38688398273274,203.26428253216233,321.4636619684859,67.93982963803833,0.17848071447405245,10516.968902251992,11725.566589636433,51,0.13615213417877306
F1,2024,2,2024-05-15,Synthetic_GP_2,Synthetic_Park,R,DDD,SYN-B,SYN-B,F1,22,90.95242321477444,28.152492741681822,33.65615505794878,29.143775415143836,MEDIUM,Pirelli,8.0,0,1,4,1,False,False,True,False,23.753142539762333,31.932051169417115,44.75233986238813,1010.31892696801,False,3.1636805883980554,232.89915607640114,1.68003016483779,1.5057432043233314,203.816641499331,327.03808868169887,67.13853591986557,0.17283573155505222,10377.188099127585,11900.81379419706,49,0.1255950068894244
F1,2024,2,2024-05-15,Synthetic_GP_2,Synthetic_Park,R,DDD,SYN-B,SYN-B,F1,23,90.83974346837071,28.14284357141943,33.61998483496583,29.076915061985453,HARD,Pirelli,9.0,0,1,4,1,False,False,True,False,24.195195123455786,31.34127114073988,44.844027582093815,1011.9283885290577,False,3.1639230362817634,249.19021286591067,1.9161047560292204,1.383078738169565,205.20078244370833,323.89799458249234,66.88022996874592,0.16708318800083552,10580.810700343023,11821.674356441383,48,0.09317724118418463
F1,2024,2,2024-05-15,Synthetic_GP_2,Synthetic_Park,R,DDD,SYN-B,SYN-B,F1,24,90.88757423508228,28.158111173809978,33.69762613231017,29.031836928962136,HARD,Pirelli,10.0,0,1,4,1,False,False,True,False,23.653726011335515,30.78949084334412,44.13158851086708,1010.6723951936158,False,2.816344103086171,274.81660886260727,1.9224289882802112,1.3455363670333238,205.80761154596883,324.5621739879543,68.95708266913215,0.1803901994294194,10303.773398653699,11865.101931863112,51,0.0694995215956069
F1,2024,2,2024-05-15,Synthetic_GP_2,Synthetic_Park,R,DDD,SYN-B,SYN-B,F1,25,90.75898334026562,28.122253166591697,33.60123321905246,29.035496954621458,HARD,Pirelli,11.0,0,1,4,1,False,False,True,False,23.77595463420303,30.664732920277828,44.42766535771815,1009.2541003008746,False,2.6521547084925814,292.3633352086347,2.0263648527352345,1.360322413430414,206.17463578570778,319.1691104874439,64.10847048917792,0.18490395468839219,10466.878959003976,11829.88850438894,50,0.09373371559907608
F1,2024,2,2024-05-15,Synthetic_GP_2,Synthetic_Park,R,DDD,SYN-B,SYN-B,F1,26,90.88114724963125,28.168199826092224,33.603987534297914,29.10895988924112,HARD,Pirelli,12.0,0,1,4,1,False,False,True,False,23.46907945106013,30.022142052526558,43.2421158813501,1009.4033677186674,False,2.791493262026873,310.87513152198653,2.0566369246074583,1.4535804902608072,207.51505814219445,320.6985344403316,67.83762925076132,0.16661767870084804,10590.63210562447,11836.00164512369,49,0.091095642291692
F1,2024,2,2024-05-15,Synthetic_GP_2,Synthetic_Park,R,DDD,SYN-B,SYN-B,F1,27,90.91537589814665,28.198772747702215,33.63944962560201,29.077153524842423,HARD,Pirelli,13.0,0,1,4,1,False,False,True,False,23.690319972478065,28.511344954538558,42.69229463041425,1009.6498209852733,False,3.275973408966614,329.35028936836613,1.9721526839716599,1.258929138058477,206.10370425360625,324.1364748596125,63.63949129398316,0.1818006865213856,10254.621625414182,11780.348749708599,47,0.13439694667837526
F1,2024,2,2024-05-15,Synthetic_GP_2,Synthetic_Park,R,DDD,SYN-B,SYN-B,F1,28,91.07830078516739,28.218911146365816,33.65618314058766,29.203206498213916,HARD,Pirelli,14.0,0,1,4,1,False,False,True,False,23.57292735755678,28.285731718935974,43.03791450230943,1008.3074602968512,False,3.2981977301194503,354.1461512061056,1.9713907991357813,1.4309409882486324,205.20305708083748,325.6122444456124,63.98455782344926,0.195438770309595,10522.819187526988,11622.319062397655,50,0.1535121946813623
F1,2024,3,2024-07-15,Synthetic_GP_3,Synthetic_Street,R,AAA,SYN-A,SYN-A,F1,1,91.495264093055,28.381521941424378,33.82851967933555,29.285222472295068,MEDIUM,Pirelli,1.0,1,1,1,1,False,False,True,False,24.289909426747062,34.795526750842924,42.31422673113638,1008.6042042337976,False,3.1664704300790114,160.85488292842297,1.036642817526356,2.164412165329228,209.72217632198607,323.11985059120485,68.2454628041415,0.18734257544647226,10446.184287897462,11913.514156187504,51,0.10904141831732869
F1,2024,3,2024-07-15,Synthetic_GP_3,Synthetic_Street,R,AAA,SYN-A,SYN-A,F1,2,91.43121294588816,28.340503410188678,33.82526707701357,29.265442458685918,MEDIUM,Pirelli,2.0,0,1,1,1,False,False,True,False,24.590981893729566,33.64605964358079,41.52339829409207,1008.686774938929,False,3.7011197729330703,180.40854728021392,0.8505918521922717,1.9415104394113152,210.78014082265116,325.25127490018866,63.48189078047112,0.1752965670033993,10256.448183685843,11885.923272142061,46,0.09860850065048547
F1,2024,3,2024-07-15,Synthetic_GP_3,Synthetic_Street,R,AAA,SYN-A,SYN-A,F1,3,91.44282081396669,28.3360632584246,33.83115628223431,29.275601273307778,MEDIUM,Pirelli,3.0,0,1,1,1,False,False,True,False,24.38759673931531,35.66342879765484,42.28218115809562,1011.0416511197186,False,3.6845279886115283,213.56358498353958,1.037664976216617,2.1495025793371125,207.26018892516066,320.2258876356532,66.34710273567521,0.18423494804280052,10531.378873272333,11747.605688756012,46,0.14870352015153548
F1,2024,3,2024-07-15,Synthetic_GP_3,Synthetic_Street,R,AAA,SYN-A,SYN-A,F1,4,91.88260363026883,28.45587693908763,33.99066076264307,29.436065928538135,MEDIUM,Pirelli,4.0,0,1,1,1,False,False,True,False,24.475856905297796,35.34473485502792,41.67302801252466,1010.8318706101276,False,3.129492647925718,225.07747814102783,1.0221454502221854,2.0664945420517538,209.99708913457235,322.76450652932584,66.01502806783203,0.18676595019697,10409.633027469945,11892.67726977494,51,0.07305507509971755
F1,2024,3,2024-07-15,Synthetic_GP_3,Synthetic_Street,R,AAA,SYN-A,SYN-A,F1,5,91.7201235536794,28.45174252417451,33.9125571671169,29.355823862387993,MEDIUM,Pirelli,5.0,0,1,1,1,False,False,True,False,24.442424148284225,36.42439623000198,42.009773257456175,1011.8189247334223,False,3.394843715527353,255.06553463652696,1.110109000262348,2.064767973584024,209.159518198879,323.2822518620324,65.2705027627519,0.17882347981023838,10402.294578371897,11919.722158715867,51,0.1388392636617718
F1,2024,3,2024-07-15,Synthetic_GP_3,Synthetic_Street,R,AAA,SYN-A,SYN-A,F1,6,91.65841458293819,28.399295441366196,33.96318439681653,29.29593474475547,MEDIUM,Pirelli,6.0,0,1,1,1,False,False,True,False,24.22546858522374,37.18318420600424,42.30660314469621,1009.7292706848091,False,3.390518770203888,259.2586082589698,0.9974582006571754,2.026422484691331,209.25906962873827,323.34727425993725,65.82705225435237,0.1639710566905232,10332.470501740863,12131.237900180817,45,0.12252266331828719
F1,2024,3,2024-07-15,Synthetic_GP_3,Synthetic_Street,R,AAA,SYN-A,SYN-A,F1,7,91.6419926161882,28.387513614291944,33.89590480794199,29.35857419395427,MEDIUM,Pirelli,7.0,0,1,1,1,False,False,True,False,24.79821313029694,36.72030247456857,41.04770973944267,1009.2542386838367,False,3.5234664187939537,300.9474982757685,1.027329827976226,2.2007266750927856,208.78404193643982,323.68915381533657,68.02463805361326,0.1903249541728954,10324.73656448921,11827.37313916941,50,0.12304516028456429
F1,2024,3,2024-07-15,Synthetic_GP_3,Synthetic_Street,R,AAA,SYN-A,SYN-A,F1,8,91.941252159461,28.510749470322313,34.00364989595961,29.42685279317908,MEDIUM,Pirelli,8.0,0,1,1,1,False,False,True,False,24.54751082926275,36.871347349284086,43.672258806656,1011.5124965924197,False,3.4583796908020226,303.83418997318523,0.9501592065026953,2.08256156893223,208.1107243794366,321.6321432755136,66.66701047983123,0.17887178928471825,10283.827950424944,11785.859573469557,47,0.1460053813795113
F1,2024,3,2024-07-15,Synthetic_GP_3,Synthetic_Street,R,AAA,SYN-A,SYN-A,F1,9,91.59136658731234,28.355415667850504,33.874093636447256,29.361857283014572,HARD,Pirelli,9.0,0,1,1,1,False,False,True,False,24.197238781150524,36.40971481325728,42.34075028130398,1011.1945454578183,False,3.164000345940212,353.3612210995437,1.0569500496861841,2.1303233760777722,210.9952434376134,325.56710520989463,62.472646660184054,0.1828350757324022,10583.306634271026,11697.017049966787,48,0.13416285573793307
F1,2024,3,2024-07-15,Synthetic_GP_3,Synthetic_Street,R,AAA,SYN-A,SYN-A,F1,10,91.71673931133309,28.410492098333812,33.9133563139131,29.392890899086176,HARD,Pirelli,10.0,0,1,1,1,False,False,True,False,24.5642441571987,37.977144581479365,43.83146160299543,1006.6080479700836,False,3.626798610774623,8.476093458003447,0.8223025386678902,2.1792798484332834,211.49934109179517,323.3147900447059,60.25526221703035,0.17627860235800843,10363.04790206609,11919.390704521222,46,0.07298888066466595
F1,2024,3,2024-07-15,Synthetic_GP_3,Synthetic_Street,R,AAA,SYN-A,SYN-A,F1,11,91.68628508026411,28.46308692367011,33.91187070116506,29.311327455428945,HARD,Pirelli,11.0,0,1,1,1,False,False,True,False,24.91584918340857,37.148775588735504,42.75814513074932,1011.1936440760722,False,3.2798216635843636,19.889184856276643,0.9155145100583915,2.0875915980767767,210.89775015289285,324.2968683736825,66.89638276424326,0.1950233188785986,10543.743257419137,11833.589174864675,49,0.09660713627712941
F1,2024,3,2024-07-15,Synthetic_GP_3,Synthetic_Street,R,AAA,SYN-A,SYN-A,F1,12,91.81854055819228,28.448273342297558,34.01121700499888,29.359050210895845,HARD,Pirelli,12.0,0,1,1,1,False,False,True,False,24.782153279657884,37.07987628273434,42.348408579146415,1009.0835575753985,False,3.236624599140877,43.56217760387028,1.0574560725607,2.109820502174189,207.14588236517596,323.3772634735466,63.251385156967274,0.180007345187371,10356.714951862368,11724.288789180684,47,0.09966029247171487
F1,2024,3,2024-07-15,Synthetic_GP_3,Synthetic_Street,R,AAA,SYN-A,SYN-A,F1,13,91.98764258746284,28.473978699102112,34.03808062528148,29.47558326307925,HARD,Pirelli,13.0,0,1,1,1,False,False,True,False,24.852957117213833,37.108828438078405,43.85202240498891,1012.0836395455307,False,3.534368208563892,77.73891177000428,0.9178363619136868,2.3198093505809303,209.72052026704026,321.63957772732846,64.65316370493503,0.17528351296281292,10586.955800240303,11842.343064497461,47,0.0677154891572755
F1,2024,3,2024-07-15,Synthetic_GP_3,Synthetic_Street,R,AAA,SYN-A,SYN-A,F1,14,91.917309347916,28.4550398429511,33.96294843572682,29.499321069238086,HARD,Pirelli,14.0,0,1,1,1,False,False,True,False,24.578444690963657,37.029959239435435,42.712881611169365,1011.1599127471386,False,3.3960960466304306,97.54813263777993,0.9284067992390347,2.2108996029875168,209.98607819511378,322.75209337543345,65.8492461708758,0.1662739380638626,10336.47153583945,11814.831673409637,50,0.11481027395564218
F1,2024,3,2024-07-15,Synthetic_GP_3,Synthetic_Street,R,AAA,SYN-A,SYN-A,F1,15,91.29685486644932,28.31537158484731,33.75320452864216,29.228278752959852,MEDIUM,Pirelli,1.0,1,1,1,1,False,False,True,False,24.901590305119708,36.51309801134586,43.43642210090379,1010.3195801232018,False,3.3154174535342857,113.4632113154006,0.9811969586991008,2.2057072588273674,210.41678583055943,321.5927686329241,65.1918230456104,0.18362319993149578,10402.000524065948,11829.37917718845,45,0.09539933607537426
F1,2024,3,2024-07-15,Synthetic_GP_3,Synthetic_Street,R,AAA,SYN-A,SYN-A,F1,16,91.47375446953032,28.34524893935414,33.82801429391073,29.300491236265458,MEDIUM,Pirelli,2.0,0,1,1,1,False,False,True,False,24.6374890135203,36.76565294012646,42.91926776065673,1012.4548907155024,False,3.834249842708089,129.67589287128993,1.0448150855723204,2.330274360806007,207.06326293767358,322.0260374971621,67.2482354015203,0.1831791844144002,10398.237725749172,11899.967444710743,50,0.11116320601284917
F1,2024,3,2024-07-15,Synthetic_GP_3,Synthetic_Street,R,AAA,SYN-A,SYN-A,F1,17,91.84045070269335,28.489165121601236,34.00531600948225,29.345969571609864,MEDIUM,Pirelli,3.0,0,1,1,1,False,False,True,False,24.663179495001444,36.00661806702638,39.901342755139886,1009.8064145243931,False,3.340700448903746,148.76772766671615,1.1647942469875996,2.085663852090764,209.39022276695178,320.3896010992755,67.3269269873535,0.19193492764228498,10420.527599006895,11840.92142638947,51,0.14064031559444984
F1,2024,3,2024-07-15,Synthetic_GP_3,Synthetic_Street,R,AAA,SYN-A,SYN-A,F1,18,91.81223755483192,28.471908000608604,33.97580197017554,29.364527584047778,MEDIUM,Pirelli,4.0,0,1,1,1,False,False,True,False,25.10349817061823,35.86928784524982,42.33843966939509,1011.6429708836362,False,4.019524388922825,165.87452869610615,0.9873156596371402,2.0104823865658865,206.7535674826437,321.9065236529668,65.67618239438785,0.18159710849783592,10294.429695167235,11717.379248417454,49,0.11922465982132079
F1,2024,3,2024-07-15,Synthetic_GP_3,Synthetic_Street,R,AAA,SYN-A,SYN-A,F1,19,91.7028229351601,28.458186043239117,33.94062928363548,29.304007608285502,MEDIUM,Pirelli,5.0,0,1,1,1,False,False,True,False,25.186313457570403,35.05406423402978,41.65535098717643,1012.4083880956814,False,3.694382016006627,211.90418937989637,0.9107403233838771,2.0480507983595215,209.11774501629574,319.7175688597915,65.89098075647111,0.19008523194050636,10376.188400686287,11885.09931995145,51,0.13319934808179643
F1,2024,3,2024-07-15,Synthetic_GP_3,Synthetic_Street,R,AAA,SYN-A,SYN-A,F1,20,91.79588580081975,28.47882773153861,33.96979757545898,29.347260493822155,MEDIUM,Pirelli,6.0,0,1,1,1,False,False,True,False,24.480683425061116,34.49884470992533,43.63707527541729,1010.4979512973744,False,3.51272183722396,224.8916714472266,1.051933267931741,2.143288697807678,206.9347778116708,322.68203396770247,69.60374047857582,0.17360957491019774,10423.16086203224,11826.314457226428,49,0.09039182086141449
F1,2024,3,2024-07-15,Synthetic_GP_3,Synthetic_Street,R,AAA,SYN-A,SYN-A,F1,21,91.78586219911328,28.462317523518955,33.98044764960993,29.3430970259844,MEDIUM,Pirelli,7.0,0,1,1,1,False,False,True,False,24.80928986867495,33.42274723714692,42.70824847214863,1010.7447336819025,False,3.548574650471644,230.15404361123694,1.098425980343424,2.2653594526214254,210.41707224848474,318.6348248723456,68.02276011744182,0.17639559691844828,10467.761294274122,11825.959293974161,48,0.09383267232134179
F1,2024,3,2024-07-15,Synthetic_GP_3,Synthetic_Street,R,AAA,SYN-A,SYN-A,F1,22,91.85167116128241,28.53539802055405,33.964964195148156,29.3513089455802,MEDIUM,Pirelli,8.0,0,1,1,1,False,False,True,False,24.565548238485615,33.63306232289256,42.75936522864428,1011.7031541275761,False,3.4219236140478135,280.92857784628495,0.8799417142662431,2.012857262564599,209.24335045293932,323.89043485840017,68.31162722200297,0.1936481638775531,10476.239974377946,11905.97992253629,51,0.08878924734344798
F1,2024,3,2024-07-15,Synthetic_GP_3,Synthetic_Street,R,AAA,SYN-A,SYN-A,F1,23,91.72660127709064,28.391105509926245,33.95077708148938,29.38471868567501,HARD,Pirelli,9.0,0,1,1,1,False,False,True,False,25.031576017970455,32.64972442903798,41.52422481378492,1010.5291994961932,False,3.4557889287028627,273.107777827551,1.021275452340284,2.0668679950504694,211.04729621606765,324.15683902612733,63.977069105102316,0.17609271234592336,10675.569018345548,11680.028370394592,48,0.0842463221988998
F1,2024,3,2024-07-15,Synthetic_GP_3,Synthetic_Street,R,AAA,SYN-A,SYN-A,F1,24,91.88164641218458,28.507590433726637,33.995710865674,29.378345112783947,HARD,Pirelli,10.0,0,1,1,1,False,False,True,False,24.546557364439412,32.88180462549542,40.82916019593758,1011.9531454533851,False,3.2115614544166067,316.8664818381942,1.0681039731768496,1.950731809051474,209.59097469689638,319.3097036300859,63.276155780410406,0.18295216973549008,10218.407565598152,11699.923645396448,51,0.11136035321077929
F1,2024,3,2024-07-15,Synthetic_GP_3,Synthetic_Street,R,AAA,SYN-A,SYN-A,F1,25,91.93561568697253,28.542325905908122,34.01577755193767,29.377512229126737,HARD,Pirelli,11.0,0,1,1,1,False,False,True,False,24.24175487197843,31.328975484424195,42.951625821451934,1007.5047586028336,False,3.6254816875809475,336.27332637174095,0.9787368074431392,2.0443993140684587,207.783632833202,325.042207571406,67.32329938940664,0.19429531962687666,10537.987689915532,11915.217969314112,51,0.11292966591965115
F1,2024,3,2024-07-15,Synthetic_GP_3,Synthetic_Street,R,AAA,SYN-A,SYN-A,F1,26,91.57202410569124,28.309709911352552,33.86083118563995,29.401483008698733,HARD,Pirelli,12.0,0,1,1,1,False,False,True,False,24.597908859975735,31.055124893178036,41.0952505463278,1009.571000894582,False,3.595999313987914,351.4259206500799,1.1244811480426882,2.039880594285514,208.80528468145306,320.5633349088608,66.73399648353426,0.18960980198552788,10605.234811575163,11702.68130970996,47,0.10513190814468504
F1,2024,3,2024-07-15,Synthetic_GP_3,Synthetic_Street,R,AAA,SYN-A,SYN-A,F1,27,91.82759901675752,28.46059773752707,33.97508735498829,29.39191392424216,HARD,Pirelli,13.0,0,1,1,1,False,False,True,False,25.033802077263957,30.570853028953458,42.66738198873506,1009.6295024779116,False,3.504983249607525,19.531443737047766,1.0333017442740118,2.122506654631903,207.72230372768874,325.8268672608131,67.63806637442522,0.17921724714401083,10125.908856906259,11657.26819456455,45,0.10243363454283153
F1,2024,3,2024-07-15,Synthetic_GP_3,Synthetic_Street,R,AAA,SYN-A,SYN-A,F1,28,91.88759374248315,28.464450098080267,33.973090327807185,29.4500533165957,HARD,Pirelli,14.0,0,1,1,1,False,False,True,False,24.488247063451105,29.739878343697704,42.09480651674313,1010.3536386960731,False,3.3448344471824085,34.786501650541595,0.8984352335285402,1.902774995412329,207.99647459514816,321.1290763241443,66.92010531368248,0.16434419212124887,10511.732281145176,11741.517481990697,46,0.11189220562058884
F1,2024,3,2024-07-15,Synthetic_GP_3,Synthetic_Street,R,BBB,SYN-A,SYN-A,F1,1,91.71152810581317,28.38158688576336,33.92282354801855,29.407117672031262,MEDIUM,Pirelli,1.0,1,1,2,1,False,False,True,False,24.758440474227704,33.58699528658909,42.019965967754025,1009.6782649123523,False,3.581237318589151,146.92116193863652,1.3444525759352868,1.8628666329790278,209.6087444706013,323.10958233249636,64.39416967172299,0.1892453032086022,10534.766500300599,11745.716836060412,49,0.11322555677021771
F1,2024,3,2024-07-15,Synthetic_GP_3,Synthetic_Street,R,BBB,SYN-A,SYN-A,F1,2,91.74456707102352,28.410123481525254,33.92014664950563,29.41429693999264,MEDIUM,Pirelli,2.0,0,1,2,1,False,False,True,False,24.629337751361717,34.151530556474015,42.74312002629232,1012.6631346344312,False,3.6492948291477565,194.9638046450821,1.2628909889344502,1.7597263851568345,209.4912935464684,325.57521338120296,65.69355689062331,0.18623085530436762,10528.264053986602,11703.325286625543,49,0.10252197269463963
F1,2024,3,2024-07-15,Synthetic_GP_3,Synthetic_Street,R,BBB,SYN-A,SYN-A,F1,3,91.51197562882476,28.37754269353162,33.86808503394795,29.266347901345185,MEDIUM,Pirelli,3.0,0,1,2,1,False,False,True,False,24.73955570955835,34.78150452148542,42.582324620440374,1007.8894594888504,False,3.373742303842786,209.93301850321672,1.2868152333367044,1.745023724088862,209.6603846953416,325.66575505763757,65.37934511015125,0.1776694737279954,10381.430986727673,11847.143855111794,50,0.11935353032489728
F1,2024,3,2024-07-15,Synthetic_GP_3,Synthetic_Street,R,BBB,SYN-A,SYN-A,F1,4,91.95757061539973,28.503638077235856,33.98156204996865,29.472370488195224,MEDIUM,Pirelli,4.0,0,1,2,1,False,False,True,False,24.900286669965183,35.10689404792381,41.49909555925096,1009.6225468604221,False,3.6689404669849077,229.48102230374482,1.4264812444696988,1.806707259787748,206.24938668663626,323.0275714813158,68.2822099872945,0.17432311503165465,10432.546489190057,11822.72417698117,50,0.09796336488517596
F1,2024,3,2024-07-15,Synthetic_GP_3,Synthetic_Street,R,BBB,SYN-A,SYN-A,F1,5,91.93315733431703,28.490355811914593,33.99378609828297,29.449015424119466,MEDIUM,Pirelli,5.0,0,1,2,1,False,False,True,False,24.883897792678386,36.10958213844612,42.94735569753638,1011.0955869716283,False,3.41169887749208,271.59149558668435,1.0253261285322774,1.8318395126958786,206.58336656028038,320.34261954171507,65.60348316954838,0.1792989972677869,10235.391633974035,11703.51936900266,50,0.09886192242120428
F1,2024,3,2024-07-15,Synthetic_GP_3,Synthetic_Street,R,BBB,SYN-A,SYN-A,F1,6,92.02825202898326,28.543447594775174,34.01586938075706,29.468935053451027,MEDIUM,Pirelli,6.0,0,1,2,1,False,False,True,False,24.49972475908772,36.40180999553753,42.74108027238351,1009.1549488771025,False,3.7768201105960357,278.588082357028,1.212752796966129,1.8108506637966009,209.43261675340955,321.43130493702125,66.69717281952413,0.18640180791237684,10551.32514843116,11787.263082085214,47,0.09805276174279369
F1,2024,3,2024-07-15,Synthetic_GP_3,Synthetic_Street,R,BBB,SYN-A,SYN-A,F1,7,91.96041634299553,28.524302319734588,34.031402747736564,29.404711275524377,MEDIUM,Pirelli,7.0,0,1,2,1,False,False,True,False,24.258407127516712,36.61575057571835,41.27059318514104,1008.7206822092237,False,3.959248811694292,287.9059173516802,1.1959653728570399,1.9699623314514858,208.94008168084116,321.6505494470468,65.73947301021583,0.18161448472890843,10169.483268124599,11778.123735069703,49,0.1190640161133481
F1,2024,3,2024-07-15,Synthetic_GP_3,Synthetic_Street,R,BBB,SYN-A,SYN-A,F1,8,91.98032902467786,28.49550373078487,34.031193242934364,29.453632050958625,MEDIUM,Pirelli,8.0,0,1,2,1,False,False,True,False,23.954900716366375,36.873928998934375,42.70090771642994,1008.7133237129633,False,2.8905411239434726,312.60447227888847,1.2386217403281878,1.9158121789149245,209.12013401078102,323.8737154198173,67.26742405750133,0.18273706032896042,10365.152803675213,11750.165068149272,48,0.10031204399050356
F1,2024,3,2024-07-15,Synthetic_GP_3,Synthetic_Street,R,BBB,SYN-A,SYN-A,F1,9,91.96718532135195,28.504030915895257,33.99491584093375,29.46823856452294,HARD,Pirelli,9.0,0,1,2,1,False,False,True,False,25.009646327175723,37.64466223465474,43.822500791640735,1012.0728042163106,False,3.2460892718955217,335.90569939252646,1.2807815929688111,1.8035129993532981,210.9090590798599,322.909100387011,63.650109330130164,0.1764357791049786,10489.712430139667,11952.098341580195,49,0.13368365669883037
F1,2024,3,2024-07-15,Synthetic_GP_3,Synthetic_Street,R,BBB,SYN-A,SYN-A,F1,10,92.21970234650057,28.559779968212247,34.09315295795022,29.566769420338105,HARD,Pirelli,10.0,0,1,2,1,False,False,True,False,23.673860355048244,36.84431437603352,43.26127608963179,1012.2345826092755,False,3.534226696567872,359.0867543653353,1.3857065352696447,1.678030758100297,205.77484177465175,326.0576346699106,65.95410171661534,0.18367254267707828,10300.337133350982,11974.064382267914,46,0.1175538922969858
F1,2024,3,2024-07-15,Synthetic_GP_3,Synthetic_Street,R,BBB,SYN-A,SYN-A,F1,11,91.947329536927,28.48267925490413,33.98618451608963,29.478465765933244,HARD,Pirelli,11.0,0,1,2,1,False,False,True,False,24.30593001026502,38.00470069574499,42.62526258596222,1009.9090791131937,False,3.5123928319814457,20.002539286442868,1.3515757700084954,1.6983806687125755,206.97249371539473,320.96141211822004,64.76335009005133,0.16409053082041258,10359.54805789058,11771.145510357777,51,0.11706931908385866
F1,2024,3,2024-07-15,Synthetic_GP_3,Synthetic_Street,R,BBB,SYN-A,SYN-A,F1,12,91.96808504895965,28.527408016660914,34.043164305143215,29.397512727155522,HARD,Pirelli,12.0,0,1,2,1,False,False,True,False,24.816889650174748,37.787542481547234,42.22749985743912,1009.6223632795061,False,3.6309827920460984,37.656077160196844,1.2023947034135107,1.873956595052978,210.9595018502173,322.0711481986508,64.23121006368393,0.19259902933390158,10633.300730129577,11831.606461237958,50,0.09682743995165136
F1,2024,3,2024-07-15,Synthetic_GP_3,Synthetic_Street,R,BBB,SYN-A,SYN-A,F1,13,92.29520759219105,28.59459437214615,34.14769169069348,29.552921529351423,HARD,Pirelli,13.0,0,1,2,1,False,False,True,False,24.573540817329015,37.34014913390181,40.641515393951586,1007.4866997811604,False,3.689363930379785,68.33575556437302,1.535540921730342,1.647463756096628,206.36091715860766,320.7509589971254,65.25547104049089,0.16477167732236195,10447.852486144746,11752.509932714229,47,0.1138363156374898
F1,2024,3,2024-07-15,Synthetic_GP_3,Synthetic_Street,R,BBB,SYN-A,SYN-A,F1,14,92.13000984605031,28.5467282856157,34.07586775900164,29.507413801432975,HARD,Pirelli,14.0,0,1,2,1,False,False,True,False,24.619265402662382,37.05783060933323,41.827715915085136,1009.436135248699,False,3.59483292363431,93.95676885982641,1.2611355707860792,1.7037251844545152,207.6434123002046,326.6412628123667,63.60013756865328,0.19585337516421886,10496.554516299782,11896.152195091347,51,0.1146281571386723
F1,2024,3,2024-07-15,Synthetic_GP_3,Synthetic_Street,R,BBB,SYN-A,SYN-A,F1,15,91.53346262117714,28.389091612981666,33.913530584458655,29.230840423736815,MEDIUM,Pirelli,1.0,1,1,2,1,False,False,True,False,24.678657696929573,36.99021988215748,42.55147300956504,1008.5126915301822,False,3.697331148417409,121.56315821070342,1.3292354154881556,1.8761514674807744,211.6185364933896,323.4646029371246,61.66279104852541,0.18827219493009067,10198.595956777619,12010.196447673512,48,0.10812656041210822
F1,2024,3,2024-07-15,Synthetic_GP_3,Synthetic_Street,R,BBB,SYN-A,SYN-A,F1,16,91.61421038070644,28.421234203226927,33.92974594602619,29.26323023145332,MEDIUM,Pirelli,2.0,0,1,2,1,False,False,True,False,24.642070273313173,36.726184742344415,41.490260783343004,1011.7182690400382,False,3.4787252060384595,134.71706854795048,1.4262752728311536,1.9190764635502302,210.86726276671664,325.54941105755466,66.14390523544108,0.18407758733810278,10579.888772624681,11988.690140325247,50,0.10350349106714052
F1,2024,3,2024-07-15,Synthetic_GP_3,Synthetic_Street,R,BBB,SYN-A,SYN-A,F1,17,91.80298470927528,28.44100409725261,33.93974918429129,29.422231427731383,MEDIUM,Pirelli,3.0,0,1,2,1,False,False,True,False,25.22659197989347,35.32264579603952,43.13459244833673,1011.4586230844814,False,3.945586677824917,161.13320855730183,1.3327572640666474,1.7440199028627825,210.6851222982295,322.0244834451454,64.83617131956464,0.1772677183990715,10038.947929724929,11823.921543449698,48,0.0998208261077849
F1,2024,3,2024-07-15,Synthetic_GP_3,Synthetic_Street,R,BBB,SYN-A,SYN-A,F1,18,91.77052648751987,28.456845580721435,33.95409090805773,29.35958999874071,MEDIUM,Pirelli,4.0,0,1,2,1,False,False,True,False,24.68634313516128,35.582055961623844,41.05029956025486,1008.6885264954147,False,3.609572411347561,169.84271430594572,1.3728608567683371,1.746534172456426,208.84877191099488,324.6866317522945,65.10425681647526,0.16866021134792444,10391.550820829112,11699.188243408851,45,0.10008863112838856
F1,2024,3,2024-07-15,Synthetic_GP_3,Synthetic_Street,R,BBB,SYN-A,SYN-A,F1,19,91.67445709283518,28.413166696942927,33.91079753252015,29.35049286337211,MEDIUM,Pirelli,5.0,0,1,2,1,False,False,True,False,24.834978028579922,34.99475644611694,42.79667400321883,1009.2605091869558,False,3.6219434638293926,195.9611238162479,1.251042617404863,1.9305685665054715,208.90407873311247,320.44053446088503,66.06003737296312,0.19249966384715808,10305.04725649748,11705.87239390085,50,0.10372697703728882
F1,2024,3,2024-07-15,Synthetic_GP_3,Synthetic_Street,R,BBB,SYN-A,SYN-A,F1,20,91.87111878830842,28.489256801959225,33.973298904822634,29.40856308152656,MEDIUM,Pirelli,6.0,0,1,2,1,False,False,True,False,25.002765377305398,34.661052579123925,41.897399708514186,1009.4372321621229,False,3.6413851746155075,215.63510037000106,1.2862003434791527,1.7502653748761388,210.06364682100033,322.1895296043511,64.08273924650781,0.1754271195481472,10176.939611864293,11800.888399614825,50,0.14451766864623555
F1,2024,3,2024-07-15,Synthetic_GP_3,Synthetic_Street,R,BBB,SYN-A,SYN-A,F1,21,92.25404048518709,28.567648717281642,34.132265680877545,29.554126087027903,MEDIUM,Pirelli,7.0,0,1,2,1,False,False,True,False,25.11556981617143,33.056843769282935,41.90022790047697,1008.1491101096449,False,3.721288833240701,234.25203571963152,1.072780281583094,1.8445627273879712,209.05664224886954,321.5254852542857,64.12316066144743,0.1711807799169732,10214.98222295648,11939.210961273904,45,0.08348325576128021
F1,2024,3,2024-07-15,Synthetic_GP_3,Synthetic_Street,R,BBB,SYN-A,SYN-A,F1,22,92.03495801776819,28.507964448791128,34.05070513311567,29.47628843586139,MEDIUM,Pirelli,8.0,0,1,2,1,False,False,True,False,24.468762098447396,33.35024548499987,43.099013574181036,1013.3596252197108,False,3.2974693400938335,276.8937065406982,1.315912284804656,1.803698695924215,206.77657605643205,323.21304333903424,68.93751599048407,0.17061822197725393,10185.194014328355,11930.791879545974,45,0.12235549493080479
F1,2024,3,2024-07-15,Synthetic_GP_3,Synthetic_Street,R,BBB,SYN-A,SYN-A,F1,23,91.8734474104018,28.50117667372701,33.99191792531604,29.380352811358748,HARD,Pirelli,9.0,0,1,2,1,False,False,True,False,24.57949695270802,32.60837041138857,43.105709103627305,1009.0918403497272,False,2.8285728260398324,296.1635861184751,1.4100153712410393,1.5923013957692447,212.87781957964762,323.0940122418813,67.58092230616477,0.1647272342389809,10138.727555348765,11810.308329166819,46,0.13371204418866228
F1,2024,3,2024-07-15,Synthetic_GP_3,Synthetic_Street,R,BBB,SYN-A,SYN-A,F1,24,92.11889690841437,28.548971293261786,34.07429656723433,29.495629047918257,HARD,Pirelli,10.0,0,1,2,1,False,False,True,False,24.705353270298637,31.930432307458997,40.600645184785584,1008.70575692537,False,3.935953657344191,303.4873159129345,1.4293901947956276,1.814920029802249,209.71544768264377,321.2567366827778,64.33777506001144,0.1912831529837353,10390.091155405293,11765.000612504273,48,0.07997121930293266
F1,2024,3,2024-07-15,Synthetic_GP_3,Synthetic_Street,R,BBB,SYN-A,SYN-A,F1,25,91.90874674442385,28.496590797995786,34.009427645097354,29.40272830133071,HARD,Pirelli,11.0,0,1,2,1,False,False,True,False,24.91483424603777,32.32056588332907,42.32489958099324,1010.3567607407444,False,3.6946570738314173,304.0686278563527,1.2271567645358903,1.7846233109286087,207.27498902147934,320.51174970412825,66.2755878574099,0.17279033886059683,10334.67647416078,11938.477171985347,49,0.10928639617628812
F1,2024,3,2024-07-15,Synthetic_GP_3,Synthetic_Street,R,BBB,SYN-A,SYN-A,F1,26,91.97151111436767,28.51315327181462,34.041387260810744,29.416970581742312,HARD,Pirelli,12.0,0,1,2,1,False,False,True,False,24.44296179259335,30.464929309917103,42.98163722025361,1006.2691946583333,False,3.637817428724756,352.42516585465034,1.496525716316746,1.963586183319203,207.38609890327135,322.6908622277918,68.82116333620968,0.16693971010303382,10567.607422966586,11819.08685828273,50,0.12776155944934345
F1,2024,3,2024-07-15,Synthetic_GP_3,Synthetic_Street,R,BBB,SYN-A,SYN-A,F1,27,92.10160895617075,28.533723216121405,34.12908435059319,29.43880138945616,HARD,Pirelli,13.0,0,1,2,1,False,False,True,False,24.64518251541802,30.602969184540754,42.58401776608581,1009.660778127765,False,3.761985948511985,18.11071866621262,1.2675309050240982,1.7296865779043014,207.66538287088815,321.52156492901133,62.952672788541506,0.1820324644281819,10389.336287125092,11821.808232731535,49,0.10154388585599408
F1,2024,3,2024-07-15,Synthetic_GP_3,Synthetic_Street,R,BBB,SYN-A,SYN-A,F1,28,92.1145579920101,28.50843591308155,34.12282599757145,29.48329608135711,HARD,Pirelli,14.0,0,1,2,1,False,False,True,False,24.8971154440081,30.05163061236498,40.50780511946167,1011.7109450061486,False,3.1199763776873386,46.264575885457134,1.093600758624569,1.8619007893944055,209.5386762121015,321.2675043065499,65.46508781167822,0.16418298576875553,10625.234944215517,11730.588159630552,47,0.11551309836299603
F1,2024,3,2024-07-15,Synthetic_GP_3,Synthetic_Street,R,CCC,SYN-B,SYN-B,F1,1,91.97684599251704,28.44455453697926,34.06137630265045,29.47091515288733,MEDIUM,Pirelli,1.0,1,1,3,1,False,False,True,False,24.783510228523483,34.37095957063437,42.41000995747822,1009.2140394377857,False,3.4018494245358126,163.75164574716894,1.5585146060252266,1.4607986492423453,206.9077921363557,320.57019176241675,62.38702737921189,0.1846573502827341,10553.203433848535,11807.167350108353,46,0.13607135791301914
F1,2024,3,2024-07-15,Synthetic_GP_3,Synthetic_Street,R,CCC,SYN-B,SYN-B,F1,2,92.01528124421421,28.505558970945817,34.0373048931839,29.472417380084494,MEDIUM,Pirelli,2.0,0,1,3,1,False,False,True,False,24.120633224892472,34.365957876220705,40.11384745023546,1009.1729629883793,False,3.54446306004674,195.5218584726054,1.624759588715983,1.5271507407258351,206.41788928361652,324.85457523549906,64.03419476592546,0.1870329203360637,10444.23795151733,11760.80711920206,48,0.10393679632324372
F1,2024,3,2024-07-15,Synthetic_GP_3,Synthetic_Street,R,CCC,SYN-B,SYN-B,F1,3,92.09188048890056,28.59682962417881,34.00244564321975,29.492605221501996,MEDIUM,Pirelli,3.0,0,1,3,1,False,False,True,False,25.10190280378542,34.89681692895982,41.18428014386441,1010.1839977627848,False,3.7955495201914933,214.02616758882291,1.6013666824906623,1.683094555120293,207.7511419882192,322.1868837018805,65.61451669216045,0.1914365047604119,10384.0830957071,11695.95196467756,51,0.10821199318642255
F1,2024,3,2024-07-15,Synthetic_GP_3,Synthetic_Street,R,CCC,SYN-B,SYN-B,F1,4,92.17131343008377,28.574484141643662,34.067047755278146,29.52978153316196,MEDIUM,Pirelli,4.0,0,1,3,1,False,False,True,False,24.763695305948655,35.27790182647044,41.22202533328997,1011.0031394673576,False,3.2530496923467234,225.85528435251658,1.6135755945446437,1.6222947059323294,209.64419371509985,317.98202480341723,67.8353323926244,0.16970123278398747,10464.546592887285,11679.822120381234,48,0.12956626779786276
F1,2024,3,2024-07-15,Synthetic_GP_3,Synthetic_Street,R,CCC,SYN-B,SYN-B,F1,5,92.17269394423163,28.579149379867783,34.096677140697956,29.496867423665883,MEDIUM,Pirelli,5.0,0,1,3,1,False,False,True,False,24.534172455235737,35.74922381113546,43.521788634719144,1008.962786337393,False,3.7457233888158425,238.93926397268712,1.4116556624083083,1.508082349735024,208.2707531859093,322.61596482261047,67.0819591772479,0.18736883565400372,10561.100912931748,11822.840818833562,50,0.12447912957857948
F1,2024,3,2024-07-15,Synthetic_GP_3,Synthetic_Street,R,CCC,SYN-B,SYN-B,F1,6,92.52323594581343,28.634025800890733,34.26617983475081,29.623030310171885,MEDIUM,Pirelli,6.0,0,1,3,1,False,False,True,False,24.45722735454478,36.370502610102086,41.52510387337377,1009.4772802318672,False,3.7304007031884945,283.82931156999376,1.6579380785351154,1.4659252191163699,203.97558270722834,320.5321857102659,64.48552756626474,0.19681548986077946,10539.092808579606,11709.47700340666,49,0.11263135296049984
F1,2024,3,2024-07-15,Synthetic_GP_3,Synthetic_Street,R,CCC,SYN-B,SYN-B,F1,7,92.52176547748306,28.631035096948263,34.24462044004612,29.64610994048867,MEDIUM,Pirelli,7.0,0,1,3,1,False,False,True,False,24.691855519429296,36.83036240292337,41.28302527924101,1012.027456995424,False,3.8586627646277365,290.9139821915015,1.33966986145193,1.6549064084482756,205.88088733068145,324.6147096746349,65.45735021192048,0.19309715980051226,10672.638192495386,11887.504695986416,49,0.13687630077112312
F1,2024,3,2024-07-15,Synthetic_GP_3,Synthetic_Street,R,CCC,SYN-B,SYN-B,F1,8,92.63142728581442,28.73356870628873,34.25338504603557,29.644473533490128,MEDIUM,Pirelli,8.0,0,1,3,1,False,False,True,False,24.96691309298292,37.25633776586236,42.594522491986396,1012.1913855307714,False,3.327552953582808,307.55133569317326,1.4280884744721019,1.509320150035676,205.26757965450153,324.38871667863043,67.64028083319587,0.16823853281775336,10269.967981271233,11816.159184782004,49,0.13804206994643792
F1,2024,3,2024-07-15,Synthetic_GP_3,Synthetic_Street,R,CCC,SYN-B,SYN-B,F1,9,92.18612609366727,28.61344665454513,34.116778160001125,29.455901279121015,HARD,Pirelli,9.0,0,1,3,1,False,False,True,False,23.901680880841877,37.242531322800424,43.0260385486767,1010.520083447014,False,3.4936160654264508,334.2961176430473,1.6432526643048433,1.6833656872717844,207.61654322660704,326.4229063629845,63.86451086570449,0.17920736496976133,10340.502715841338,11968.004883155447,46,0.07766677722957215
F1,2024,3,2024-07-15,Synthetic_GP_3,Synthetic_Street,R,CCC,SYN-B,SYN-B,F1,10,92.1179031361001,28.614982845089585,34.07968676399452,29.423233527015988,HARD,Pirelli,10.0,0,1,3,1,False,False,True,False,24.378717479314513,37.34392351216588,41.25504647766662,1010.9286761260042,False,3.3871303698769357,349.4953472556594,1.7330564306866114,1.4245624910178898,205.8766532457962,322.0956259608761,66.55327810993022,0.17150098551553225,10458.026122348667,11675.636349844892,45,0.09656095752157277
F1,2024,3,2024-07-15,Synthetic_GP_3,Synthetic_Street,R,CCC,SYN-B,SYN-B,F1,11,92.1314341717958,28.624691334080207,34.07616961165558,29.430573226060012,HARD,Pirelli,11.0,0,1,3,1,False,False,True,False,24.727159856593186,37.33669783502616,42.03386214892613,1010.3896763338952,False,3.3281551867976376,19.003652162001003,1.6566081250929783,1.6337632967494582,206.7826955151447,321.63051368083904,62.66768040778048,0.17818963910204702,10295.26115109262,11743.982556430994,49,0.11468490150952028
F1,2024,3,2024-07-15,Synthetic_GP_3,Synthetic_Street,R,CCC,SYN-B,SYN-B,F1,12,92.25008995432144,28.615500533586328,34.137910022380794,29.496679398354317,HARD,Pirelli,12.0,0,1,3,1,False,False,True,False,24.55358941449429,38.00225460758341,40.263671560656746,1010.2446399605144,False,3.6445563147584696,51.366101906409085,1.6381245424079072,1.6584243653959925,205.93134874309388,325.2817796144336,65.95684275215498,0.1798498755934774,10713.320247353842,11691.999473373633,45,0.10433044453881005
F1,2024,3,2024-07-15,Synthetic_GP_3,Synthetic_Street,R,CCC,SYN-B,SYN-B,F1,13,92.33485097301939,28.701949899242997,34.143486748800186,29.489414324976202,HARD,Pirelli,13.0,0,1,3,1,False,False,True,False,24.82812191504428,37.055093224343175,43.100048836151515,1009.5853307892447,False,3.1669024694466374,75.79571065051425,1.6702435444912467,1.524219120466705,208.06807438410252,323.24946666779,66.03010560765411,0.18084998129558694,10502.459263103558,11755.073609637788,45,0.08348989417222592
F1,2024,3,2024-07-15,Synthetic_GP_3,Synthetic_Street,R,CCC,SYN-B,SYN-B,F1,14,92.60850778954236,28.747905512763815,34.25863225635109,29.60197002042745,HARD,Pirelli,14.0,0,1,3,1,False,False,True,False,24.450052952716497,36.963823043876715,42.87787439039207,1013.6873540527139,False,3.666084041388452,82.1428910031961,1.6547682107264452,1.6697903032645456,203.55326392725107,328.0031812650728,64.38745324622911,0.1829954551123442,10152.411975694438,11848.69196536689,49,0.11779458689036311
F1,2024,3,2024-07-15,Synthetic_GP_3,Synthetic_Street,R,CCC,SYN-B,SYN-B,F1,15,92.00130050378944,28.515448753848904,34.03499205313721,29.450859696803327,MEDIUM,Pirelli,1.0,1,1,3,1,False,False,True,False,24.34205678498465,36.3678903514983,41.817594711180426,1009.2582450591864,False,3.4406848847216027,122.63254653463366,1.4639425209436239,1.612026090345899,205.34285014683113,318.5928500728955,63.73310105286795,0.1824766172716636,10125.595219436695,11643.174980466356,48,0.08317583371650056
F1,2024,3,2024-07-15,Synthetic_GP_3,Synthetic_Street,R,CCC,SYN-B,SYN-B,F1,16,92.01330329711199,28.53939744639982,34.02183891494061,29.452066935771562,MEDIUM,Pirelli,2.0,0,1,3,1,False,False,True,False,24.689931693803015,36.412056177140336,40.92957419567007,1008.0149421300027,False,3.0751208099021583,144.1687585290402,1.4614620144990296,1.4943878413427496,208.24148564520152,321.7247118040719,64.72456977921192,0.17660402333017555,10455.239230752955,11745.406025544466,50,0.12854056341274453
F1,2024,3,2024-07-15,Synthetic_GP_3,Synthetic_Street,R,CCC,SYN-B,SYN-B,F1,17,92.39336962660965,28.588661036510977,34.22791097188165,29.57679761821703,MEDIUM,Pirelli,3.0,0,1,3,1,False,False,True,False,24.796351495802508,35.68004277333752,43.30440793565022,1010.5154746978512,False,3.93358414268121,138.00470465962667,1.5044884900122486,1.6928141276681687,206.1544163100386,324.35797531371594,64.87593900983705,0.17374774042646338,10510.54707171945,11902.591066411585,48,0.10222882645163175
F1,2024,3,2024-07-15,Synthetic_GP_3,Synthetic_Street,R,CCC,SYN-B,SYN-B,F1,18,92.10964133931608,28.56248243361649,34.09397645605268,29.45318244964691,MEDIUM,Pirelli,4.0,0,1,3,1,False,False,True,False,24.879764648710122,35.557138543307715,42.83149867615916,1010.6640405734789,False,3.7807466967348295,177.08749275315517,1.5155286158951395,1.6251335553888029,206.51312842456633,321.7771703286726,70.22396299962476,0.1918596742260032,10433.342870502025,11667.92805041269,46,0.08528430197005303
F1,2024,3,2024-07-15,Synthetic_GP_3,Synthetic_Street,R,CCC,SYN-B,SYN-B,F1,19,92.27413073072225,28.59853839698502,34.10123226245532,29.57436007128191,MEDIUM,Pirelli,5.0,0,1,3,1,False,False,True,False,24.552822585299317,35.403964890491956,42.302180355434096,1011.1678161225433,False,3.1042291879743207,185.90339962797418,1.555853784986498,1.6568885565313913,205.4530273213634,326.2931588999605,66.662165410972,0.1812227492165725,10321.757748297783,11921.162355757519,49,0.08789528235663005
F1,2024,3,2024-07-15,Synthetic_GP_3,Synthetic_Street,R,CCC,SYN-B,SYN-B,F1,20,92.26499047190553,28.594381126274655,34.13825909396295,29.53235025166793,MEDIUM,Pirelli,6.0,0,1,3,1,False,False,True,False,24.15588955856733,34.51023442863196,42.97441574001186,1008.3566588778574,False,3.342094359755067,224.1839056303595,1.5519811865118378,1.8214382960240354,203.74456044756084,324.61459387853733,67.4336438751382,0.16954937891348587,10515.158463159896,11923.857277427749,51,0.12491030762876289
F1,2024,3,2024-07-15,Synthetic_GP_3,Synthetic_Street,R,CCC,SYN-B,SYN-B,F1,21,92.38722104109837,28.655430875163834,34.18265329149058,29.54913687444396,MEDIUM,Pirelli,7.0,0,1,3,1,False,False,True,False,24.19349091719632,35.273432213866954,40.916560890078735,1010.5962903326966,False,3.4323068477114833,234.13585718877812,1.676688596959204,1.533179947084535,206.3511491795693,321.6448559955923,68.36914368958973,0.17651898435256283,10290.615800129244,11827.498268672416,50,0.11220025451912877
F1,2024,3,2024-07-15,Synthetic_GP_3,Synthetic_Street,R,CCC,SYN-B,SYN-B,F1,22,92.63458296033339,28.69585692139969,34.227937695490944,29.71078834344275,MEDIUM,Pirelli,8.0,0,1,3,1,False,False,True,False,24.786775963102045,33.358299236053334,42.90519638858437,1009.9292620024646,False,3.2901878621446516,254.19980600087,1.534466779614968,1.4157350456390696,202.36014973288133,321.0816242774897,63.857829641533314,0.18983984059469278,10428.928640249771,11797.511810703816,50,0.08431741717367269
F1,2024,3,2024-07-15,Synthetic_GP_3,Synthetic_Street,R,CCC,SYN-B,SYN-B,F1,23,92.38417278108867,28.652355133901807,34.16468289983767,29.567134747349186,HARD,Pirelli,9.0,0,1,3,1,False,False,True,False,24.794552382297372,32.72822266286923,42.144799387113814,1010.5199395714538,False,3.7604427710368644,286.50564494031323,1.6809053558172804,1.4920206688295679,208.2061910167062,320.79773507998755,65.6092827014901,0.1717926097368175,10478.512802915016,11839.350388553436,46,0.12146159389006156
F1,2024,3,2024-07-15,Synthetic_GP_3,Synthetic_Street,R,CCC,SYN-B,SYN-B,F1,24,92.30604860071143,28.64551058213137,34.23755476675996,29.422983251820106,HARD,Pirelli,10.0,0,1,3,1,False,False,True,False,24.87972624719712,31.695238561909314,41.33447549265809,1012.1576323150424,False,3.3127012727263367,308.3710823375726,1.5773068754994104,1.6321007070053941,207.1474243407992,321.93437023406375,65.12320118846704,0.19326837436804747,10456.818886626728,11842.988867089594,48,0.09368179242041866
F1,2024,3,2024-07-15,Synthetic_GP_3,Synthetic_Street,R,CCC,SYN-B,SYN-B,F1,25,92.46659668487943,28.708237932069025,34.18040490525861,29.577953847551797,HARD,Pirelli,11.0,0,1,3,1,False,False,True,False,24.542076756853774,32.57913195836428,41.334490409795514,1012.3145555437494,False,3.4913067521573136,335.2606065329171,1.825532682765962,1.535799263708109,205.22648932050996,322.77893937299984,62.885819161476896,0.17163707184148505,10283.482408823274,11788.312326017942,47,0.12830300196235184
F1,2024,3,2024-07-15,Synthetic_GP_3,Synthetic_Street,R,CCC,SYN-B,SYN-B,F1,26,92.38592062020965,28.704230617828433,34.18539531158426,29.496294690796958,HARD,Pirelli,12.0,0,1,3,1,False,False,True,False,24.520130193443475,31.196978856721763,42.90631229936048,1009.6862504993345,False,3.430093460866142,341.9913230257929,1.576832707930419,1.6490909950077632,206.98062164347093,317.6967261115338,63.499961619228465,0.17393704456794312,10363.463166245368,11943.737543025749,50,0.15869947621424574
F1,2024,3,2024-07-15,Synthetic_GP_3,Synthetic_Street,R,CCC,SYN-B,SYN-B,F1,27,92.35717105784488,28.634991700763763,34.180688153451236,29.54149120362988,HARD,Pirelli,13.0,0,1,3,1,False,False,True,False,24.715403207430032,31.084129728783253,42.66805139833724,1010.6240030557111,False,3.8726433281376145,6.048981178566578,1.4402044770568543,1.6750806513096343,203.47125885077338,324.6620334024875,61.46290898917029,0.18488440552930907,10423.732361607737,11737.034565357078,45,0.14968032766568143
F1,2024,3,2024-07-15,Synthetic_GP_3,Synthetic_Street,R,CCC,SYN-B,SYN-B,F1,28,92.60784909842234,28.71660590286921,34.263655215657415,29.627587979895708,HARD,Pirelli,14.0,0,1,3,1,False,False,True,False,24.268838427122667,30.613645241528157,40.54821415673557,1010.0056446409602,False,3.2049319104983423,27.768993026306475,1.6019903373624473,1.5146295922090134,206.6120015088571,321.7282489608031,66.03088149264588,0.16819446294371257,10613.259452833507,11810.810340185513,47,0.09875910689548761
F1,2024,3,2024-07-15,Synthetic_GP_3,Synthetic_Street,R,DDD,SYN-B,SYN-B,F1,1,92.0916239418869,28.536067134262254,34.048192751913724,29.507364055710916,MEDIUM,Pirelli,1.0,1,1,4,1,False,False,True,False,24.27886703537698,34.44812328671023,43.03953248778608,1010.3513601374661,False,3.517323408709217,176.88594698119275,1.7928874307896434,1.3801948594526146,205.50472285901716,321.6927940299665,68.06894769510434,0.15439909138894595,10451.806635659726,11803.02335291409,50,0.09703352417328769
F1,2024,3,2024-07-15,Synthetic_GP_3,Synthetic_Street,R,DDD,SYN-B,SYN-B,F1,2,92.25236605371896,28.617882181785795,34.09944989989553,29.53503397203763,MEDIUM,Pirelli,2.0,0,1,4,1,False,False,True,False,24.47204015000902,35.38959207427598,42.406684176534355,1007.8659242912922,False,3.4300309360507635,180.98489574561313,1.9378282764672377,1.2630462234333424,206.01955758398717,321.47627352493,67.2589622561899,0.17968549449592006,10449.884504076488,11784.015752486328,47,0.11775900571223402
F1,2024,3,2024-07-15,Synthetic_GP_3,Synthetic_Street,R,DDD,SYN-B,SYN-B,F1,3,92.33443019966458,28.60660132618317,34.131432089649266,29.596396783832148,MEDIUM,Pirelli,3.0,0,1,4,1,False,False,True,False,24.260447848841597,35.09557048880824,42.19122921251718,1012.7208265357734,False,3.4091847823998553,203.92528819187194,1.8636050451757677,1.4623709805472134,208.1606141136529,323.72759606867805,64.67830037158043,0.17146302696936985,10360.965373778572,11755.12553204093,45,0.10711575174299022
F1,2024,3,2024-07-15,Synthetic_GP_3,Synthetic_Street,R,DDD,SYN-B,SYN-B,F1,4,92.45787774408561,28.70485363534369,34.212872178004346,29.540151930737572,MEDIUM,Pirelli,4.0,0,1,4,1,False,False,True,False,24.85241380973551,34.98927125023917,40.85277801032406,1011.6828342183443,False,3.2283660677153554,235.20597157434375,1.8884460243793404,1.3355642211294385,204.93463645234982,321.26821245512326,66.76308061528847,0.15619497087753442,10465.569775429794,11598.27686855253,47,0.12700622791281066
F1,2024,3,2024-07-15,Synthetic_GP_3,Synthetic_Street,R,DDD,SYN-B,SYN-B,F1,5,92.68909604735806,28.71979298360279,34.2609996753053,29.708303388449977,MEDIUM,Pirelli,5.0,0,1,4,1,False,False,True,False,24.79754120728665,35.23344288998073,44.446804208700534,1005.7093301873517,False,3.425501471528714,240.5230123758919,1.7498346724688933,1.2165666914808775,206.85257453174998,321.571247913507,61.91419809224597,0.18801670892658504,10530.199015550123,11792.344727869902,46,0.07833412748387342
F1,2024,3,2024-07-15,Synthetic_GP_3,Synthetic_Street,R,DDD,SYN-B,SYN-B,F1,6,92.20539505445323,28.55496744079417,34.15631483843769,29.494112775221375,MEDIUM,Pirelli,6.0,0,1,4,1,False,False,True,False,24.383675010783218,36.64737144742485,42.59432876730137,1012.1004935863551,False,3.749649480113045,272.2040792683088,1.6745603752262717,1.3367722405081206,207.3207471690668,322.608877235391,62.71156662639738,0.17336179085716094,10524.61139938147,11852.226768631896,47,0.09891190783512499
F1,2024,3,2024-07-15,Synthetic_GP_3,Synthetic_Street,R,DDD,SYN-B,SYN-B,F1,7,92.4666875862425,28.70319506597187,34.209435070299804,29.554057449970827,MEDIUM,Pirelli,7.0,0,1,4,1,False,False,True,False,24.951959277509907,36.91960072296508,40.901836620915866,1011.359232832473,False,3.568556908883327,302.2030413517858,1.9247110324006964,1.319122084483412,207.5312503625633,321.65469712453563,66.30644284869666,0.1819432453056267,10580.439268910766,11789.778123024907,50,0.14339812749517172
F1,2024,3,2024-07-15,Synthetic_GP_3,Synthetic_Street,R,DDD,SYN-B,SYN-B,F1,8,92.73264581203955,28.7431615793171,34.27723212861936,29.712252104103086,MEDIUM,Pirelli,8.0,0,1,4,1,False,False,True,False,24.732552303135826,37.193388859793295,43.59394119614085,1009.673929601852,False,3.519086592067921,319.07665492407864,2.0109988353662915,1.4481074048219789,202.61285869036595,326.22972902104544,67.78279551079686,0.1733665156278269,10208.913665177191,11746.877934667864,48,0.1043992531981604
F1,2024,3,2024-07-15,Synthetic_GP_3,Synthetic_Street,R,DDD,SYN-B,SYN-B,F1,9,92.2599988793306,28.587452578052606,34.17341689093894,29.49912941033905,HARD,Pirelli,9.0,0,1,4,1,False,False,True,False,24.87210832236645,36.8596906192518,41.19269625326053,1010.159569269708,False,3.641264962974915,344.13267233040364,1.7877064718443456,1.2782144957119217,207.96223929867443,323.14319512471127,68.49045483695751,0.1847685820861601,10386.651122845744,11821.75931610732,47,0.07463316088628132
F1,2024,3,2024-07-15,Synthetic_GP_3,Synthetic_Street,R,DDD,SYN-B,SYN-B,F1,10,92.54824338336957,28.66723681179586,34.230630723161106,29.6503758484126,HARD,Pirelli,10.0,0,1,4,1,False,False,True,False,24.60438457124561,36.85674952677479,43.1924142279215,1009.4314271971359,False,3.7656425301468808,353.6330614130345,1.842460463032929,1.231833190802475,205.7574316908049,319.79690064599987,65.5793445766161,0.18173350463146257,10477.787409187338,11716.44858078539,49,0.09517811234568964
F1,2024,3,2024-07-15,Synthetic_GP_3,Synthetic_Street,R,DDD,SYN-B,SYN-B,F1,11,92.43486526894078,28.683911474404233,34.1662923511283,29.58466144340825,HARD,Pirelli,11.0,0,1,4,1,False,False,True,False,24.718923723146005,38.02115103122746,42.8646479382509,1008.8494588722706,False,3.3532887878127573,16.134458174309145,2.0244016673306358,1.350787776854533,203.39915022355828,323.42787186647547,66.19346195946828,0.17934739505079683,10375.69109700256,11657.982440434453,47,0.10655875057961878
F1,2024,3,2024-07-15,Synthetic_GP_3,Synthetic_Street,R,DDD,SYN-B,SYN-B,F1,12,92.67014033628251,28.757987315004947,34.328285244051806,29.583867777225763,HARD,Pirelli,12.0,0,1,4,1,False,False,True,False,24.126216211270414,37.95398572830823,42.5201280648031,1009.5632541638867,False,3.2005517064318583,33.524289464008575,1.976287263243935,1.2883269484682607,207.0411206045577,321.8813559119902,66.44583115959095,0.17862176130463203,10507.475476400652,11615.240357910054,50,0.1322710299758664
F1,2024,3,2024-07-15,Synthetic_GP_3,Synthetic_Street,R,DDD,SYN-B,SYN-B,F1,13,92.7536409597796,28.729361796966113,34.29611423077328,29.728164932040208,HARD,Pirelli,13.0,0,1,4,1,False,False,True,False,25.03611011033559,36.93720411820431,43.12174652050475,1011.0869611989344,False,3.208018896625406,65.44828873195576,1.9887016763180208,1.306135780868032,204.26205693743427,324.6164190472738,68.90220504269236,0.18899834661541073,10302.921451090067,11714.538197967157,45,0.12604438675773535
F1,2024,3,2024-07-15,Synthetic_GP_3,Synthetic_Street,R,DDD,SYN-B,SYN-B,F1,14,92.97110209318635,28.786390881910567,34.38902075219439,29.795690459081392,HARD,Pirelli,14.0,0,1,4,1,False,False,True,False,24.48033207557003,37.24287481587836,41.060485546331016,1012.731545595602,False,3.812247225662786,86.69598696261642,2.0217999103639315,1.299609651139029,202.89870780319967,319.1420659962169,68.27069263394972,0.18119139909064216,10252.82382251093,11649.60529643112,48,0.11776366465593051
F1,2024,3,2024-07-15,Synthetic_GP_3,Synthetic_Street,R,DDD,SYN-B,SYN-B,F1,15,92.2906803432759,28.60657650497769,34.139035821971426,29.54506801632678,MEDIUM,Pirelli,1.0,1,1,4,1,False,False,True,False,24.640209141844473,36.65612705715079,42.383659842561826,1007.0404603780535,False,3.4057436521653224,107.76006461561582,2.022733878661006,1.3935350155638868,207.53879513553352,321.4665469475821,65.6367563738765,0.1921436517551321,10470.717285753319,11622.73534405482,49,0.11353441335795413
F1,2024,3,2024-07-15,Synthetic_GP_3,Synthetic_Street,R,DDD,SYN-B,SYN-B,F1,16,92.22957278231104,28.60245872503047,34.061207752450365,29.5659063048302,MEDIUM,Pirelli,2.0,0,1,4,1,False,False,True,False,24.826403786197755,37.30492935474306,41.800137973903425,1010.7968548150436,False,3.6427821196916934,132.1044736249906,1.8561902461844653,1.2649988076217336,208.34408316524525,320.60323143131643,66.5385256368881,0.1814656884677386,10422.707676289183,11969.754170835122,46,0.06631153969283587
F1,2024,3,2024-07-15,Synthetic_GP_3,Synthetic_Street,R,DDD,SYN-B,SYN-B,F1,17,92.33532889725612,28.636039074182097,34.212037589846936,29.48725223322709,MEDIUM,Pirelli,3.0,0,1,4,1,False,False,True,False,24.369686849631854,35.658744489592394,42.93981566843561,1009.3460283368374,False,3.437631204182891,146.51806946315946,1.8501783158158234,1.269434019578147,206.79746241756501,323.9692381482196,67.62198296400226,0.17775826008063864,10382.613190429422,11936.809270750977,51,0.11989358470664646
F1,2024,3,2024-07-15,Synthetic_GP_3,Synthetic_Street,R,DDD,SYN-B,SYN-B,F1,18,92.52740988728148,28.6755715164575,34.19964793696776,29.652190433856227,MEDIUM,Pirelli,4.0,0,1,4,1,False,False,True,False,24.420095836855616,35.02124853207144,39.8815165724218,1011.7034879996938,False,3.1611767447573116,178.9257071043727,1.8838578508899224,1.441227316762846,205.78959486877403,322.8763729353434,63.559406086087044,0.17101501804557107,10367.094509510975,12026.371331766828,47,0.12161714076771903
F1,2024,3,2024-07-15,Synthetic_GP_3,Synthetic_Street,R,DDD,SYN-B,SYN-B,F1,19,92.38069871238073,28.660131957831542,34.2273024429814,29.4932643115678,MEDIUM,Pirelli,5.0,0,1,4,1,False,False,True,False,24.68667768512343,34.940043270203944,42.21199535376777,1009.5283478545666,False,3.3905193791349517,197.17536707555178,1.9550523871883552,1.2783196176573886,208.21463005015715,320.83626519374434,66.15375154805402,0.1860574472562742,10392.168035369346,11882.297138558659,51,0.12506097659380572
F1,2024,3,2024-07-15,Synthetic_GP_3,Synthetic_Street,R,DDD,SYN-B,SYN-B,F1,20,92.53669395387823,28.67613915651656,34.292990294413,29.56756450294867,MEDIUM,Pirelli,6.0,0,1,4,1,False,False,True,False,24.19588753857533,34.44722370115313,43.78832936380529,1009.9835012604049,False,3.382498997119364,225.82756860469533,1.8588899731040496,1.2543359866042851,206.6197479234421,320.49585283766396,67.13753238775948,0.1756575473048423,10341.961692587345,11850.326648026286,46,0.10315812073181144
F1,2024,3,2024-07-15,Synthetic_GP_3,Synthetic_Street,R,DDD,SYN-B,SYN-B,F1,21,92.61580193153772,28.725996473027397,34.26814778758341,29.621657670926915,MEDIUM,Pirelli,7.0,0,1,4,1,False,False,True,False,24.410556005217206,34.288519542393466,41.487968175168646,1008.0588947809721,False,3.7278891015413094,236.6235081468983,1.7919089427529822,1.222821649658371,202.84381909416012,324.70987530564315,64.28095099806616,0.1677448005009014,10335.01730431682,11790.494961037788,49,0.12197758228453598
F1,2024,3,2024-07-15,Synthetic_GP_3,Synthetic_Street,R,DDD,SYN-B,SYN-B,F1,22,92.55332035388474,28.693609797454926,34.27874519515085,29.58096536127897,MEDIUM,Pirelli,8.0,0,1,4,1,False,False,True,False,24.42356212519324,33.752627713094974,42.79891237406232,1008.5035721131494,False,3.1160969034626054,259.63900158287095,1.9211722341716577,1.3652828630224758,205.0580623995046,323.8823929134952,65.34035687375167,0.18169653444276287,10326.738415493646,11855.445093133558,49,0.09693624690794712
F1,2024,3,2024-07-15,Synthetic_GP_3,Synthetic_Street,R,DDD,SYN-B,SYN-B,F1,23,92.39925373626446,28.670459988961913,34.170530762767484,29.558262984535062,HARD,Pirelli,9.0,0,1,4,1,False,False,True,False,24.944629551469337,32.519428018880944,41.24930887152392,1007.697263511551,False,3.500592551150198,290.4649681267281,1.7666800665605618,1.3564130306976854,207.66880514447504,325.8111152790132,69.17043803198432,0.17152446549264758,10395.95490691128,11751.41941121553,50,0.1242128433801696
F1,2024,3,2024-07-15,Synthetic_GP_3,Synthetic_Street,R,DDD,SYN-B,SYN-B,F1,24,92.44934849558942,28.67264463154609,34.1917369301227,29.584966933920626,HARD,Pirelli,10.0,0,1,4,1,False,False,True,False,25.003684876120555,32.08204868058027,42.27180832602399,1010.3038279984826,False,3.3688050790062016,302.5419455974933,1.7880086702326996,1.3577386285999304,210.09766244763313,325.2482205388212,66.8407116098635,0.17672201397353385,10314.939240973254,11722.113111954095,48,0.08666066100305833
F1,2024,3,2024-07-15,Synthetic_GP_3,Synthetic_Street,R,DDD,SYN-B,SYN-B,F1,25,92.45213406958098,28.65913150348703,34.250499407989864,29.542503158104083,HARD,Pirelli,11.0,0,1,4,1,False,False,True,False,24.676848567145157,31.478477489793892,41.44139242819757,1010.3465386252857,False,3.899535423173579,332.95195375917933,2.16330105992532,1.4483404627746193,203.43404772284288,321.2161214476271,66.24134028518641,0.17766247801292348,10755.666157445063,11733.68250960493,51,0.10345253201650899
F1,2024,3,2024-07-15,Synthetic_GP_3,Synthetic_Street,R,DDD,SYN-B,SYN-B,F1,26,92.6047329362324,28.729620660059556,34.284286341265755,29.590825934907087,HARD,Pirelli,12.0,0,1,4,1,False,False,True,False,23.625579346392207,30.530524567093387,41.764056454648035,1012.2231067849046,False,3.626044853414618,348.57412519814443,1.9843282490395115,1.4287971371414012,202.83174412649257,323.0152738401719,65.98959736166427,0.17464233524453465,10453.461370030835,11890.658023716596,49,0.0987245132064119
F1,2024,3,2024-07-15,Synthetic_GP_3,Synthetic_Street,R,DDD,SYN-B,SYN-B,F1,27,92.84945412725442,28.789971868204532,34.33972478398426,29.719757475065627,HARD,Pirelli,13.0,0,1,4,1,False,False,True,False,24.46177348533466,31.177461043481674,42.581787656257376,1010.9181046762618,False,3.4637397701050756,20.752304453964825,1.8511385907642217,1.44624713921933,203.7294738920862,323.583973486329,67.78081292263342,0.1745579732907804,10277.471063380808,11726.630310792756,49,0.09452625877037524
F1,2024,3,2024-07-15,Synthetic_GP_3,Synthetic_Street,R,DDD,SYN-B,SYN-B,F1,28,92.53332305273284,28.641119083000522,34.23526861704915,29.65693535268317,HARD,Pirelli,14.0,0,1,4,1,False,False,True,False,23.9923326022954,30.714720741085785,41.34428981587947,1011.0982120231972,False,3.4595568244959978,21.600058509388077,1.8172671180471842,1.1896778970047008,205.27092001859677,321.93079490114553,66.2593176539856,0.18094635009557394,10421.814212736957,11920.408557669643,51,0.10304135614852064
F1,2025,1,2025-03-15,Synthetic_GP_1,Synthetic_Ring,R,AAA,SYN-A,SYN-A,F1,1,87.97946806570063,27.309404048945723,32.493679958059474,28.176384058695433,MEDIUM,Pirelli,1.0,1,1,1,1,False,False,True,False,22.751069483065233,31.466415482627752,45.419036843452204,1011.4426517614385,False,2.7578945285193788,94.8749373746679,1.0133137897432996,2.15547433974602,210.9211880713035,324.72139732416275,66.59833526830377,0.16766899927155993,10447.960012738205,11731.844238332495,47,0.10435976750824087
F1,2025,1,2025-03-15,Synthetic_GP_1,Synthetic_Ring,R,AAA,SYN-A,SYN-A,F1,2,88.54180141485907,27.45786991758801,32.80931890016946,28.274612597101594,MEDIUM,Pirelli,2.0,0,1,1,1,False,False,True,False,23.03722740501057,32.400581014008814,46.014473543036836,1011.7555678358992,False,2.9297422913622455,116.20261984313633,1.1802496774847546,2.0640948519761726,208.73950244238318,325.08183881360577,63.34851843653058,0.1832189497093428,10495.66746196095,11719.215657015744,46,0.07487566497359296
F1,2025,1,2025-03-15,Synthetic_GP_1,Synthetic_Ring,R,AAA,SYN-A,SYN-A,F1,3,88.69235222824157,27.507867729751524,32.771407834663584,28.413076663826466,MEDIUM,Pirelli,3.0,0,1,1,1,False,False,True,False,22.90674120661912,32.692492309649424,46.19602372634425,1010.6014643632442,False,2.5756083859161203,142.68170039107014,1.0161466470260234,2.25795188388417,209.69023702613808,323.55912102142094,65.33468193297672,0.1847813401471653,10197.817991114922,11896.45142571353,45,0.14375396784727443
F1,2025,1,2025-03-15,Synthetic_GP_1,Synthetic_Ring,R,AAA,SYN-A,SYN-A,F1,4,88.5866329066394,27.49178309189181,32.79065416211145,28.304195652636132,MEDIUM,Pirelli,4.0,0,1,1,1,False,False,True,False,23.118160649583903,33.51258967008175,46.20925800865946,1011.058464844559,False,2.2151940270510733,157.57678735221083,0.9510302831876482,2.132983930072325,210.1631668197051,322.63661408989424,63.596145374473416,0.16544074700029038,10510.136459048796,11944.573455883952,45,0.13867745995026262
F1,2025,1,2025-03-15,Synthetic_GP_1,Synthetic_Ring,R,AAA,SYN-A,SYN-A,F1,5,88.83948281731641,27.544060125102764,32.90670161604735,28.3887210761663,MEDIUM,Pirelli,5.0,0,1,1,1,False,False,True,False,23.453594037090646,33.2190731845008,47.57009287675653,1009.5563272252848,False,2.3216844670295025,184.12128882619115,1.0902803565269388,2.0875911216369674,207.22224679192473,323.328054170601,66.26125125120919,0.17031372772604703,10596.07726137315,11790.48857876865,45,0.10198865768197261
F1,2025,1,2025-03-15,Synthetic_GP_1,Synthetic_Ring,R,AAA,SYN-A,SYN-A,F1,6,88.55667735367096,27.4236236549754,32.739898376982296,28.393155321713266,MEDIUM,Pirelli,6.0,0,1,1,1,False,False,True,False,22.73648323937948,34.07500692314477,46.891592573154036,1008.1039909973703,False,2.42580249529099,208.54273219963102,1.0865186833395117,2.0711256346277636,209.6082335883347,324.8385342741533,65.31910783446031,0.18834612052647595,10273.093939015027,11695.218387185905,51,0.1223621914336969
F1,2025,1,2025-03-15,Synthetic_GP_1,Synthetic_Ring,R,AAA,SYN-A,SYN-A,F1,7,88.49953281435329,27.478132253747667,32.739605021058395,28.281795539547225,MEDIUM,Pirelli,7.0,0,1,1,1,False,False,True,False,23.322973833900157,34.111456455202976,45.34969349419227,1010.3081500580047,False,2.6339216595488533,217.80423548697846,0.8340658127800878,2.1419187325208027,210.92288120779182,325.19019105128984,68.60479023201184,0.19643959860169302,10453.907830001814,11792.675660472689,50,0.08760472461400606
F1,2025,1,2025-03-15,Synthetic_GP_1,Synthetic_Ring,R,AAA,SYN-A,SYN-A,F1,8,88.73161159906572,27.54446033625015,32.813494969606936,28.373656293208626,MEDIUM,Pirelli,8.0,0,1,1,1,False,False,True,False,23.22228118351272,35.01551526905081,46.37069002122149,1009.5639335165059,False,2.3160247963747453,251.28946290286189,0.9007544998377945,2.0140541276896635,207.77118852292597,322.4891231567612,61.19214710362687,0.1999554976133699,10450.738670044282,11830.950643690394,45,0.0930177945730219
F1,2025,1,2025-03-15,Synthetic_GP_1,Synthetic_Ring,R,AAA,SYN-A,SYN-A,F1,9,88.42219742555285,27.405532906759657,32.69042000411123,28.32624451468196,HARD,Pirelli,9.0,0,1,1,1,False,False,True,False,23.00348680752225,34.943461750774674,46.11544049453084,1009.5427377880529,False,2.13944002273001,267.22187501496506,1.0846217335034443,2.2222058022900213,208.8751292620064,323.08951806419356,63.90002378180996,0.1948367065413258,10221.383751550666,11746.830038437374,45,0.09566220829961414
F1,2025,1,2025-03-15,Synthetic_GP_1,Synthetic_Ring,R,AAA,SYN-A,SYN-A,F1,10,88.7143622196895,27.497417218896985,32.83350437309865,28.383440627693872,HARD,Pirelli,10.0,0,1,1,1,False,False,True,False,23.123194203925273,35.625062783707904,47.07737421027739,1010.8629237369281,False,2.429522916003025,296.9715272919072,0.9797749255848646,1.9523168351417592,209.17830945600224,322.3865782157366,60.705075992231045,0.177227801135069,10296.101843971426,11881.778521629543,48,0.0563974163439891
F1,2025,1,2025-03-15,Synthetic_GP_1,Synthetic_Ring,R,AAA,SYN-A,SYN-A,F1,11,88.84058778969975,27.60543317592562,32.846394145924876,28.38876046784926,HARD,Pirelli,11.0,0,1,1,1,False,False,True,False,22.89927472288758,35.99398289712787,44.42464835113903,1010.2253777967504,False,2.6056659942597764,315.8901015197161,0.9327034508070612,2.1289269922710754,208.51781099356631,325.49963303248614,64.31560812224917,0.18447812233820376,10529.855996933515,11864.85212204575,45,0.11563623988534452
F1,2025,1,2025-03-15,Synthetic_GP_1,Synthetic_Ring,R,AAA,SYN-A,SYN-A,F1,12,88.87816001378998,27.52623703312457,32.93771155104144,28.41421142962397,HARD,Pirelli,12.0,0,1,1,1,False,False,True,False,23.364853171558057,34.7679241567304,45.875824620542545,1008.6279959092096,False,2.9868425252476842,324.23881603891346,1.0748701286206495,2.096000727451415,210.26572066476822,319.7827663849232,63.93332179910125,0.18099573852537307,10466.66771069489,11762.988678046462,51,0.115865543132518
F1,2025,1,2025-03-15,Synthetic_GP_1,Synthetic_Ring,R,AAA,SYN-A,SYN-A,F1,13,88.63945416270325,27.524069072687656,32.84001410965697,28.275370980358623,HARD,Pirelli,13.0,0,1,1,1,False,False,True,False,23.085897930224526,34.993124167466235,44.82733447067855,1013.1089252834286,False,2.5345158127685363,0.23217906280217449,0.9205270332796723,2.006430519496812,209.1263828622365,321.7674005562833,64.58441956310483,0.19832114470267567,10406.530462801124,11794.591834663071,48,0.14159207596881224
F1,2025,1,2025-03-15,Synthetic_GP_1,Synthetic_Ring,R,AAA,SYN-A,SYN-A,F1,14,89.08232964586854,27.6247338383416,32.955322204359454,28.502273603167488,HARD,Pirelli,14.0,0,1,1,1,False,False,True,False,22.888687986781918,34.721911694695486,46.27224453812889,1012.943141964715,False,2.812850874112256,16.41775871044058,0.9762472801444658,2.2368687680094883,207.8486185227305,324.1274782300044,66.3215390099364,0.18055126831009033,10506.204260153403,11861.434114665197,49,0.11746187073746646
F1,2025,1,2025-03-15,Synthetic_GP_1,Synthetic_Ring,R,AAA,SYN-A,SYN-A,F1,15,88.3502436324226,27.377799513670805,32.70557862337342,28.266865495378376,MEDIUM,Pirelli,1.0,1,1,1,1,False,False,True,False,22.74582529932294,34.69144700402814,45.35937432931754,1009.6477984592533,False,2.253913957258977,37.31351290797801,1.0861398624156986,2.2669507907432025,208.64265741659273,323.1162902389071,68.38256444501519,0.19359930652008506,10270.146312678855,11824.435035858814,45,0.10244124189404107
F1,2025,1,2025-03-15,Synthetic_GP_1,Synthetic_Ring,R,AAA,SYN-A,SYN-A,F1,16,88.50929409107792,27.41368306604165,32.698480490816536,28.397130534219734,MEDIUM,Pirelli,2.0,0,1,1,1,False,False,True,False,22.626500716336004,34.2241915703804,46.530084889382,1008.9411056277409,False,2.466708074054771,60.12870682741095,0.9807552291366249,1.9918802226017664,209.45135855543674,321.15738104222163,63.97730384163616,0.1674021909335125,10295.824833670202,11722.753996614325,45,0.11051927185853719
F1,2025,1,2025-03-15,Synthetic_GP_1,Synthetic_Ring,R,AAA,SYN-A,SYN-A,F1,17,88.38677383681225,27.389630994865605,32.70417381644335,28.292969025503297,MEDIUM,Pirelli,3.0,0,1,1,1,False,False,True,False,22.81707064203916,35.17325348435512,44.43448735012963,1010.3489229920506,False,2.641643171642468,74.26654047462034,0.9877196129394992,2.2079773414887027,209.98740935380968,324.6332940289759,64.91519877801215,0.17780585418952613,10225.804825335783,11863.843275780633,49,0.14717766530861245
F1,2025,1,2025-03-15,Synthetic_GP_1,Synthetic_Ring,R,AAA,SYN-A,SYN-A,F1,18,88.57572927882859,27.488018714240702,32.74689907524786,28.340811489340027,MEDIUM,Pirelli,4.0,0,1,1,1,False,False,True,False,23.44328029216401,32.820568485965175,45.087696123879404,1009.2117020923564,False,2.0846753926385713,99.17686861379042,0.9482801207783871,2.069050160479769,210.539514973189,326.20744331728054,66.32684130789525,0.18284126221651123,10205.719793708038,11814.726148595038,50,0.11514799785689432
F1,2025,1,2025-03-15,Synthetic_GP_1,Synthetic_Ring,R,AAA,SYN-A,SYN-A,F1,19,88.69110292729751,27.47032430119213,32.85263761591681,28.368141010188566,MEDIUM,Pirelli,5.0,0,1,1,1,False,False,True,False,22.739631765565584,33.44854511935552,45.292657428364635,1008.6324418224365,False,2.2712040591016764,122.76880838043735,0.9343211439210857,1.9636922538955572,208.6966543013522,320.1196873371422,68.2111245323806,0.188395685850383,10272.19000716373,11753.594975908883,46,0.09532996589156456
F1,2025,1,2025-03-15,Synthetic_GP_1,Synthetic_Ring,R,AAA,SYN-A,SYN-A,F1,20,88.65886608373258,27.437550862121945,32.80434023101344,28.41697499059719,MEDIUM,Pirelli,6.0,0,1,1,1,False,False,True,False,23.141583272191667,32.21892398913746,45.779053113891116,1008.0103905143202,False,2.4474649865377254,147.14213901261712,1.041234680905547,2.005820347222214,209.0283640125555,317.80259534528176,62.141611016259496,0.18062442467618198,10467.200856673337,11754.781766935703,45,0.08085954186343489
F1,2025,1,2025-03-15,Synthetic_GP_1,Synthetic_Ring,R,AAA,SYN-A,SYN-A,F1,21,88.65940585429951,27.478181441754803,32.80464156781939,28.37658284472532,MEDIUM,Pirelli,7.0,0,1,1,1,False,False,True,False,23.258832613484074,31.46776329996712,45.91930618492762,1009.783087739687,False,2.1309318155986157,175.36663105903892,0.9018816013612534,2.0852909974352865,209.5692949573026,323.1834553522562,68.23252857086635,0.16761512652509944,10377.203184266506,11710.213694814278,48,0.09851527242869497
F1,2025,1,2025-03-15,Synthetic_GP_1,Synthetic_Ring,R,AAA,SYN-A,SYN-A,F1,22,88.57294360781613,27.418273718231188,32.76645774699299,28.388212142591946,MEDIUM,Pirelli,8.0,0,1,1,1,False,False,True,False,23.267600035163113,29.467745512421807,45.31041745771388,1009.821593966431,False,2.2222871438393956,181.86240604311126,1.0308008848479313,2.0142822329270347,209.2977517810472,324.0956403541975,65.70995992989853,0.18391467341366247,10472.643553597152,11759.739478501282,49,0.13342072117496437
F1,2025,1,2025-03-15,Synthetic_GP_1,Synthetic_Ring,R,AAA,SYN-A,SYN-A,F1,23,88.31847662746671,27.359356122949254,32.69030072119332,28.26881978332414,HARD,Pirelli,9.0,0,1,1,1,False,False,True,False,22.86741424383348,30.79544393367191,47.679687595752846,1010.915447361936,False,2.896951459361717,203.6575863577234,0.9949167508038753,2.1908821777518797,211.47966472478987,324.3209317890097,65.07135042637476,0.18144562196053057,10530.648065297488,11734.223819228293,48,0.09300733151356277
F1,2025,1,2025-03-15,Synthetic_GP_1,Synthetic_Ring,R,AAA,SYN-A,SYN-A,F1,24,88.82451444408473,27.526543239852575,32.8988439290077,28.39912727522446,HARD,Pirelli,10.0,0,1,1,1,False,False,True,False,23.187145706872105,30.565026075669635,46.793075557594136,1009.9234920067738,False,2.401435549548783,237.5409544399531,1.0512355176698327,2.180973003979731,208.06918160653927,326.36992364654714,65.27137119744226,0.19619614680224284,10300.281424657089,11713.694648829432,49,0.06590417766231235
F1,2025,1,2025-03-15,Synthetic_GP_1,Synthetic_Ring,R,AAA,SYN-A,SYN-A,F1,25,88.47584704359714,27.428879792965564,32.74415663423968,28.302810616391902,HARD,Pirelli,11.0,0,1,1,1,False,False,True,False,23.425713853939776,29.730929863788326,44.807522946221425,1008.4760374763321,False,2.4151825703795153,257.80700037773113,1.0108868895976104,2.155948787181201,208.7712636916403,320.20093799858734,65.76352331913803,0.1852558387774218,10042.026708763638,11829.436101682635,46,0.08455985610900305
F1,2025,1,2025-03-15,Synthetic_GP_1,Synthetic_Ring,R,AAA,SYN-A,SYN-A,F1,26,88.49138806613044,27.501623760306654,32.7020948447,28.287669461123784,HARD,Pirelli,12.0,0,1,1,1,False,False,True,False,22.90801238756075,29.45995549092518,46.57099797681366,1012.0620225475448,False,2.456329062503435,272.9348126290404,1.0279394140449987,2.115371329820528,209.05088939876305,319.0352247510812,64.75977303876343,0.16684081141849946,10170.184162554777,11833.85939608093,47,0.12591590745239079
F1,2025,1,2025-03-15,Synthetic_GP_1,Synthetic_Ring,R,AAA,SYN-A,SYN-A,F1,27,88.9084345766754,27.588645457842258,32.89580382557815,28.423985293254994,HARD,Pirelli,13.0,0,1,1,1,False,False,True,False,22.804836541082185,27.991874271731657,46.40523420939117,1010.8093561252414,False,2.7111560258180303,295.62480898225465,1.066023771971047,2.270492692844225,206.15506816049097,321.7964106508968,69.07041998457889,0.1764054682904132,10465.216468117134,11787.571581626427,51,0.13845749548646757
F1,2025,1,2025-03-15,Synthetic_GP_1,Synthetic_Ring,R,AAA,SYN-A,SYN-A,F1,28,88.80817914593463,27.47151889189756,32.851011277938014,28.485648976099057,HARD,Pirelli,14.0,0,1,1,1,False,False,True,False,23.239312819974856,27.63142262931549,45.72355291621244,1011.216988340947,False,2.4876978441927733,320.28023586985466,0.8396320988238954,1.9888235131883056,209.67444849967404,322.1650724062441,69.64888722980359,0.1756887640041554,10397.299686352006,11774.760253688602,48,0.11573733984547623
F1,2025,1,2025-03-15,Synthetic_GP_1,Synthetic_Ring,R,BBB,SYN-A,SYN-A,F1,1,88.61736228918257,27.527762984691922,32.81142669314884,28.27817261134181,MEDIUM,Pirelli,1.0,1,1,2,1,False,False,True,False,23.072923835927835,31.117154858210114,46.4564255770888,1006.3851473819171,False,2.753351262044795,84.99521125999658,1.4307745009879582,2.0376485814968777,209.96712264240827,325.3859347345819,66.98183750166575,0.18810215746820758,10783.481050685736,11729.27907372979,51,0.13158219028496243
F1,2025,1,2025-03-15,Synthetic_GP_1,Synthetic_Ring,R,BBB,SYN-A,SYN-A,F1,2,88.62021207658945,27.47938524867345,32.73598710946171,28.40483971845429,MEDIUM,Pirelli,2.0,0,1,2,1,False,False,True,False,22.359348169272238,32.250665574352325,46.21477815244686,1013.178783729594,False,2.584228082818884,106.5890746416414,1.4720672975489726,1.7375761347744785,209.71464895411486,320.37655238823703,66.10753449827955,0.18272461051123565,10227.216439178434,11726.150112369962,45,0.13679664377337386
F1,2025,1,2025-03-15,Synthetic_GP_1,Synthetic_Ring,R,BBB,SYN-A,SYN-A,F1,3,88.56530441417871,27.42684505302887,32.71195668054582,28.426502680604024,MEDIUM,Pirelli,3.0,0,1,2,1,False,False,True,False,23.306548386903717,32.78005238005165,45.96284566961343,1007.9743207460012,False,2.7527177079422676,131.75434083878798,1.2528010251687647,1.8634037293276589,208.5796021674956,323.3267293231016,66.76242592484506,0.17600413037339632,10391.395327638455,11913.746713892702,50,0.11035069124338397
F1,2025,1,2025-03-15,Synthetic_GP_1,Synthetic_Ring,R,BBB,SYN-A,SYN-A,F1,4,88.81339539547557,27.495223839880584,32.89008074418271,28.428090811412275,MEDIUM,Pirelli,4.0,0,1,2,1,False,False,True,False,22.66825984942452,31.943204848813153,47.0759919133862,1009.0437637446134,False,2.2823747769232234,149.35314868521232,1.094824898675495,1.9803059202252935,208.0172603457234,319.3553331409025,63.51879415895579,0.1876582380502123,10237.207434343578,11848.690211469275,45,0.10889517600849481
F1,2025,1,2025-03-15,Synthetic_GP_1,Synthetic_Ring,R,BBB,SYN-A,SYN-A,F1,5,88.85056970608377,27.550215607541887,32.89027365462688,28.410080443915007,MEDIUM,Pirelli,5.0,0,1,2,1,False,False,True,False,22.678427737223696,33.47576662755306,45.323001923160334,1010.8094717283343,False,2.563487640767961,172.02618168767873,1.3358136870089916,1.930134411076106,208.3524348252001,323.70957661264157,66.60033621238856,0.17066632746196553,10174.033018326494,11802.956457564276,50,0.091071510780479
F1,2025,1,2025-03-15,Synthetic_GP_1,Synthetic_Ring,R,BBB,SYN-A,SYN-A,F1,6,88.65652748544994,27.48102924033333,32.82254642662869,28.352951818487924,MEDIUM,Pirelli,6.0,0,1,2,1,False,False,True,False,22.83022470762253,33.22273276036779,46.33639828924201,1011.4761993774728,False,2.7071306611188235,199.26162575749242,1.2476704446923623,1.934440789930327,208.70124732860123,326.213178168793,63.97495928455985,0.17113606574438073,10481.153112770768,12108.25138559589,47,0.11964966642519845
F1,2025,1,2025-03-15,Synthetic_GP_1,Synthetic_Ring,R,BBB,SYN-A,SYN-A,F1,7,89.07680572127008,27.56294818389743,32.91528513759925,28.598572399773396,MEDIUM,Pirelli,7.0,0,1,2,1,False,False,True,False,23.38419421844133,34.34183401626235,45.86593184383177,1010.1896442401809,False,2.092380625579163,216.2343514507706,1.418211835396061,1.7424248677901986,208.32411354826806,321.49467137499033,65.26577480808818,0.16747885129297,10367.00253537576,11780.812462115531,49,0.10783759809512197
F1,2025,1,2025-03-15,Synthetic_GP_1,Synthetic_Ring,R,BBB,SYN-A,SYN-A,F1,8,88.90507338607561,27.54580792190918,32.85517836469345,28.504087099472983,MEDIUM,Pirelli,8.0,0,1,2,1,False,False,True,False,23.141338341477987,34.429318182403314,47.081075359685094,1009.931485993819,False,2.753486661524234,248.03710290446122,1.4619217424541333,1.869554012644182,207.88922578228028,324.44440925621575,68.56348599757246,0.16117021201848356,10313.610555737234,11774.37242112782,51,0.11196467839358061
F1,2025,1,2025-03-15,Synthetic_GP_1,Synthetic_Ring,R,BBB,SYN-A,SYN-A,F1,9,88.6809981245504,27.52443073294408,32.793060089597205,28.36350730200911,HARD,Pirelli,9.0,0,1,2,1,False,False,True,False,23.25014982135283,34.262824895020245,46.88033702924558,1010.1533829476205,False,2.619836289397156,273.2565895672302,1.3400190118302326,1.7797618065625764,205.86458280806232,319.6554090408091,63.66478142373575,0.17827350343374712,10068.40773187143,11900.199541080432,47,0.10598443251506616
F1,2025,1,2025-03-15,Synthetic_GP_1,Synthetic_Ring,R,BBB,SYN-A,SYN-A,F1,10,88.76202501462771,27.47339124852201,32.81189046630688,28.476743299798827,HARD,Pirelli,10.0,0,1,2,1,False,False,True,False,22.94432145113287,35.47633961840968,44.84651225291069,1009.5121562882443,False,2.6521724551450943,294.2970614983899,1.5780105299209226,1.7822339453107598,210.1063383333958,324.1619357003245,66.5973325431413,0.17754827049145774,10505.45212723591,11712.31051254324,46,0.10844774225238783
F1,2025,1,2025-03-15,Synthetic_GP_1,Synthetic_Ring,R,BBB,SYN-A,SYN-A,F1,11,88.99228653052772,27.58206593493047,32.93803278209726,28.472187813499993,HARD,Pirelli,11.0,0,1,2,1,False,False,True,False,22.340059821972623,34.4035665631122,46.046687915667896,1010.2364907522523,False,2.2088734970469224,301.43083458922183,1.3430320876657549,1.7289570523730875,210.02623401481313,324.6279499715892,67.65889249376103,0.1693149439560838,10482.38555981597,11829.804491073948,47,0.11129490964706573
F1,2025,1,2025-03-15,Synthetic_GP_1,Synthetic_Ring,R,BBB,SYN-A,SYN-A,F1,12,88.72465964433609,27.52346877038743,32.855146218357504,28.34604465559115,HARD,Pirelli,12.0,0,1,2,1,False,False,True,False,22.800470282956724,36.15761049043754,45.64709824841928,1009.1267574749662,False,2.5204534573099653,332.40195681397097,1.1721801053653378,1.913563983415243,211.1053630034505,320.91029950306574,65.95669850154154,0.17577556751179485,10422.217982527265,11753.504893565763,49,0.1235988122839096
F1,2025,1,2025-03-15,Synthetic_GP_1,Synthetic_Ring,R,BBB,SYN-A,SYN-A,F1,13,88.96653683764009,27.56502251045607,32.89231950445404,28.509194822729974,HARD,Pirelli,13.0,0,1,2,1,False,False,True,False,23.70872412389921,34.368376072659416,46.76129396914431,1011.4311474694778,False,2.3391716605449546,348.14214181517787,1.1900389167259788,1.9042640074504116,209.64034007178915,322.99594803220555,67.50773626861067,0.1732343664618142,10674.824493191827,11806.223161411548,49,0.10025056104272097
F1,2025,1,2025-03-15,Synthetic_GP_1,Synthetic_Ring,R,BBB,SYN-A,SYN-A,F1,14,88.8974127511139,27.538764707373815,32.90980483283473,28.44884321090536,HARD,Pirelli,14.0,0,1,2,1,False,False,True,False,22.963457346181432,35.304244799534736,47.65238485208449,1010.160443481712,False,2.4512723027424794,9.366510936755219,1.405006972277357,2.01266700658366,208.39469805617955,320.9691176859234,67.98866954029259,0.20303250481431842,10318.3698258734,11742.422136789983,50,0.11790398222691012
F1,2025,1,2025-03-15,Synthetic_GP_1,Synthetic_Ring,R,BBB,SYN-A,SYN-A,F1,15,88.42929313423392,27.361619005796484,32.68543364515773,28.382240483279702,MEDIUM,Pirelli,1.0,1,1,2,1,False,False,True,False,22.83611123438136,34.47341582725307,45.92077353559003,1008.8114953465133,False,2.900235775125776,47.257563275124596,1.2151597888793098,1.9214051636532397,209.98188340092028,322.4190356065722,65.22292251053672,0.1820823437173327,10587.724173378703,11830.089112532687,48,0.11152167684287512
F1,2025,1,2025-03-15,Synthetic_GP_1,Synthetic_Ring,R,BBB,SYN-A,SYN-A,F1,16,88.81697746261042,27.500162533151787,32.84840115068293,28.468413778775705,MEDIUM,Pirelli,2.0,0,1,2,1,False,False,True,False,22.63037358330491,34.792367567469476,44.87309704464892,1010.098168189365,False,2.3716087306866394,78.16899396766996,1.388313284290888,1.8005210228480815,208.9902967739887,319.68223888349974,67.22911241994221,0.19247465228729285,10200.06338538488,11612.1108655579,47,0.10090108656442288
F1,2025,1,2025-03-15,Synthetic_GP_1,Synthetic_Ring,R,BBB,SYN-A,SYN-A,F1,17,88.65416832960801,27.502601304596016,32.79591386268603,28.35565316232597,MEDIUM,Pirelli,3.0,0,1,2,1,False,False,True,False,23.128233386519057,32.681943055553226,44.84021907143395,1011.3709650081844,False,2.684864879145532,81.24444480038642,1.1529463892691396,1.9906489097690914,207.3012379910498,321.78170107476996,64.94461701025132,0.1839479212408597,10454.23350547691,11850.615097671393,47,0.09238752861397327
F1,2025,1,2025-03-15,Synthetic_GP_1,Synthetic_Ring,R,BBB,SYN-A,SYN-A,F1,18,88.83827888947647,27.572435555876552,32.880619698662,28.385223634937915,MEDIUM,Pirelli,4.0,0,1,2,1,False,False,True,False,23.111563821169472,33.330263246972955,45.907828065960516,1011.1113471095243,False,2.823557425364364,104.5921311615221,1.3449548420925594,1.9121499532096429,207.79965671729624,321.27549205379245,66.93820294462674,0.19595226290577591,10363.721702239236,11814.225443342722,51,0.10531918188731977
F1,2025,1,2025-03-15,Synthetic_GP_1,Synthetic_Ring,R,BBB,SYN-A,SYN-A,F1,19,88.80008113676985,27.561952243112284,32.86734251239833,28.37078638125923,MEDIUM,Pirelli,5.0,0,1,2,1,False,False,True,False,22.38409874254875,33.09989921651268,47.59936688857579,1011.8104520047604,False,2.6291036337965923,126.23988649962041,1.31780793854229,1.9248694242574722,209.25476951702007,325.95974483084217,67.14187756977208,0.17392686854309217,10501.51227679967,12004.228758413366,50,0.11929116012388605
F1,2025,1,2025-03-15,Synthetic_GP_1,Synthetic_Ring,R,BBB,SYN-A,SYN-A,F1,20,88.90731403719073,27.543264939219238,32.919708379062186,28.444340718909302,MEDIUM,Pirelli,6.0,0,1,2,1,False,False,True,False,23.268145971384996,32.34246777963283,45.60546684341683,1012.3172230290886,False,2.498576981218309,165.67546155694686,1.141402120472055,1.8615599466755544,207.92796697634776,324.983666269816,63.51251860082246,0.17275612870070386,10463.626945623286,11805.410507530303,49,0.10433407997086566
F1,2025,1,2025-03-15,Synthetic_GP_1,Synthetic_Ring,R,BBB,SYN-A,SYN-A,F1,21,88.92850765984207,27.566798190355016,32.929664192611135,28.432045276875918,MEDIUM,Pirelli,7.0,0,1,2,1,False,False,True,False,22.59145181486254,31.725484618214647,45.18458195390126,1010.6282750701477,False,2.9338547062356644,167.0165705556792,1.417312509589969,1.8838695905961227,208.24251138441406,319.6645957536162,64.72735327146478,0.19431714130150865,10539.126362894782,11778.915026119432,49,0.0962334307114277
F1,2025,1,2025-03-15,Synthetic_GP_1,Synthetic_Ring,R,BBB,SYN-A,SYN-A,F1,22,88.84052846394238,27.50085181727821,32.87485699915271,28.464819647511455,MEDIUM,Pirelli,8.0,0,1,2,1,False,False,True,False,23.361581608269816,32.034987430476235,47.228348911943364,1010.7296116734385,False,2.1055819376281284,183.4050235898195,1.279690101558924,1.796274106162309,206.48276173780357,324.3246982013057,66.92018788872763,0.1814573005905338,10355.240908633476,11796.70471868242,47,0.07222120025215703
F1,2025,1,2025-03-15,Synthetic_GP_1,Synthetic_Ring,R,BBB,SYN-A,SYN-A,F1,23,88.63916497807831,27.464182567010763,32.75946960630359,28.415512804763956,HARD,Pirelli,9.0,0,1,2,1,False,False,True,False,22.804016512953243,29.464868790286594,46.152077967339864,1009.887482052961,False,2.9392961077591275,219.25942851819434,1.297674498084395,1.8781062101730848,208.84008692965435,325.08157735125707,67.37761427332168,0.1687330105387156,10510.009972129577,11701.349069828153,48,0.11215939744468134
F1,2025,1,2025-03-15,Synthetic_GP_1,Synthetic_Ring,R,BBB,SYN-A,SYN-A,F1,24,88.87009655320333,27.54232429147077,32.90708194258464,28.420690319147916,HARD,Pirelli,10.0,0,1,2,1,False,False,True,False,22.974361524620534,30.703869188642727,45.91970024782969,1012.4309469483331,False,2.4359681708105487,244.90840174425023,1.449664917471959,1.7990857132401248,211.09818618657505,322.8557061852462,66.35806273617565,0.16341143577524192,10623.039590502945,11660.375940883387,50,0.1183098019229096
F1,2025,1,2025-03-15,Synthetic_GP_1,Synthetic_Ring,R,BBB,SYN-A,SYN-A,F1,25,88.75344789419685,27.541674839278166,32.837562417781754,28.374210637136933,HARD,Pirelli,11.0,0,1,2,1,False,False,True,False,23.04346484830247,28.735381289403183,46.83570376642053,1011.4186928663879,False,2.6340104617786353,253.4061186551313,1.0549294400953486,1.877514036784052,208.63302242148364,325.5321584793867,69.55860382349745,0.18699005727572907,10309.415858881817,11897.621732800066,51,0.09795564227350914
F1,2025,1,2025-03-15,Synthetic_GP_1,Synthetic_Ring,R,BBB,SYN-A,SYN-A,F1,26,88.69229904447499,27.476757829275705,32.82972137407846,28.385819841120828,HARD,Pirelli,12.0,0,1,2,1,False,False,True,False,22.96350782722062,28.490579286886256,45.621424242726704,1010.2989542876285,False,2.005022864763656,263.6028037964462,1.4369101483451951,2.1467730373296665,207.93066217402762,324.77142013081345,64.12969325839076,0.19002173269199388,10402.800396752255,11836.105322926915,51,0.12942552102779242
F1,2025,1,2025-03-15,Synthetic_GP_1,Synthetic_Ring,R,BBB,SYN-A,SYN-A,F1,27,89.21257651175289,27.674290655128594,32.99855717625162,28.53972868037267,HARD,Pirelli,13.0,0,1,2,1,False,False,True,False,22.620175808254075,28.768479047493244,44.90298414537752,1008.9840669758551,False,2.5714211272160337,309.7220383476814,1.174648071321207,1.7238835007638413,205.90587321701278,321.95276684471816,66.22896413769044,0.17264273520859125,10404.208027757832,11774.281920764328,50,0.1018137525135509
F1,2025,1,2025-03-15,Synthetic_GP_1,Synthetic_Ring,R,BBB,SYN-A,SYN-A,F1,28,88.86909278634496,27.554912560381787,32.86161388850947,28.45256633745371,HARD,Pirelli,14.0,0,1,2,1,False,False,True,False,23.010313855363602,28.123395832112898,43.417801726920125,1008.7366439586237,False,2.5693434497899017,326.96502917730857,1.3684521835520909,1.8857306759339565,208.1675844934604,320.18658325937554,64.65883096399496,0.18704084054673054,10453.744653571384,11815.154118162252,50,0.08806695043043757
F1,2025,1,2025-03-15,Synthetic_GP_1,Synthetic_Ring,R,CCC,SYN-B,SYN-B,F1,1,88.8438674922099,27.527442766009052,32.83845020788865,28.477974518312195,MEDIUM,Pirelli,1.0,1,1,3,1,False,False,True,False,23.05228901870344,31.24321470276303,46.30417893629099,1008.8285928942038,False,2.4996681558959963,85.59413474348005,1.4540388380421694,1.6471394790767109,206.46803339511445,324.52797985422677,67.75709699722597,0.1724785947469474,10305.52416722447,11825.26593963623,49,0.10405528501894268
F1,2025,1,2025-03-15,Synthetic_GP_1,Synthetic_Ring,R,CCC,SYN-B,SYN-B,F1,2,89.05055190679343,27.57368675077786,32.98027096530525,28.49659419071032,MEDIUM,Pirelli,2.0,0,1,3,1,False,False,True,False,22.529920279388755,31.978422999308552,47.248059116810424,1010.5284938346192,False,2.1506943061914248,101.7325650497489,1.5632117648877788,1.4622167824054193,207.74609799261216,320.68914703653365,66.20632355584019,0.17897416081196127,10247.070408966427,11688.841726595858,49,0.09311576204064939
F1,2025,1,2025-03-15,Synthetic_GP_1,Synthetic_Ring,R,CCC,SYN-B,SYN-B,F1,3,89.11001486285592,27.667335629506802,32.94513939385911,28.49753983949001,MEDIUM,Pirelli,3.0,0,1,3,1,False,False,True,False,23.128907458780446,32.632849313317735,46.88222706854618,1011.5912396514015,False,2.4097642673146566,147.1913110783924,1.4276226755566512,1.6899759289044796,207.84861733296964,323.80698249583264,67.79139138879026,0.18168841055741053,10545.124072385794,11759.067847418792,50,0.12400730155773791
F1,2025,1,2025-03-15,Synthetic_GP_1,Synthetic_Ring,R,CCC,SYN-B,SYN-B,F1,4,88.98986343834402,27.623653857171508,32.94136489048134,28.424844690691174,MEDIUM,Pirelli,4.0,0,1,3,1,False,False,True,False,22.60834041896567,33.51546564030062,47.16934083367823,1009.9267162296127,False,2.7858678441837768,166.00311545210653,1.5584438192325576,1.5317701647091067,208.8330175615812,321.81495523938827,67.74493378640473,0.172529485823254,10322.560637835883,11832.054482945266,47,0.10493048289679309
F1,2025,1,2025-03-15,Synthetic_GP_1,Synthetic_Ring,R,CCC,SYN-B,SYN-B,F1,5,89.00212743629909,27.558673816534835,32.91757311250322,28.525880507261036,MEDIUM,Pirelli,5.0,0,1,3,1,False,False,True,False,22.809498342757802,32.626791069717896,45.650812878277875,1008.8682971482592,False,2.8905267733382267,185.17654786478647,1.6422792794545569,1.4639476063464618,207.7623390963567,323.63955179419116,68.30859476185525,0.15425722596194505,10396.44110464018,11824.619893420415,51,0.11195297634342284
F1,2025,1,2025-03-15,Synthetic_GP_1,Synthetic_Ring,R,CCC,SYN-B,SYN-B,F1,6,89.35116918886729,27.725708727157475,33.041580644634166,28.583879817075648,MEDIUM,Pirelli,6.0,0,1,3,1,False,False,True,False,23.08240767261437,33.992221011960964,46.10666971762438,1011.5353381359324,False,2.522034686369074,214.2070473026467,1.49855748910324,1.6986797161240264,205.33049522901976,320.3942529227751,70.1146808110626,0.19200716769430765,10331.084123724464,11755.386302560339,50,0.07050418648105955
F1,2025,1,2025-03-15,Synthetic_GP_1,Synthetic_Ring,R,CCC,SYN-B,SYN-B,F1,7,89.35099694164063,27.71078443709606,33.051262344164826,28.588950160379746,MEDIUM,Pirelli,7.0,0,1,3,1,False,False,True,False,23.34544803502345,34.342043786478,46.59016028005137,1013.800442289981,False,2.4371899237689845,239.84756813767487,1.6435796365228241,1.4388451801510913,206.881689764049,323.4228124098291,69.70087796538164,0.19151852211955694,10335.242979596043,11833.804226480794,51,0.12237583119751716
F1,2025,1,2025-03-15,Synthetic_GP_1,Synthetic_Ring,R,CCC,SYN-B,SYN-B,F1,8,89.53296118697,27.746888174515256,33.12998912869006,28.65608388376468,MEDIUM,Pirelli,8.0,0,1,3,1,False,False,True,False,22.84591665621071,34.215133559114776,45.4512974443707,1009.5837099959709,False,2.32703859806622,259.11678941431626,1.5569075124524776,1.518012941935616,207.75224976178947,326.0166893023656,66.31737395836693,0.18008754742999966,10346.892199356262,11711.881188844149,46,0.1284311665617981
F1,2025,1,2025-03-15,Synthetic_GP_1,Synthetic_Ring,R,CCC,SYN-B,SYN-B,F1,9,89.14854097060682,27.59198846683246,32.96699491719476,28.589557586579595,HARD,Pirelli,9.0,0,1,3,1,False,False,True,False,22.848359915976037,34.46395647531538,44.37262032044248,1006.187523705719,False,2.233497337045674,263.9918180719953,1.6556420719174847,1.5725796157646585,206.63803027993015,320.3842226157166,65.45310928463402,0.18418222375314294,10398.023233160215,11803.028656398239,46,0.10049403797593691
F1,2025,1,2025-03-15,Synthetic_GP_1,Synthetic_Ring,R,CCC,SYN-B,SYN-B,F1,10,89.26561870607874,27.641131731276676,33.0196800290153,28.60480694578677,HARD,Pirelli,10.0,0,1,3,1,False,False,True,False,23.18538589009535,34.95988755960488,44.67356109140891,1010.009383924904,False,2.354712973186552,292.8687323409005,1.4382022555664662,1.4415968376734352,205.34437911465477,320.17856681914094,65.7086721459804,0.20374509324921714,10521.351401331178,11916.685914006755,51,0.10986411941634093
F1,2025,1,2025-03-15,Synthetic_GP_1,Synthetic_Ring,R,CCC,SYN-B,SYN-B,F1,11,89.02055706217712,27.561251909237814,32.97787612401385,28.48142902892546,HARD,Pirelli,11.0,0,1,3,1,False,False,True,False,23.098026808749363,35.76142352761586,46.047570413438955,1010.2444976502672,False,2.7580342587422693,302.45374254579747,1.575107966795704,1.5814646638971854,208.63300291933734,323.7135030167462,64.29034036077701,0.18727362420377816,10275.01948595303,11928.206421568819,47,0.09170003189605014
F1,2025,1,2025-03-15,Synthetic_GP_1,Synthetic_Ring,R,CCC,SYN-B,SYN-B,F1,12,89.34511947370304,27.707486300219657,33.04568656955647,28.591946603926907,HARD,Pirelli,12.0,0,1,3,1,False,False,True,False,22.72409083631878,34.80938324899776,45.84907656179822,1007.504912822615,False,2.0572324088936473,330.00781452158276,1.576455794888452,1.5505307554739594,207.78572838338158,322.93573555950064,65.44103963416498,0.19317263653890931,10396.29136930274,11707.546119822455,48,0.15783808544689673
F1,2025,1,2025-03-15,Synthetic_GP_1,Synthetic_Ring,R,CCC,SYN-B,SYN-B,F1,13,89.49574220494054,27.708381367337942,33.09943672542331,28.68792411217929,HARD,Pirelli,13.0,0,1,3,1,False,False,True,False,22.945525627271405,34.84341085790608,46.83435574124083,1012.5810649970283,False,2.3487562702574594,354.04300304539845,1.589606087213483,1.5871650417800085,206.7894772769666,325.06351161915234,63.07657581207344,0.1729808747937394,10296.220173694768,11597.403463459885,51,0.10154696200239947
F1,2025,1,2025-03-15,Synthetic_GP_1,Synthetic_Ring,R,CCC,SYN-B,SYN-B,F1,14,89.59686816784584,27.748871695810408,33.11200884923458,28.735987622800856,HARD,Pirelli,14.0,0,1,3,1,False,False,True,False,23.18639793507408,35.06590529331791,47.20354767847371,1009.9791038567399,False,1.8289802002872724,16.64287978967451,1.6594100609994171,1.5968024669407748,205.52010409865667,325.3677893337587,67.3001292671777,0.18224417411157,10349.068959171445,11866.34191008797,45,0.09658234492436876
F1,2025,1,2025-03-15,Synthetic_GP_1,Synthetic_Ring,R,CCC,SYN-B,SYN-B,F1,15,88.96712838048774,27.60466686714221,32.871656555980586,28.490804957364936,MEDIUM,Pirelli,1.0,1,1,3,1,False,False,True,False,23.329163825166216,34.81810800338455,46.89847703091162,1009.854982846678,False,2.1831233984342053,43.25815526968654,1.733936852629689,1.5396935910272898,206.66145570989303,324.7036960450664,66.24722404599522,0.1986637679557614,10438.81314798927,11640.779967574581,46,0.11462382156430168
F1,2025,1,2025-03-15,Synthetic_GP_1,Synthetic_Ring,R,CCC,SYN-B,SYN-B,F1,16,88.95799912805032,27.61548421667416,32.941171752603424,28.401343158772733,MEDIUM,Pirelli,2.0,0,1,3,1,False,False,True,False,23.18874683528417,34.630701383216376,45.70660198141219,1006.5734663419914,False,2.186446976841667,62.11587596605108,1.5579038821750333,1.6247967052972556,205.526827280431,321.06849944160365,64.95519825621754,0.1914603904610676,10491.655656104673,11629.602505108818,45,0.11648703736632071
F1,2025,1,2025-03-15,Synthetic_GP_1,Synthetic_Ring,R,CCC,SYN-B,SYN-B,F1,17,89.05880397769886,27.58634693795538,32.936684653873755,28.53577238586972,MEDIUM,Pirelli,3.0,0,1,3,1,False,False,True,False,22.936003314475414,33.68668043836523,46.53781770560103,1012.8193337905085,False,2.6395967910821145,103.35794177837647,1.658187635726343,1.651367291360413,208.23976157223578,323.4999921734008,65.1032912220302,0.18061962969627296,10244.221680371707,11872.01546239224,46,0.1133722671644113
F1,2025,1,2025-03-15,Synthetic_GP_1,Synthetic_Ring,R,CCC,SYN-B,SYN-B,F1,18,89.12351736600228,27.65539790800116,33.012727956562664,28.45539150143845,MEDIUM,Pirelli,4.0,0,1,3,1,False,False,True,False,22.91994160109681,32.73349608290147,45.428936161659344,1009.4965145236285,False,2.572188484560951,103.67863962711675,1.4920175294830857,1.721562909312526,205.4290871780177,321.3208677660564,68.62901395781137,0.1750148529105684,10529.979436920474,11746.271680643444,50,0.10549222049228146
F1,2025,1,2025-03-15,Synthetic_GP_1,Synthetic_Ring,R,CCC,SYN-B,SYN-B,F1,19,89.25343745648652,27.654276211575535,32.96920973308259,28.629951511828395,MEDIUM,Pirelli,5.0,0,1,3,1,False,False,True,False,23.024686842226615,32.715574580681285,45.85093526214103,1005.8248468858867,False,2.662182806814373,137.3404603077728,1.66555621496008,1.6604647140913982,206.58525452236705,320.61115912650183,67.13362754366452,0.17348565530075535,10560.755607720934,11724.693832324496,45,0.09711424616349477
F1,2025,1,2025-03-15,Synthetic_GP_1,Synthetic_Ring,R,CCC,SYN-B,SYN-B,F1,20,89.14675479793718,27.626108057555406,32.96338375837848,28.557262982003294,MEDIUM,Pirelli,6.0,0,1,3,1,False,False,True,False,22.694139024153724,32.23797364463242,48.20551369200616,1010.6400431551065,False,2.4082565768660875,163.70252798625472,1.7170996867522723,1.6102860976035984,205.73276555458222,321.2478266186056,66.4121626760519,0.17223793933210405,10058.574682921413,11812.04115623027,51,0.07575822521007602
F1,2025,1,2025-03-15,Synthetic_GP_1,Synthetic_Ring,R,CCC,SYN-B,SYN-B,F1,21,89.36353130046697,27.74716351042523,33.07070017972365,28.54566761031809,MEDIUM,Pirelli,7.0,0,1,3,1,False,False,True,False,23.014942241116636,31.25356862131423,45.604808776826424,1012.5913460492044,False,2.4351719186871064,184.10477040329192,1.5385694585147953,1.6323485133736861,206.31556011954095,323.25708553175645,66.56961550529243,0.18582260604558765,10414.970447264222,11879.044472600448,47,0.11965765298741565
F1,2025,1,2025-03-15,Synthetic_GP_1,Synthetic_Ring,R,CCC,SYN-B,SYN-B,F1,22,89.27752077261223,27.69201058808846,32.98816858064524,28.597341603878533,MEDIUM,Pirelli,8.0,0,1,3,1,False,False,True,False,23.314948312374653,30.483900090362365,46.95442512669338,1011.3607604512505,False,2.448002812725707,189.9781117809648,1.5780483581103586,1.4735896130976036,204.8469354452812,318.6402528423517,65.11067909158032,0.16275813064849712,10414.125688289052,11790.437331846199,50,0.1454911135977175
F1,2025,1,2025-03-15,Synthetic_GP_1,Synthetic_Ring,R,CCC,SYN-B,SYN-B,F1,23,89.03157083799908,27.652272680842017,32.939351461302905,28.43994669585416,HARD,Pirelli,9.0,0,1,3,1,False,False,True,False,23.180131460107535,29.80660241967658,44.81269552306909,1013.3361890119236,False,2.2432025528753816,214.20251250630668,1.5197950799638744,1.5607125282183238,206.17656414767072,322.53093246583444,64.42482432797837,0.18555180828407486,10546.522393888461,11671.1696156202,47,0.10191958034704422
F1,2025,1,2025-03-15,Synthetic_GP_1,Synthetic_Ring,R,CCC,SYN-B,SYN-B,F1,24,89.28676014755432,27.682950587314945,33.04304885476668,28.56076070547269,HARD,Pirelli,10.0,0,1,3,1,False,False,True,False,22.603830261942907,29.168529891869575,45.597961073400995,1009.0531209076008,False,2.2704544277293683,240.07947533815013,1.6329378520530489,1.6506189100892499,204.88343439340414,322.73010812497137,66.95532002325466,0.17707112721096252,10246.587823201808,11824.906830463247,47,0.10075965542880959
F1,2025,1,2025-03-15,Synthetic_GP_1,Synthetic_Ring,R,CCC,SYN-B,SYN-B,F1,25,89.41017958355832,27.729473511312715,33.10851971105052,28.57218636119508,HARD,Pirelli,11.0,0,1,3,1,False,False,True,False,23.228364247500057,28.483032031879368,46.31841983050361,1009.4691537037282,False,2.6629120820545005,255.92648534639397,1.7186577050948104,1.5922112550237266,204.77366024698478,322.94172209115345,68.7730956512847,0.19064307241859274,10422.113781263535,11978.925234734232,46,0.10774031911786229
F1,2025,1,2025-03-15,Synthetic_GP_1,Synthetic_Ring,R,CCC,SYN-B,SYN-B,F1,26,89.37406297126104,27.719656962065987,33.074728991378386,28.57967701781667,HARD,Pirelli,12.0,0,1,3,1,False,False,True,False,23.411274123263336,28.541684305329518,47.47178753304569,1012.7411799796113,False,2.372537569592502,282.74472866558074,1.607398639296398,1.4896950150821764,207.31603437064913,322.7097030157418,65.84656905920347,0.17596792124773877,10482.14482279028,11866.409722521978,50,0.12661366751738465
F1,2025,1,2025-03-15,Synthetic_GP_1,Synthetic_Ring,R,CCC,SYN-B,SYN-B,F1,27,89.33299835124826,27.68872513024096,33.05096653601505,28.59330668499225,HARD,Pirelli,13.0,0,1,3,1,False,False,True,False,23.063879720721896,28.58582386144678,44.98137316898613,1009.5237601851959,False,2.408652419242162,297.1050534260785,1.6983607147329203,1.6964041324517922,206.80748828038088,321.1244626751903,68.42975162545959,0.17641367917016443,10305.318282852506,11766.305005518589,47,0.1157529988674173
F1,2025,1,2025-03-15,Synthetic_GP_1,Synthetic_Ring,R,CCC,SYN-B,SYN-B,F1,28,89.41779367315091,27.730869399824126,33.07017349208961,28.616750781237172,HARD,Pirelli,14.0,0,1,3,1,False,False,True,False,22.55530737366323,28.52946730421819,46.36978705445449,1010.4216143099065,False,2.6297836122584934,330.73344053764515,1.6722920086632058,1.6260463783365957,206.98896553718214,322.4309956129741,65.84028522092146,0.18543235315357795,10523.980919715017,11614.420729465772,45,0.08492278713463836
F1,2025,1,2025-03-15,Synthetic_GP_1,Synthetic_Ring,R,DDD,SYN-B,SYN-B,F1,1,89.19937427242765,27.633064025354663,32.98232736457868,28.583982882494304,MEDIUM,Pirelli,1.0,1,1,4,1,False,False,True,False,22.837234180413716,30.77419419343877,45.325442965634416,1009.5130032632068,False,2.5378321091862337,89.38106621337174,1.9114565583251852,1.2999450070336667,205.41001961836204,321.15969966128887,63.321881300232434,0.1813298305030007,10326.69814079087,11702.1807112471,49,0.1154533606624878
F1,2025,1,2025-03-15,Synthetic_GP_1,Synthetic_Ring,R,DDD,SYN-B,SYN-B,F1,2,88.85011987477986,27.48945012279815,32.89914972628862,28.461520025693098,MEDIUM,Pirelli,2.0,0,1,4,1,False,False,True,False,23.45086707793309,33.07979110202294,45.11001093327327,1007.8331492271211,False,2.3820423133144466,98.76595664479188,1.8312417308211115,1.2972873827201765,207.75204750568832,321.6426657005493,68.69120686179564,0.16114131399087905,10337.316601201346,11818.327525040282,50,0.11813151859396907
F1,2025,1,2025-03-15,Synthetic_GP_1,Synthetic_Ring,R,DDD,SYN-B,SYN-B,F1,3,89.2522230919866,27.755569711227867,33.0507260611865,28.445927319572228,MEDIUM,Pirelli,3.0,0,1,4,1,False,False,True,False,23.037798155249014,31.601534048948235,44.750464782734376,1007.4200297538455,False,2.349777976565062,123.4919543802026,1.9780072734858776,1.4591382560112205,205.93040106825282,320.80705340998287,67.69693022382621,0.1624430177131852,10235.711939306086,11809.050480133037,51,0.12346172948981175
F1,2025,1,2025-03-15,Synthetic_GP_1,Synthetic_Ring,R,DDD,SYN-B,SYN-B,F1,4,89.42293433053946,27.76099209710699,33.05548577886045,28.60645645457202,MEDIUM,Pirelli,4.0,0,1,4,1,False,False,True,False,23.004505128474726,33.82037016293627,46.42556521105185,1011.6459708022292,False,2.8706367025134494,161.622261369688,1.9119249166442192,1.426090643570888,208.82757948387348,323.5612232380764,66.3983032310839,0.17030518882823398,10347.847094486333,11766.589007740968,48,0.13038632884566306
F1,2025,1,2025-03-15,Synthetic_GP_1,Synthetic_Ring,R,DDD,SYN-B,SYN-B,F1,5,89.19048873314215,27.67587246399558,32.98835741396282,28.526258855183748,MEDIUM,Pirelli,5.0,0,1,4,1,False,False,True,False,23.112241643849686,33.84089182996925,45.87849931463242,1012.2486707483412,False,2.7973358952877905,161.26025868483183,1.9752758253141975,1.20890548433326,207.5803024474182,322.54967090969114,63.790399099804254,0.18441091189243106,10527.107782896888,11776.342558378725,47,0.10601936958123877
F1,2025,1,2025-03-15,Synthetic_GP_1,Synthetic_Ring,R,DDD,SYN-B,SYN-B,F1,6,89.47838096264125,27.737338824344157,33.10843899372861,28.632603144568485,MEDIUM,Pirelli,6.0,0,1,4,1,False,False,True,False,23.035480935790037,34.93399401015683,46.21227352152691,1010.8362639132059,False,2.6327768626311503,209.98682073089165,1.8640016112191284,1.2947874663618562,206.24630223481677,322.546500446014,66.87537115719093,0.1757311468032346,10266.248732933933,11768.065503598646,48,0.10063942944152827
F1,2025,1,2025-03-15,Synthetic_GP_1,Synthetic_Ring,R,DDD,SYN-B,SYN-B,F1,7,89.32348413228256,27.724531254181215,33.03928651841904,28.559666359682303,MEDIUM,Pirelli,7.0,0,1,4,1,False,False,True,False,22.85307726122141,34.653349374445305,45.61120765780264,1010.9237713225285,False,2.9448956196920015,227.39422737309945,1.7660521816601553,1.3438902119487572,204.99106085498855,324.06961301930284,67.4203743243226,0.1750147750943042,10338.593798050995,11792.176309096727,47,0.07599214322072613
F1,2025,1,2025-03-15,Synthetic_GP_1,Synthetic_Ring,R,DDD,SYN-B,SYN-B,F1,8,89.38854277094006,27.719100505986894,33.06270864135472,28.60673362359845,MEDIUM,Pirelli,8.0,0,1,4,1,False,False,True,False,23.086082103011098,35.02954423373301,47.300707843281714,1009.9235983101253,False,2.234957867002178,254.77533380679336,1.9376956477229281,1.4323249476018247,202.39690316983504,321.814549030419,63.79609620135924,0.18676805332259405,10356.695366813396,11899.846247901798,50,0.1371664755895052
F1,2025,1,2025-03-15,Synthetic_GP_1,Synthetic_Ring,R,DDD,SYN-B,SYN-B,F1,9,89.47425024054354,27.767479531263454,33.105136322032116,28.60163438724797,HARD,Pirelli,9.0,0,1,4,1,False,False,True,False,22.95350265554478,34.73145228946641,45.3219324950796,1009.2677363797574,False,2.020729149662799,268.0127296951232,1.898731962284341,1.2993707916446815,208.19080591046927,322.18217537288194,65.49468968708325,0.17356678616228427,10349.54768615474,11827.935604135595,51,0.09038583962902069
F1,2025,1,2025-03-15,Synthetic_GP_1,Synthetic_Ring,R,DDD,SYN-B,SYN-B,F1,10,89.29317372600568,27.70836023709863,33.020544063891776,28.56426942501527,HARD,Pirelli,10.0,0,1,4,1,False,False,True,False,22.77082826260099,35.206536700176905,46.44578043618867,1009.4014481396272,False,2.5203989275055996,275.5100307155936,1.9121495237622612,1.406135011870948,205.35230901043377,322.46895183050316,69.23959550578526,0.17472823358397457,10344.478226735093,11784.039760009842,51,0.11349173851049692
F1,2025,1,2025-03-15,Synthetic_GP_1,Synthetic_Ring,R,DDD,SYN-B,SYN-B,F1,11,89.46164308645973,27.758202308811295,33.070964728771614,28.632476048876825,HARD,Pirelli,11.0,0,1,4,1,False,False,True,False,23.674996336210985,35.70302315188231,45.692339089700795,1006.9056154176541,False,2.4638914920825785,316.9556301726668,1.9517535283152154,1.4154239456968478,206.83729336271077,327.7739333389608,64.29484023579019,0.18678762906764798,10482.558703118966,11711.567791828396,48,0.09415333916673053
F1,2025,1,2025-03-15,Synthetic_GP_1,Synthetic_Ring,R,DDD,SYN-B,SYN-B,F1,12,89.53468677544308,27.706866812055804,33.14804847607226,28.67977148731501,HARD,Pirelli,12.0,0,1,4,1,False,False,True,False,22.571420649529575,34.40976981113415,45.80378122633687,1008.8266239613562,False,2.2515873404098627,318.220361782009,1.7488485087720786,1.2635074595272622,205.66384309807094,320.4235520474752,65.2829473167581,0.1765254352697805,10709.254300132772,11599.283824780085,51,0.09871136035775437
F1,2025,1,2025-03-15,Synthetic_GP_1,Synthetic_Ring,R,DDD,SYN-B,SYN-B,F1,13,89.1562547238243,27.63202089146915,33.01261817612413,28.511615656231022,HARD,Pirelli,13.0,0,1,4,1,False,False,True,False,23.29793232404813,35.10716014689007,47.294626262004655,1007.9608865654717,False,2.264445040312786,2.222498725426931,1.8199679429665725,1.1416519025747032,207.84710235857378,321.560630117545,63.333924552242564,0.18263639689872904,10304.446928573747,11857.824289185937,45,0.10347456005192371
F1,2025,1,2025-03-15,Synthetic_GP_1,Synthetic_Ring,R,DDD,SYN-B,SYN-B,F1,14,89.7767925755493,27.843863579258638,33.16500796885552,28.767921027435136,HARD,Pirelli,14.0,0,1,4,1,False,False,True,False,23.338780273163508,35.490791234191754,44.71528429571779,1006.4533415339808,False,2.834692875781275,23.893660508510095,1.7636900196818976,1.2819107118244308,203.7810402924586,325.46163782732367,66.07236044409635,0.18207287459611177,10492.840120845383,11711.533088048967,48,0.13140593186494628
F1,2025,1,2025-03-15,Synthetic_GP_1,Synthetic_Ring,R,DDD,SYN-B,SYN-B,F1,15,89.27111526708005,27.664871204147286,33.023610238279815,28.582633824652945,MEDIUM,Pirelli,1.0,1,1,4,1,False,False,True,False,22.7180230685024,34.468397421325086,45.43667001275657,1014.6615888321137,False,2.439482202094749,44.68596235549046,2.075172720696428,1.3681821327003527,208.97802513858946,322.2878589833067,67.31991825322767,0.18290456986150658,10298.755023577382,11931.979872091879,50,0.09343654678771596
F1,2025,1,2025-03-15,Synthetic_GP_1,Synthetic_Ring,R,DDD,SYN-B,SYN-B,F1,16,89.2195759719746,27.669506195277023,33.032984095657206,28.517085681040378,MEDIUM,Pirelli,2.0,0,1,4,1,False,False,True,False,22.849471363085854,33.63231111086961,44.759405853809184,1010.205965363904,False,2.6970372790576214,50.70320654721445,1.926243547922098,1.4360606160916187,204.3779318954013,323.72448768719846,64.84903169277418,0.19112849764493078,10575.754909714668,11931.963504275749,45,0.09529100635330874
F1,2025,1,2025-03-15,Synthetic_GP_1,Synthetic_Ring,R,DDD,SYN-B,SYN-B,F1,17,89.57359614010115,27.803756317442357,33.11947784091039,28.650361981748397,MEDIUM,Pirelli,3.0,0,1,4,1,False,False,True,False,22.72981846724559,33.872653396189136,45.827513599406984,1009.8828096829545,False,2.683636210150438,72.70606917466597,1.8856578755877642,1.230557884118362,204.30040030901623,322.727238375766,62.950995961442395,0.17387545874372154,10628.403146703018,11793.225350618688,48,0.14083965969744894
F1,2025,1,2025-03-15,Synthetic_GP_1,Synthetic_Ring,R,DDD,SYN-B,SYN-B,F1,18,89.36578140156959,27.72225429092254,33.11631526120319,28.527211849443866,MEDIUM,Pirelli,4.0,0,1,4,1,False,False,True,False,23.18336962455747,33.313424307993856,45.43302935529076,1009.9681575602939,False,2.7688635470276086,103.36660044315005,1.7951288197628839,1.319879830209584,207.44190526386498,321.62859695478863,69.01254475785491,0.17556386861429976,10105.307069680919,11837.352199978453,47,0.12599834603671892
F1,2025,1,2025-03-15,Synthetic_GP_1,Synthetic_Ring,R,DDD,SYN-B,SYN-B,F1,19,89.33020597008512,27.7047604424715,33.03205595119232,28.593389576421302,MEDIUM,Pirelli,5.0,0,1,4,1,False,False,True,False,23.210949828970243,32.20268150580311,44.68941897749923,1009.2497461593035,False,2.5592048594129992,126.6945289336976,1.911270688947187,1.4900608861482258,207.30888178555733,321.16569296467355,66.13734865064164,0.19579067538149625,10561.493630873625,11732.08496359979,50,0.12077133729141479
F1,2025,1,2025-03-15,Synthetic_GP_1,Synthetic_Ring,R,DDD,SYN-B,SYN-B,F1,20,89.36077890040723,27.72253264001488,33.04339951673072,28.594846743661627,MEDIUM,Pirelli,6.0,0,1,4,1,False,False,True,False,23.0202993264787,31.79562835991008,44.64046037170941,1008.0984018189614,False,2.6560045613962227,137.21583989102572,1.7092224291164295,1.5272147428493816,203.6498835094573,319.1616312664435,63.42710303944134,0.18319574589064216,10405.624274201235,11901.623969207938,49,0.13604702746273087
F1,2025,1,2025-03-15,Synthetic_GP_1,Synthetic_Ring,R,DDD,SYN-B,SYN-B,F1,21,89.48477437220214,27.758780695823962,33.0590646715862,28.66692900479198,MEDIUM,Pirelli,7.0,0,1,4,1,False,False,True,False,22.978968444778786,31.785001940358995,45.4330995946517,1008.9636326345889,False,2.4528524493373043,179.4837968096058,1.8452745257111902,1.2438232025883509,204.34811755904846,324.3459205129131,68.10116276201744,0.19806859080952063,10331.179201398267,11789.38970348087,47,0.10973629199820391
F1,2025,1,2025-03-15,Synthetic_GP_1,Synthetic_Ring,R,DDD,SYN-B,SYN-B,F1,22,89.52961505950273,27.712331628055804,33.09116810230453,28.726115329142395,MEDIUM,Pirelli,8.0,0,1,4,1,False,False,True,False,23.237410945355073,30.573994556700157,43.97775632248815,1008.4311007106077,False,2.3786521071385347,178.75405795905783,1.9243984280320634,1.3107357162262916,205.29324287508405,326.9080223190897,63.55337492315015,0.17178496102518362,10473.512488905875,11811.38441122689,49,0.11884040164821832
F1,2025,1,2025-03-15,Synthetic_GP_1,Synthetic_Ring,R,DDD,SYN-B,SYN-B,F1,23,89.35887028453884,27.694452944465574,33.07468542650146,28.589731913571804,HARD,Pirelli,9.0,0,1,4,1,False,False,True,False,23.28327588779555,30.277907130317644,46.343234106691504,1011.2116571936473,False,2.829433216344708,205.12551830118787,1.7663372868503329,1.4384869249516654,204.5880634634326,324.0908852310888,62.38993728849035,0.18395985614915367,10147.407959649707,11856.315538123807,47,0.10854836013034591
F1,2025,1,2025-03-15,Synthetic_GP_1,Synthetic_Ring,R,DDD,SYN-B,SYN-B,F1,24,89.50599528113153,27.745395566720884,33.19996342349518,28.56063629091547,HARD,Pirelli,10.0,0,1,4,1,False,False,True,False,22.511123940700248,29.731729027242125,44.14106503318643,1012.6531606707812,False,2.6248746352429237,234.12084482973864,1.9352240633476612,1.3587074567113409,205.6797426752086,324.08996511174314,64.49166463287047,0.1735723164200471,10616.248769245904,11781.467379184027,46,0.08707641497661085
F1,2025,1,2025-03-15,Synthetic_GP_1,Synthetic_Ring,R,DDD,SYN-B,SYN-B,F1,25,89.65157271003689,27.827747374373192,33.19138564348747,28.632439692176227,HARD,Pirelli,11.0,0,1,4,1,False,False,True,False,22.750888251266556,29.593554638236387,46.08962029659502,1010.4806600467335,False,2.7877578815041906,270.48114211838185,1.8985719748407284,1.5805283634622753,205.6874728943805,322.9003883045747,69.414754504964,0.179114167683098,10562.24443250128,11517.93340605139,49,0.09817318357802614
F1,2025,1,2025-03-15,Synthetic_GP_1,Synthetic_Ring,R,DDD,SYN-B,SYN-B,F1,26,89.48015609655722,27.743320396931143,33.138658077567186,28.5981776220589,HARD,Pirelli,12.0,0,1,4,1,False,False,True,False,23.464095066936522,29.640610043422143,45.41275306283714,1012.5136742749312,False,2.4914939033896206,289.8009045385205,1.9512278848900764,1.0671240754189468,203.6321670864896,321.29877641060784,65.97635783433516,0.20349792612205458,10408.404187622542,11656.522412692697,47,0.1389455075056367
F1,2025,1,2025-03-15,Synthetic_GP_1,Synthetic_Ring,R,DDD,SYN-B,SYN-B,F1,27,89.6097758778706,27.795239682310246,33.18785851539119,28.626677680169166,HARD,Pirelli,13.0,0,1,4,1,False,False,True,False,23.023526915373477,28.616586757971323,47.13912828028272,1012.6890532311764,False,2.4250240830802623,303.82429687904494,1.7679317619983532,1.2228035428343307,204.59997235602202,324.22624091162004,65.60130995256758,0.18313833188157316,10419.69272290622,11795.935187072315,48,0.11847834906545525
F1,2025,1,2025-03-15,Synthetic_GP_1,Synthetic_Ring,R,DDD,SYN-B,SYN-B,F1,28,89.63299841872389,27.756987843607025,33.16419635420003,28.711814220916835,HARD,Pirelli,14.0,0,1,4,1,False,False,True,False,22.78341445625176,28.68858517853364,48.01569038360632,1009.3829630888828,False,2.9233321758714887,320.20424694432666,1.726609123931648,1.3468481196059034,203.45044959700394,321.15192067526755,64.46014893130572,0.16150350974159514,10421.425939663544,12003.074874681059,49,0.10520736221747476
F1,2025,2,2025-05-15,Synthetic_GP_2,Synthetic_Park,R,AAA,SYN-A,SYN-A,F1,1,89.85060328642263,27.841830112261267,33.257717150124975,28.751056024036387,MEDIUM,Pirelli,1.0,1,1,1,1,False,False,True,False,23.495571269717068,32.75613336424769,43.653442505822674,1010.5976961995871,False,2.8168872800091855,115.49080338076377,1.1412479311959518,2.2041471947427236,210.10840566751347,322.3899686728465,62.68652869049555,0.17923218342457886,10425.082648425294,11910.6881780225,49,0.1679158744976949
F1,2025,2,2025-05-15,Synthetic_GP_2,Synthetic_Park,R,AAA,SYN-A,SYN-A,F1,2,90.06706349464483,27.944507110132466,33.233236439245395,28.88931994526697,MEDIUM,Pirelli,2.0,0,1,1,1,False,False,True,False,24.029823674568547,33.218901584534414,43.19034513413378,1012.3944013997158,False,2.7746834748564115,147.43653521792513,1.1451382402558639,2.1947156605281295,211.40832216954672,322.94274263508095,67.30684720838242,0.1938448189816912,10285.613206737467,11876.330353594169,50,0.12194895228596467
F1,2025,2,2025-05-15,Synthetic_GP_2,Synthetic_Park,R,AAA,SYN-A,SYN-A,F1,3,90.01706065602124,27.948057287748636,33.25894590105354,28.81005746721906,MEDIUM,Pirelli,3.0,0,1,1,1,False,False,True,False,24.365502746482218,33.83822165358292,43.392587102038924,1010.5906415079272,False,2.7767326866920308,171.32869412876573,1.082810655184198,1.9893400427091454,207.929028129637,325.7609311353006,62.317334157302895,0.1910713881655588,10294.159670626965,11760.015404891454,47,0.11018644444254982
F1,2025,2,2025-05-15,Synthetic_GP_2,Synthetic_Park,R,AAA,SYN-A,SYN-A,F1,4,90.19774732600304,27.92606086310398,33.35445786515988,28.917228597739175,MEDIUM,Pirelli,4.0,0,1,1,1,False,False,True,False,23.89292061199829,34.07605218013753,45.95706888522435,1011.062212296016,False,3.033779714264145,187.3613901834741,0.9573127841876612,2.154100239459813,208.29079945725695,325.42030170517415,69.27250605066598,0.16369627720696,10400.481416239589,11690.587031953803,45,0.1239366853171042
F1,2025,2,2025-05-15,Synthetic_GP_2,Synthetic_Park,R,AAA,SYN-A,SYN-A,F1,5,90.37156452856975,28.010812999328948,33.44003298345463,28.920718545786173,MEDIUM,Pirelli,5.0,0,1,1,1,False,False,True,False,23.813634274267145,34.97335480747707,43.524823404023984,1011.2648542454631,False,2.7725050481028073,201.912707101212,1.1935908489528742,2.087452629330508,208.91333533365906,324.41081264804626,62.84065717779606,0.17660003854989947,10314.809210361986,11742.579432314154,50,0.11319751127419264
F1,2025,2,2025-05-15,Synthetic_GP_2,Synthetic_Park,R,AAA,SYN-A,SYN-A,F1,6,90.22786933078224,27.95937121569371,33.380408063175565,28.888090051912968,MEDIUM,Pirelli,6.0,0,1,1,1,False,False,True,False,23.83898897286825,35.28259300542051,43.82870494711839,1010.176699074074,False,2.958080938741354,232.2604580389702,1.0013792544351012,2.1464850017095465,206.20637266431638,320.8790248908446,64.24134217387949,0.1884579076536332,10313.270842519622,11852.518449932599,47,0.09756216109451162
F1,2025,2,2025-05-15,Synthetic_GP_2,Synthetic_Park,R,AAA,SYN-A,SYN-A,F1,7,90.5546751823785,28.074011289301545,33.48022345737837,29.000440435698586,MEDIUM,Pirelli,7.0,0,1,1,1,False,False,True,False,23.379911096669574,34.99377328406551,43.44193017157722,1011.3001914136573,False,2.8947914375634447,249.64441689937024,0.929577502098571,2.003051042823207,209.91655888140696,322.7281530689642,67.53981630822598,0.1665760742495915,10554.730487375551,11766.82280992607,45,0.10823212977577946
F1,2025,2,2025-05-15,Synthetic_GP_2,Synthetic_Park,R,AAA,SYN-A,SYN-A,F1,8,90.25641476641668,27.99040791204479,33.416638817769226,28.84936803660267,MEDIUM,Pirelli,8.0,0,1,1,1,False,False,True,False,24.00604383812561,36.105835059984685,45.33151648823242,1011.4006793019653,False,2.8367941451127936,296.42925303793925,0.8456857066945906,2.101268961052857,208.9355913862864,325.08950186455553,66.13994222944828,0.16966014548395358,10428.081463339106,11824.690466191934,49,0.0916373158712743
F1,2025,2,2025-05-15,Synthetic_GP_2,Synthetic_Park,R,AAA,SYN-A,SYN-A,F1,9,90.29880810882027,28.00145909302747,33.40011478717516,28.897234228617634,HARD,Pirelli,9.0,0,1,1,1,False,False,True,False,23.65912284966168,36.72301507142603,43.04551847041954,1010.5313505082238,False,3.04190534741916,298.3379857483471,1.1262491115696298,2.0078575992941814,209.61501604785232,323.25861529391733,66.63648384489117,0.18347304294088393,10138.909966672434,11701.421764085073,51,0.12262074371590917
F1,2025,2,2025-05-15,Synthetic_GP_2,Synthetic_Park,R,AAA,SYN-A,SYN-A,F1,10,90.56408201441371,28.095026701657236,33.50589847618673,28.963156836569752,HARD,Pirelli,10.0,0,1,1,1,False,False,True,False,23.874213823736245,36.20867246729477,45.27439781287667,1012.4786136829882,False,2.9299282031916567,319.51711880275076,0.9797814444851922,2.026919312661815,206.63028390292445,325.64256048542813,63.23875518873958,0.17921915099837238,10489.488208896415,11778.978487695174,48,0.10122461972817713
F1,2025,2,2025-05-15,Synthetic_GP_2,Synthetic_Park,R,AAA,SYN-A,SYN-A,F1,11,90.59565208152101,28.080560336555006,33.52026254940606,28.994829195559937,HARD,Pirelli,11.0,0,1,1,1,False,False,True,False,23.461917742643543,36.450316487326,43.858376754523064,1010.9577322213371,False,3.1949480514753468,338.9269046530137,0.9602515918162203,2.1293688831909967,206.86024105630483,325.6184362474952,68.60627791506643,0.16574541341121055,10581.620376910314,11758.568603760972,45,0.113435650082159
F1,2025,2,2025-05-15,Synthetic_GP_2,Synthetic_Park,R,AAA,SYN-A,SYN-A,F1,12,90.44124533034692,28.06286824196715,33.49707008018591,28.881307008193858,HARD,Pirelli,12.0,0,1,1,1,False,False,True,False,23.64336659824868,36.331508600520294,44.6451954989487,1010.5006222784539,False,3.266710512674674,5.00593936220298,1.054464581467985,2.0736398569237062,208.67111681612545,323.79601052686877,65.59174556944825,0.17729528440640197,10108.026282353385,11629.949110397023,45,0.11860226588557846
F1,2025,2,2025-05-15,Synthetic_GP_2,Synthetic_Park,R,AAA,SYN-A,SYN-A,F1,13,90.42490087080125,28.033416774393512,33.50327171656772,28.88821237984002,HARD,Pirelli,13.0,0,1,1,1,False,False,True,False,23.951362573772553,36.43528598605057,44.16553386402155,1009.2061210023684,False,2.941518618228913,35.9434789940135,0.9818748411929896,1.9172045133423228,206.18361787721778,320.7770594703457,68.20116848963244,0.18562340585623716,10389.522291536277,11934.071526620372,45,0.14873465201061614
F1,2025,2,2025-05-15,Synthetic_GP_2,Synthetic_Park,R,AAA,SYN-A,SYN-A,F1,14,90.49612125467827,28.001836971060655,33.42364668083735,29.070637602780266,HARD,Pirelli,14.0,0,1,1,1,False,False,True,False,23.63801030673654,35.831733838677835,45.122042884087676,1011.4903114408621,False,3.1417698183058738,54.994969436124165,0.926523993946677,2.113443141272054,207.92644216659684,320.00912840545556,63.143820600710875,0.17986437562902888,10494.704097697824,11877.136615831496,47,0.13448063162116827
F1,2025,2,2025-05-15,Synthetic_GP_2,Synthetic_Park,R,AAA,SYN-A,SYN-A,F1,15,89.9966576693171,27.899495472219513,33.3257751380219,28.771387059075685,MEDIUM,Pirelli,1.0,1,1,1,1,False,False,True,False,23.76272943653568,35.19162984620788,44.811104012174475,1009.4012643051001,False,2.757823620913931,72.8883759546498,0.7746963649802049,2.1813936536572793,210.5339106813684,325.0278474244002,67.07123795906399,0.1838358196165962,10461.095750763887,11922.461709202564,46,0.10931319797964203
F1,2025,2,2025-05-15,Synthetic_GP_2,Synthetic_Park,R,AAA,SYN-A,SYN-A,F1,16,90.03658477749603,27.942009898213424,33.225509001822346,28.869065877460258,MEDIUM,Pirelli,2.0,0,1,1,1,False,False,True,False,23.744355698919186,34.74575917144743,43.22033720091183,1009.9785742460788,False,2.8053792119585212,81.58617639298512,0.9350766053572783,2.1320682828469613,211.60901969725177,322.5464218778309,65.88307499049715,0.1941570630809779,10423.796344183767,11837.513806614697,46,0.10505454630543026
F1,2025,2,2025-05-15,Synthetic_GP_2,Synthetic_Park,R,AAA,SYN-A,SYN-A,F1,17,90.07589145318536,27.945623784538792,33.36657408198399,28.763693586662576,MEDIUM,Pirelli,3.0,0,1,1,1,False,False,True,False,23.53541977127535,34.737774321501895,43.893336787699425,1009.0080572102714,False,2.8115302004611546,128.0979413943025,1.16558794251873,1.9143505136736465,211.0578679129614,325.8263119667548,61.04861686303192,0.1711762346824515,10391.484071950406,11730.62100570752,47,0.10644016164087225
F1,2025,2,2025-05-15,Synthetic_GP_2,Synthetic_Park,R,AAA,SYN-A,SYN-A,F1,18,90.34103770616859,28.01324693983756,33.42491889015126,28.902871876179773,MEDIUM,Pirelli,4.0,0,1,1,1,False,False,True,False,23.876247816666893,33.626146638708306,42.31966791761685,1014.0661712646805,False,3.1572224423713977,150.08160088607963,1.1190095196342253,2.1627374669802415,207.89031381955283,323.66959247985216,68.15687110531803,0.1611836057543156,10510.614686095625,11743.86895328018,45,0.06452500061979358
F1,2025,2,2025-05-15,Synthetic_GP_2,Synthetic_Park,R,AAA,SYN-A,SYN-A,F1,19,90.44406866523069,28.047585461735245,33.47604144298435,28.920441760511096,MEDIUM,Pirelli,5.0,0,1,1,1,False,False,True,False,23.575493634566115,34.4027502343654,44.43409821855105,1011.3410853733192,False,2.81895149765778,159.8737035670598,0.9368227576389819,2.146669309224732,205.74971537833989,321.00282235451266,66.7316371647483,0.1854527021203666,10213.377681018112,11831.764782651993,48,0.13468886831346344
F1,2025,2,2025-05-15,Synthetic_GP_2,Synthetic_Park,R,AAA,SYN-A,SYN-A,F1,20,90.39533569041757,28.031202418203115,33.486508646269506,28.877624625944947,MEDIUM,Pirelli,6.0,0,1,1,1,False,False,True,False,23.817313576373994,33.506832837072125,47.00682782987445,1012.9166223827632,False,3.2074205510334877,182.0555208859937,0.9508852257587426,2.0637320039311176,206.79246811931472,321.5749266796358,65.4273214990634,0.19898973608383422,10424.926162307467,11695.49256945026,47,0.10722423049540096
F1,2025,2,2025-05-15,Synthetic_GP_2,Synthetic_Park,R,AAA,SYN-A,SYN-A,F1,21,90.30645243039345,27.99882207240103,33.37838572411548,28.92924463387694,MEDIUM,Pirelli,7.0,0,1,1,1,False,False,True,False,24.087147320580723,32.89257326205818,43.694561347782866,1009.3326722483882,False,3.0507736911875623,230.31570124360144,1.1836846029909054,2.220790519037588,210.04541227858738,324.6234005306122,65.03426647665468,0.17679552721008188,10352.77268694155,11809.886173632603,45,0.09964924707014713
F1,2025,2,2025-05-15,Synthetic_GP_2,Synthetic_Park,R,AAA,SYN-A,SYN-A,F1,22,90.30129630286531,28.057396331434234,33.423216162572935,28.820683808858142,MEDIUM,Pirelli,8.0,0,1,1,1,False,False,True,False,23.7969417151295,32.25131138777235,43.64127531031301,1012.807037304131,False,3.2287704766568193,237.36608880430072,0.8613888822476514,2.151377236733472,210.47467479436122,324.8433797898926,68.40816067243671,0.18798578954606765,10531.864575691803,11652.918600217823,47,0.09146194265439198
F1,2025,2,2025-05-15,Synthetic_GP_2,Synthetic_Park,R,AAA,SYN-A,SYN-A,F1,23,90.37565198712298,28.024130963712864,33.41487566755204,28.936645355858076,HARD,Pirelli,9.0,0,1,1,1,False,False,True,False,23.20061055587621,31.91772244218532,43.47497221888874,1010.6353497843746,False,2.95816238496703,254.10263383087272,1.0595195909800186,2.139038846493013,206.94082561325354,323.31367372282045,66.2533623958594,0.16640093809148487,10398.837507854389,11877.05971294095,48,0.11884337231411368
F1,2025,2,2025-05-15,Synthetic_GP_2,Synthetic_Park,R,AAA,SYN-A,SYN-A,F1,24,90.13249710595242,27.893533460779786,33.29644310506903,28.942520540103608,HARD,Pirelli,10.0,0,1,1,1,False,False,True,False,24.498499452402182,31.420866874058248,43.95503864878251,1010.0147872376426,False,2.943117625712061,263.5856565834466,1.0321131891512312,1.9443913858575939,210.37789891602486,319.026399407094,62.52663849505619,0.19619382194350873,10547.4197978115,11669.0440981767,51,0.1123773424038774
F1,2025,2,2025-05-15,Synthetic_GP_2,Synthetic_Park,R,AAA,SYN-A,SYN-A,F1,25,90.44147335873795,28.04722563786823,33.467603761742154,28.926643959127567,HARD,Pirelli,11.0,0,1,1,1,False,False,True,False,23.514202707924056,30.62647677878258,43.382740751619785,1009.8088331186567,False,3.240701522609177,300.82029013951353,1.1702331294699357,2.1251758972120096,208.8561969718748,324.1268453290166,65.89187436170896,0.17369641718164444,10397.711896216533,11770.732034036722,49,0.12674669870245406
F1,2025,2,2025-05-15,Synthetic_GP_2,Synthetic_Park,R,AAA,SYN-A,SYN-A,F1,26,90.44417377599336,28.05584719163874,33.44188000477032,28.946446579584304,HARD,Pirelli,12.0,0,1,1,1,False,False,True,False,23.89565903936679,31.03716974527532,43.932119932863735,1008.7950831877421,False,2.8314436839818033,305.6735906527914,1.1442804914288571,2.1155543386555777,208.24273276918754,323.95753104494355,69.459079133369,0.1584045478949458,10458.397619302597,11830.864671148798,47,0.10517206915788654
F1,2025,2,2025-05-15,Synthetic_GP_2,Synthetic_Park,R,AAA,SYN-A,SYN-A,F1,27,90.52336166710006,28.078310371420226,33.5193038499394,28.925747445740434,HARD,Pirelli,13.0,0,1,1,1,False,False,True,False,24.183835222347916,29.609504589317513,43.39860976826462,1009.654100550436,False,2.852485463246591,353.0715401255518,0.9916980334764823,2.13730741246255,207.96764817943955,322.21343664125965,62.982729657096,0.17904015211637622,10444.693831481654,11793.461761870618,47,0.11712772096653173
F1,2025,2,2025-05-15,Synthetic_GP_2,Synthetic_Park,R,AAA,SYN-A,SYN-A,F1,28,90.36855586191743,27.991054479382928,33.478011891076385,28.89948949145812,HARD,Pirelli,14.0,0,1,1,1,False,False,True,False,23.858131916162286,29.68261636619055,43.90048350354928,1010.6578962050994,False,3.159259159919369,8.531739299765945,0.961084860840321,2.1288122051609926,207.69892622998753,325.8829886506011,69.45662520210678,0.16785555687223616,10224.676690902015,11477.580005098012,45,0.12305778484824753
F1,2025,2,2025-05-15,Synthetic_GP_2,Synthetic_Park,R,BBB,SYN-A,SYN-A,F1,1,90.23500587166649,28.014699627465568,33.42551340256022,28.7947928416407,MEDIUM,Pirelli,1.0,1,1,2,1,False,False,True,False,23.897978760747797,33.57136170063383,43.78287247860605,1009.3597904564789,False,3.220357330740094,120.20247976486267,1.2746825305063765,1.7671453939095527,210.04804902761134,326.7901092080077,68.58393614213372,0.18008999785304325,10399.955914602533,11830.127608454783,45,0.12151365006989504
F1,2025,2,2025-05-15,Synthetic_GP_2,Synthetic_Park,R,BBB,SYN-A,SYN-A,F1,2,90.00075643743162,27.852589540358757,33.368177125716905,28.779989771355957,MEDIUM,Pirelli,2.0,0,1,2,1,False,False,True,False,23.947313906804002,33.60511389476078,44.115612388921605,1009.8079248159383,False,2.4005871628779447,147.99121395773582,1.2759918352398127,1.7720734603339285,209.1977575164336,326.28657863015127,62.48519063822927,0.18523713867298525,10331.758844543752,11929.870507895206,46,0.12763618153385167
F1,2025,2,2025-05-15,Synthetic_GP_2,Synthetic_Park,R,BBB,SYN-A,SYN-A,F1,3,90.22638232406304,27.990196795511526,33.36230941143499,28.873876117116524,MEDIUM,Pirelli,3.0,0,1,2,1,False,False,True,False,23.37348069313388,33.926545980113715,44.819683011197775,1010.6099054959093,False,3.251614508415201,176.55910639770084,1.281614369479474,1.7571141610370684,209.3667891136308,322.6462478358715,64.35803068588125,0.1686714424893351,10539.47956749019,11788.935331517381,47,0.10061181741342576
F1,2025,2,2025-05-15,Synthetic_GP_2,Synthetic_Park,R,BBB,SYN-A,SYN-A,F1,4,90.2081411795791,27.933921222825035,33.416488857553226,28.85773109920084,MEDIUM,Pirelli,4.0,0,1,2,1,False,False,True,False,23.716112864614377,34.59549860462972,43.34259918695831,1011.8316811453426,False,3.075870959303017,194.41455307476673,1.3623190313456413,1.8464646347648934,208.64937838599118,322.597032580312,69.27578862336536,0.1740119962611435,10354.532014487571,11722.182215039997,51,0.10761133660296615
F1,2025,2,2025-05-15,Synthetic_GP_2,Synthetic_Park,R,BBB,SYN-A,SYN-A,F1,5,90.41864376703975,28.01294618344157,33.49372334574892,28.911974237849265,MEDIUM,Pirelli,5.0,0,1,2,1,False,False,True,False,23.84434425050469,34.37519011443033,42.79638136596722,1009.8532752866452,False,3.1363578792309394,217.91977602908543,1.227151411821189,1.9163738956534144,211.17689933950973,322.6452221187437,66.34298071949156,0.18666151829216246,10229.926612666042,11874.40094031207,47,0.08598851272196349
F1,2025,2,2025-05-15,Synthetic_GP_2,Synthetic_Park,R,BBB,SYN-A,SYN-A,F1,6,90.54416080536039,28.078949546542802,33.53628803740421,28.928923221413378,MEDIUM,Pirelli,6.0,0,1,2,1,False,False,True,False,24.23985148907254,35.047587403395354,43.405746364240606,1010.0495968372306,False,3.1214463170428384,229.88321160138457,1.1183255811886639,1.8837349789464273,207.9684066029812,324.6100021022658,66.44467850453911,0.1820521221570098,10475.37832476914,11888.204815724428,46,0.09283403422609568
F1,2025,2,2025-05-15,Synthetic_GP_2,Synthetic_Park,R,BBB,SYN-A,SYN-A,F1,7,90.5643765735214,28.09695027174969,33.55905237502912,28.90837392674259,MEDIUM,Pirelli,7.0,0,1,2,1,False,False,True,False,23.934706659993708,35.54252996256176,44.27656115572431,1008.7499959193005,False,2.7704278541278593,243.56301742135628,1.3461055221077305,1.8410159235634538,208.24197712994416,321.7078799184709,63.214534982383725,0.16226640062633016,10313.420764704662,11760.93513304358,47,0.11077032184473261
F1,2025,2,2025-05-15,Synthetic_GP_2,Synthetic_Park,R,BBB,SYN-A,SYN-A,F1,8,90.49241242824475,28.037710433360907,33.4296213754346,29.02508061944924,MEDIUM,Pirelli,8.0,0,1,2,1,False,False,True,False,24.37122900140703,35.962228361546664,43.957455347112244,1010.4032689511607,False,3.3430163495562684,275.0173913691682,1.373047360432834,2.0223358478116285,210.3490208902286,323.92777570656193,69.25213767079723,0.1568842730057245,10565.672213706917,11831.62767272367,45,0.09944378732016043
F1,2025,2,2025-05-15,Synthetic_GP_2,Synthetic_Park,R,BBB,SYN-A,SYN-A,F1,9,90.10930570181783,27.936514323557734,33.388309371896995,28.784482006363106,HARD,Pirelli,9.0,0,1,2,1,False,False,True,False,23.813953477683317,36.58285021779764,43.326124995431215,1009.0957891310104,False,2.524330182250123,317.2193929689865,1.2751468655619203,1.7909619707045727,210.3980395411268,323.5252860301166,65.88114713628244,0.1673855898389513,10212.508485306927,11914.494284217177,45,0.08777329840204222
F1,2025,2,2025-05-15,Synthetic_GP_2,Synthetic_Park,R,BBB,SYN-A,SYN-A,F1,10,90.41832384497279,28.025607039075606,33.38597974741469,29.006737058482493,HARD,Pirelli,10.0,0,1,2,1,False,False,True,False,23.553757913499513,37.31829469678057,42.69852988935656,1010.0495640854981,False,2.760469415893584,331.12873014118605,1.3045536985207762,1.9955517972019057,207.24577198927514,323.99740585234633,60.241093156586295,0.16373151186160712,10283.72847906024,11769.460565083491,47,0.11076240487270796
F1,2025,2,2025-05-15,Synthetic_GP_2,Synthetic_Park,R,BBB,SYN-A,SYN-A,F1,11,90.22374377547594,27.940150971800264,33.36877126070896,28.914821542966713,HARD,Pirelli,11.0,0,1,2,1,False,False,True,False,23.291734808443703,36.50571171554087,41.76367804864234,1008.2018377855741,False,3.1928752336365602,338.8583433053543,1.3983697934762807,1.7369285373187078,207.09511134607936,323.5508367746764,66.37187195049987,0.17613394797493306,10702.5250882603,11662.109101260061,51,0.11581707014869029
F1,2025,2,2025-05-15,Synthetic_GP_2,Synthetic_Park,R,BBB,SYN-A,SYN-A,F1,12,90.70085161629122,28.105949710517905,33.54804291704162,29.046858988731692,HARD,Pirelli,12.0,0,1,2,1,False,False,True,False,23.50442991418181,37.4336389652385,43.70215082199922,1012.2621002667961,False,3.0686083885356052,17.634025691213367,1.2441938541484021,1.9700460638766903,208.76050210166082,324.0871903031997,66.46725387901378,0.168781468563325,10233.614333044314,11841.2451979854,50,0.054107218859896486
F1,2025,2,2025-05-15,Synthetic_GP_2,Synthetic_Park,R,BBB,SYN-A,SYN-A,F1,13,90.4769057716961,28.044034869098585,33.47222722237139,28.960643680226127,HARD,Pirelli,13.0,0,1,2,1,False,False,True,False,23.922448130109807,35.779090636713576,42.31480208577793,1009.2460098913367,False,3.403193803682901,44.16037401877787,1.346992171231867,2.015273088667674,207.09495044720305,323.14617254133066,66.19080017334416,0.18123626826706415,10309.134257816755,11861.6035397698,51,0.09015722501272327
F1,2025,2,2025-05-15,Synthetic_GP_2,Synthetic_Park,R,BBB,SYN-A,SYN-A,F1,14,90.45061385636993,28.01107121754532,33.46216474305798,28.977377895766622,HARD,Pirelli,14.0,0,1,2,1,False,False,True,False,23.238337977821544,36.159390585934545,43.48744832622801,1009.8197212086196,False,2.8996912796991015,51.87059629313103,1.2786903595044445,1.7658880329438118,208.93101808056116,323.0299540611105,60.42518915756029,0.18638959237370942,10524.650171393268,11797.723578128134,47,0.09051878329282724
F1,2025,2,2025-05-15,Synthetic_GP_2,Synthetic_Park,R,BBB,SYN-A,SYN-A,F1,15,90.13792454329999,27.9221959148036,33.345923997583505,28.86980463091289,MEDIUM,Pirelli,1.0,1,1,2,1,False,False,True,False,23.595759480719178,36.22604103194858,45.33679469211111,1009.6092061829697,False,2.9315753961957367,68.89581681543439,1.2541485187422898,1.8477410372755887,210.0263181676734,323.77360691597244,66.0004793547297,0.18538102560686068,10474.952225738016,11828.567243964126,45,0.1102605320273142
F1,2025,2,2025-05-15,Synthetic_GP_2,Synthetic_Park,R,BBB,SYN-A,SYN-A,F1,16,90.1605253203899,27.950954676556496,33.37035629833955,28.83921434549385,MEDIUM,Pirelli,2.0,0,1,2,1,False,False,True,False,23.920524451694586,35.7859012425357,44.831219319742374,1012.1851741569561,False,2.9520326546673052,85.74518088445433,1.1715191240617784,1.675170780368122,209.14684943262154,322.6420134187392,64.65539089373661,0.18031155917463743,10484.658051590473,12067.809269885807,49,0.08406293482280908
F1,2025,2,2025-05-15,Synthetic_GP_2,Synthetic_Park,R,BBB,SYN-A,SYN-A,F1,17,90.25167795984567,27.97722819257568,33.42585625241833,28.848593514851657,MEDIUM,Pirelli,3.0,0,1,2,1,False,False,True,False,23.783420375494668,34.28778015577278,42.545608040125515,1010.1813490243235,False,2.8129177634499443,129.13670991777508,1.2952975478436923,1.8764796253850784,206.3071712189625,321.0417572084605,65.15389287136256,0.1790043735500653,10494.021584326438,11728.677342845302,45,0.06826772789381814
F1,2025,2,2025-05-15,Synthetic_GP_2,Synthetic_Park,R,BBB,SYN-A,SYN-A,F1,18,90.36488542451546,28.048431782696547,33.44061218273223,28.875841459086686,MEDIUM,Pirelli,4.0,0,1,2,1,False,False,True,False,24.028512402528076,34.567997945296256,43.108359394812034,1009.7124711324961,False,2.9283602033531353,140.98043054390547,1.3266734991906322,1.9263539509310763,208.04920966721588,323.50170666573325,64.92830359450012,0.1767110700230125,10299.716695736939,11715.023627347748,50,0.1004919411328152
F1,2025,2,2025-05-15,Synthetic_GP_2,Synthetic_Park,R,BBB,SYN-A,SYN-A,F1,19,90.4805261722578,28.05783411486252,33.51470097551319,28.907991081882088,MEDIUM,Pirelli,5.0,0,1,2,1,False,False,True,False,24.024642948070696,33.57745622018032,42.837838875047886,1008.5056081425557,False,3.0174607295918365,153.85432042986906,1.3037337725838203,1.7889360812710144,208.71598189903492,321.9862060502359,64.0134528456849,0.17701569663413966,10411.705932732546,11820.671920585886,49,0.10686300256021172
F1,2025,2,2025-05-15,Synthetic_GP_2,Synthetic_Park,R,BBB,SYN-A,SYN-A,F1,20,90.40165459359011,28.045865087815184,33.46107314817578,28.894716357599144,MEDIUM,Pirelli,6.0,0,1,2,1,False,False,True,False,23.77382314231119,33.36511737158317,43.75477064626202,1010.0060923189714,False,2.9272090251996423,185.4397659483817,1.3299568332521754,1.8237115102885393,206.9569050956095,322.55883060708237,65.82136598933371,0.1859194741762203,10422.469801826735,11748.172438128666,47,0.10912755232369885
F1,2025,2,2025-05-15,Synthetic_GP_2,Synthetic_Park,R,BBB,SYN-A,SYN-A,F1,21,90.5734950937056,28.07940982125522,33.50915219593929,28.98493307651109,MEDIUM,Pirelli,7.0,0,1,2,1,False,False,True,False,23.52476040887162,33.3608891714757,44.63404445688416,1009.2660983703541,False,2.9412954331880945,235.6067879740765,1.4932126963667165,1.8849095105325344,205.359076554711,322.4541599119196,65.9900218395655,0.18046707231853806,10281.94314399287,11810.625564602284,50,0.08175477978123694
F1,2025,2,2025-05-15,Synthetic_GP_2,Synthetic_Park,R,BBB,SYN-A,SYN-A,F1,22,90.78333334721307,28.10586281521435,33.58753225984844,29.089938272150285,MEDIUM,Pirelli,8.0,0,1,2,1,False,False,True,False,23.01516943700169,32.08239507993814,42.389290068114846,1011.5360265047093,False,3.2008362416625094,238.44423808994452,1.3313827794564066,1.8583522754030164,206.23172509166685,324.1616606853322,65.14215110664878,0.18935545494179193,10358.641743931237,11905.79869141031,49,0.11365599131727824
F1,2025,2,2025-05-15,Synthetic_GP_2,Synthetic_Park,R,BBB,SYN-A,SYN-A,F1,23,90.11582051631201,27.975164051047415,33.33374116211743,28.80691530314717,HARD,Pirelli,9.0,0,1,2,1,False,False,True,False,23.476261877997572,31.73923480919416,42.53550998381167,1010.5037836633174,False,2.6272305815505845,254.79332779569643,1.182316455891603,1.8542850237002357,207.46335493253082,322.50182910569146,68.29431458248234,0.18862169287912078,10516.839945830621,11756.53826613193,47,0.10875335494029642
F1,2025,2,2025-05-15,Synthetic_GP_2,Synthetic_Park,R,BBB,SYN-A,SYN-A,F1,24,90.22317155007623,27.98271632471957,33.38071125487131,28.859743970485354,HARD,Pirelli,10.0,0,1,2,1,False,False,True,False,23.92782040378907,31.125881976009428,44.26499576270146,1008.4464424246535,False,2.6832580313269183,277.9526360937941,1.3952729418680625,1.836219119394066,209.06131377216488,324.62092062302406,64.61679825674494,0.17322347486105943,10409.019667752373,11898.11638737985,48,0.08498803369744222
F1,2025,2,2025-05-15,Synthetic_GP_2,Synthetic_Park,R,BBB,SYN-A,SYN-A,F1,25,90.55918579612833,28.07412173757957,33.53107574088008,28.95398831766868,HARD,Pirelli,11.0,0,1,2,1,False,False,True,False,23.657533815001784,30.259679554823716,43.746510447771755,1009.1262739186782,False,2.892269222569256,303.21350429728045,1.231263013439499,1.916274243220991,209.07813144628614,327.04661499705895,61.500033090170824,0.17412743678060288,10497.27973144103,11723.838149259569,49,0.11437432365410168
F1,2025,2,2025-05-15,Synthetic_GP_2,Synthetic_Park,R,BBB,SYN-A,SYN-A,F1,26,90.53367367347485,28.056876569101988,33.50874913590883,28.968047968464035,HARD,Pirelli,12.0,0,1,2,1,False,False,True,False,23.669013453543116,29.438535635471656,44.35899320468966,1010.3193626806219,False,2.78809511908799,321.5107895797214,1.205544940603283,1.9849987698259954,207.19760650176408,322.5044300700442,68.21884296395332,0.20044595914556726,10596.02098268257,11798.795971028218,50,0.11308049045285416
F1,2025,2,2025-05-15,Synthetic_GP_2,Synthetic_Park,R,BBB,SYN-A,SYN-A,F1,27,90.53763696443927,28.110695784460873,33.55082154474381,28.876119635234588,HARD,Pirelli,13.0,0,1,2,1,False,False,True,False,23.890342224678182,29.55764458565845,43.217859120124366,1008.6793013162985,False,2.569872177960895,341.4885032617939,1.37435858986561,1.9628922224131324,205.74126426212496,323.25164897678826,66.12433070651913,0.1624510743314893,10684.478628316543,11733.890272328608,47,0.11665551532621048
F1,2025,2,2025-05-15,Synthetic_GP_2,Synthetic_Park,R,BBB,SYN-A,SYN-A,F1,28,90.65326243210491,28.130808878594625,33.566659747225316,28.955793806284973,HARD,Pirelli,14.0,0,1,2,1,False,False,True,False,24.046686740271767,28.747985986935102,45.39944887051351,1008.6716585468687,False,2.9900281915617106,2.152885026503668,1.2478693156765346,1.5931767105435481,205.96317891955076,320.4862242986877,65.63998541912018,0.17368940849233405,10296.235581869563,11884.93902313373,46,0.11652360100792837
F1,2025,2,2025-05-15,Synthetic_GP_2,Synthetic_Park,R,CCC,SYN-B,SYN-B,F1,1,90.26282492425592,27.95664290706948,33.41420693318285,28.891975084003597,MEDIUM,Pirelli,1.0,1,1,3,1,False,False,True,False,23.75331320722132,33.164779971691914,43.607453548283345,1009.915149817593,False,2.794735794763926,128.91730166712637,1.490459074556599,1.6549027037185464,210.01360964201893,321.6032624606265,65.77108903423743,0.17079775186464805,10626.480467259962,11942.88066396034,50,0.08779305100025032
F1,2025,2,2025-05-15,Synthetic_GP_2,Synthetic_Park,R,CCC,SYN-B,SYN-B,F1,2,90.60797721349924,28.096162865372488,33.479477197672665,29.032337150454083,MEDIUM,Pirelli,2.0,0,1,3,1,False,False,True,False,23.980529766785924,33.304258312461926,45.199634237171516,1009.5775781294401,False,2.986968566160872,139.55554418333134,1.5067231485308914,1.6215166214121939,207.03857653547772,325.016341322506,67.93552279868383,0.17150881986545616,10327.42912107184,11866.249924363226,50,0.10369519347442452
F1,2025,2,2025-05-15,Synthetic_GP_2,Synthetic_Park,R,CCC,SYN-B,SYN-B,F1,3,90.62511731590767,28.142757620970478,33.52720336546576,28.955156329471436,MEDIUM,Pirelli,3.0,0,1,3,1,False,False,True,False,24.43176163413457,33.696286128664624,41.55396700387423,1010.2288154820358,False,2.844397193899421,164.61279031059246,1.5710498463980893,1.6363256244674347,206.93419160111026,327.8571863190885,64.68756777839049,0.1780514360823035,10391.084791808002,11599.285921356031,48,0.10882491877558943
F1,2025,2,2025-05-15,Synthetic_GP_2,Synthetic_Park,R,CCC,SYN-B,SYN-B,F1,4,90.60798227972637,28.045722972880462,33.54795066896196,29.01430863788395,MEDIUM,Pirelli,4.0,0,1,3,1,False,False,True,False,23.722966449467826,33.42702667251403,44.15792618343922,1010.1998819471711,False,2.7866955605127943,201.31415014465546,1.4460990885356235,1.468041006318782,207.21293923620695,321.06836607957314,65.70487122924958,0.17869648668068527,10571.206018695304,11946.884512612241,51,0.11251152355685964
F1,2025,2,2025-05-15,Synthetic_GP_2,Synthetic_Park,R,CCC,SYN-B,SYN-B,F1,5,90.75803952618206,28.127049836884538,33.56061264376942,29.070377045528105,MEDIUM,Pirelli,5.0,0,1,3,1,False,False,True,False,24.343655702489684,34.7745061149301,44.05558071531721,1008.8164748411681,False,3.2413456019208686,211.28110247484253,1.5895099676624145,1.639324125821635,207.3433134991321,327.026986708031,62.363029075637925,0.18071287854915347,10481.410362656618,11766.959253438898,51,0.12012163638111094
F1,2025,2,2025-05-15,Synthetic_GP_2,Synthetic_Park,R,CCC,SYN-B,SYN-B,F1,6,90.86185710089511,28.13690373564254,33.59221020983768,29.132743155414886,MEDIUM,Pirelli,6.0,0,1,3,1,False,False,True,False,23.679830504345535,35.45672981851254,43.79442846843589,1011.5756288819747,False,2.9457671525410714,229.44683134497612,1.546120964009202,1.5153859049050489,204.4062923471049,324.51289644117986,65.20053582189794,0.18318686850102642,10377.74281021243,11834.330720565617,46,0.1136038407812037
F1,2025,2,2025-05-15,Synthetic_GP_2,Synthetic_Park,R,CCC,SYN-B,SYN-B,F1,7,90.85088911172271,28.167049292467556,33.651510206629716,29.03232961262544,MEDIUM,Pirelli,7.0,0,1,3,1,False,False,True,False,24.220038937401277,34.533548358952345,44.95590611080546,1011.3950435586316,False,2.652194491655923,265.78800395641605,1.7912957843397181,1.7037500930939515,207.85744104548115,321.85177509826707,63.56009842404388,0.1879677061129153,10187.983667955978,11766.495040817688,51,0.09658265077933383
F1,2025,2,2025-05-15,Synthetic_GP_2,Synthetic_Park,R,CCC,SYN-B,SYN-B,F1,8,91.13537272181152,28.31035925048736,33.71635662084844,29.108656850475725,MEDIUM,Pirelli,8.0,0,1,3,1,False,False,True,False,23.891553926822017,36.48410009604977,43.785312050889026,1011.6449924685361,False,3.213131169092186,277.87435975053927,1.4132916370610402,1.480520205112891,205.06277337980646,321.04336207174646,62.920178551551764,0.17994972333961473,10436.488711451962,11797.183935206684,47,0.1094333994128036
F1,2025,2,2025-05-15,Synthetic_GP_2,Synthetic_Park,R,CCC,SYN-B,SYN-B,F1,9,91.04820437138319,28.23661434139358,33.725444827451305,29.08614520253831,HARD,Pirelli,9.0,0,1,3,1,False,False,True,False,24.105962273305988,36.473343940248796,45.1814439186788,1009.9326035017623,False,2.9656473717871306,303.12104736967393,1.5387592033720567,1.5977499168160993,204.9665382521693,323.8064452036708,65.14282578073993,0.1986429523218763,10215.973675460596,11882.11166750765,49,0.11559482422446765
F1,2025,2,2025-05-15,Synthetic_GP_2,Synthetic_Park,R,CCC,SYN-B,SYN-B,F1,10,90.78543661426014,28.143973743256666,33.613668404905,29.02779446609847,HARD,Pirelli,10.0,0,1,3,1,False,False,True,False,23.819845708589213,35.791814640603604,44.06587405583304,1007.538405537961,False,2.8090882124338674,315.69235636283946,1.6430339332143835,1.5549348349792058,208.98641021114483,323.01366417551486,66.59886185076802,0.1874961961774002,10449.563285676219,11797.305746688837,49,0.13960328563741844
F1,2025,2,2025-05-15,Synthetic_GP_2,Synthetic_Park,R,CCC,SYN-B,SYN-B,F1,11,91.12003263837069,28.24137753381088,33.66337208235767,29.215283022202144,HARD,Pirelli,11.0,0,1,3,1,False,False,True,False,23.7971734360107,36.33116164092086,45.07708993362012,1011.706782597689,False,2.72727575337072,339.8135728461916,1.525679116422578,1.4751523875989374,206.48820127998098,322.88482266915236,66.66188688536165,0.1742373875510065,10285.874842398389,11848.729853792383,49,0.10676935713294443
F1,2025,2,2025-05-15,Synthetic_GP_2,Synthetic_Park,R,CCC,SYN-B,SYN-B,F1,12,91.02194193537343,28.269135313807848,33.68792890613606,29.064877715429525,HARD,Pirelli,12.0,0,1,3,1,False,False,True,False,23.478823480939102,35.40073908729556,43.68054050179337,1007.7633359568046,False,2.847827602079035,10.515798586887854,1.5329666823632613,1.6986077586547803,207.04107738238048,320.212917958363,68.50473942578783,0.18503035315459174,10414.349562937887,11786.986226980225,51,0.08760942951872303
F1,2025,2,2025-05-15,Synthetic_GP_2,Synthetic_Park,R,CCC,SYN-B,SYN-B,F1,13,90.91708513219547,28.134285389456494,33.64336917958084,29.139430563158136,HARD,Pirelli,13.0,0,1,3,1,False,False,True,False,23.644452138822928,35.51696062911909,43.57438492188126,1011.5229440558314,False,3.286486247881652,23.126982368997176,1.7795735789320493,1.6487345049584246,206.13760952210322,321.33994632702087,66.3854757990535,0.18247947342775486,10390.054968551944,11695.624501132124,45,0.08666669788302973
F1,2025,2,2025-05-15,Synthetic_GP_2,Synthetic_Park,R,CCC,SYN-B,SYN-B,F1,14,90.99324457885832,28.18969131666581,33.693232078532525,29.110321183659984,HARD,Pirelli,14.0,0,1,3,1,False,False,True,False,23.707649273317013,35.786540765774724,41.5333480942348,1009.995950163634,False,3.1386028902062453,68.93794921776822,1.620672483755569,1.5447197283948797,203.97472266657988,322.8180467412216,64.35412078750001,0.17430488359807794,10478.84481880102,11715.24218947282,51,0.09874383165854911
F1,2025,2,2025-05-15,Synthetic_GP_2,Synthetic_Park,R,CCC,SYN-B,SYN-B,F1,15,90.26354918974184,27.927084832848085,33.405051928493016,28.93141242840074,MEDIUM,Pirelli,1.0,1,1,3,1,False,False,True,False,23.937836012826327,35.22251235171646,43.624133578992904,1009.2714629147865,False,2.7931312353645494,77.33124825436704,1.6297849581644528,1.4664856316073256,211.3932983654061,323.18826608085067,66.32760851357138,0.1852110693388548,10305.83827121163,11980.759509834177,50,0.1383058803993953
F1,2025,2,2025-05-15,Synthetic_GP_2,Synthetic_Park,R,CCC,SYN-B,SYN-B,F1,16,90.3729040220779,28.039022033772007,33.41728414307361,28.91659784523229,MEDIUM,Pirelli,2.0,0,1,3,1,False,False,True,False,24.018132202560388,34.70159709439764,45.24854600154323,1009.1394847466858,False,3.508543150134738,95.96863566029037,1.512209199435931,1.6706205282322015,206.79618796281517,323.3245467000621,67.26405881071622,0.18799174996139473,10350.40285625328,11865.274751871893,47,0.132709464472872
F1,2025,2,2025-05-15,Synthetic_GP_2,Synthetic_Park,R,CCC,SYN-B,SYN-B,F1,17,90.65860599536025,28.1109785348016,33.5051307353874,29.042496725171247,MEDIUM,Pirelli,3.0,0,1,3,1,False,False,True,False,23.84414993700677,35.68934156566479,43.739717537818514,1009.6984729107221,False,2.7765295211687735,115.91971652438616,1.5428145783489406,1.5410816033751171,206.61527736149796,323.63793049979205,64.13418621578685,0.18436303557585776,10266.133616830286,11819.414618814086,50,0.13214613871364242
F1,2025,2,2025-05-15,Synthetic_GP_2,Synthetic_Park,R,CCC,SYN-B,SYN-B,F1,18,90.67294856158875,28.138531514102905,33.56881722505709,28.965599822428757,MEDIUM,Pirelli,4.0,0,1,3,1,False,False,True,False,24.178242463010047,34.704853438128666,43.19603141669695,1008.2349107933526,False,2.685485108119701,130.92665002760714,1.7017494937835211,1.6684301403635362,208.09065821709697,321.9457086311212,61.15107145188919,0.17236172335742905,10382.39639354966,11948.504483163231,49,0.11390405643018985
F1,2025,2,2025-05-15,Synthetic_GP_2,Synthetic_Park,R,CCC,SYN-B,SYN-B,F1,19,90.92170559169459,28.16495032652794,33.65230322970198,29.104452035464668,MEDIUM,Pirelli,5.0,0,1,3,1,False,False,True,False,24.24929825797661,33.822114377250166,45.46611241849545,1008.6100102818759,False,3.0874200173613393,167.64406031593137,1.646473180289564,1.7042382590207086,205.53553844101825,326.5412586247707,67.46023904159308,0.19076015559133425,10377.203497330504,11656.437797285178,49,0.11751919655662675
F1,2025,2,2025-05-15,Synthetic_GP_2,Synthetic_Park,R,CCC,SYN-B,SYN-B,F1,20,90.89034747077139,28.222947763336425,33.62430743354242,29.043092273892547,MEDIUM,Pirelli,6.0,0,1,3,1,False,False,True,False,24.346378684202204,33.038835715074,45.15717387175351,1009.6720540450865,False,2.95248585776279,198.19844681059135,1.60140345300437,1.7096783098077644,207.4013524720051,326.6516413434941,66.24496373182777,0.182870582143896,10291.142757848056,11780.199086964123,46,0.11954410190886242
F1,2025,2,2025-05-15,Synthetic_GP_2,Synthetic_Park,R,CCC,SYN-B,SYN-B,F1,21,90.89902404063335,28.170841888869848,33.60389087973512,29.124291272028387,MEDIUM,Pirelli,7.0,0,1,3,1,False,False,True,False,23.67730397916107,32.169853689160156,42.9389266413731,1010.0338647671032,False,3.048582604106288,213.84636958315355,1.7456221673261794,1.5750373575564223,203.94002112994798,322.88394045322593,65.16280191271431,0.1692946414023868,10533.008327878992,11868.283642566112,45,0.08642632865185268
F1,2025,2,2025-05-15,Synthetic_GP_2,Synthetic_Park,R,CCC,SYN-B,SYN-B,F1,22,90.814726566686,28.13547305726926,33.56977105491449,29.109482454502256,MEDIUM,Pirelli,8.0,0,1,3,1,False,False,True,False,23.54975092026086,32.839449017317826,43.962462078695324,1013.7348445927321,False,2.7558135182726375,231.50769877565688,1.6219797852987075,1.664726290610118,209.31198500866347,324.10541205528875,66.0271574283287,0.17922999476212068,10356.240075742358,11876.020695661977,46,0.08670801089824332
F1,2025,2,2025-05-15,Synthetic_GP_2,Synthetic_Park,R,CCC,SYN-B,SYN-B,F1,23,90.81021991824812,28.18958537404906,33.598695649457206,29.021938894741858,HARD,Pirelli,9.0,0,1,3,1,False,False,True,False,24.00497166413696,31.229930362180607,42.66476031673419,1009.1684237962438,False,3.389246912249231,248.97247744663014,1.6502222196575784,1.6673081588033978,206.80125995821524,321.33102443947655,67.27719095206851,0.18941054463906162,10459.874719943407,11728.977770393536,45,0.13640134838801082
F1,2025,2,2025-05-15,Synthetic_GP_2,Synthetic_Park,R,CCC,SYN-B,SYN-B,F1,24,90.97571996729518,28.222506480488963,33.64282060453117,29.11039288227505,HARD,Pirelli,10.0,0,1,3,1,False,False,True,False,23.277058885984584,30.838109792064667,43.333356645162894,1010.0035210212793,False,3.0068020320860698,283.0551024429774,1.5027130532532045,1.4292012566672347,207.04768368510682,324.9404023967938,62.89409440064134,0.19210312802337415,10682.725201107301,11804.280189677067,48,0.09400090652816401
F1,2025,2,2025-05-15,Synthetic_GP_2,Synthetic_Park,R,CCC,SYN-B,SYN-B,F1,25,90.80474472249227,28.13103095053358,33.63108258638268,29.042631185576006,HARD,Pirelli,11.0,0,1,3,1,False,False,True,False,23.60735235063037,30.231200249098723,44.37660174489245,1008.7897310668242,False,3.2429119079254036,289.2650780505047,1.5714275859038374,1.616855052941982,208.0457314607002,319.57601247756605,64.98309019719031,0.18142261889064434,10226.162371515766,11821.28256798032,46,0.09948908764319828
F1,2025,2,2025-05-15,Synthetic_GP_2,Synthetic_Park,R,CCC,SYN-B,SYN-B,F1,26,90.78454055162003,28.160752640829923,33.60830241849885,29.015485492291248,HARD,Pirelli,12.0,0,1,3,1,False,False,True,False,23.53229569371074,30.53420262317485,44.41569851525419,1012.3354660048375,False,2.9409215711936776,325.495080295054,1.4547886329935433,1.593673946218306,208.35183890572944,320.9383382321785,67.8917955380106,0.1931949215239522,10363.585663304055,11824.03272499873,49,0.13536498365738983
F1,2025,2,2025-05-15,Synthetic_GP_2,Synthetic_Park,R,CCC,SYN-B,SYN-B,F1,27,90.71978599761219,28.13168664012519,33.57284425472717,29.01525510275983,HARD,Pirelli,13.0,0,1,3,1,False,False,True,False,23.764537637296062,29.677776808514896,42.42639361166522,1011.1606962340788,False,2.8311073987153543,346.7456867332776,1.5286778096377986,1.7342325142323567,206.95413663474682,322.17273130097004,67.9704072354834,0.17446828219132104,10433.70219867162,11768.803592967784,51,0.0901013686918425
F1,2025,2,2025-05-15,Synthetic_GP_2,Synthetic_Park,R,CCC,SYN-B,SYN-B,F1,28,90.77379603596367,28.132232853368787,33.59681875919373,29.04474442340115,HARD,Pirelli,14.0,0,1,3,1,False,False,True,False,24.22441724036802,28.871678918332325,44.787068820785315,1011.3618282921951,False,2.99283744210018,359.06580210548043,1.7406514387711949,1.6378091398346686,208.49713026881358,321.64502277982405,65.34492397393782,0.19485538573071903,10414.615342130683,11936.979912651348,47,0.07958791556948432
F1,2025,2,2025-05-15,Synthetic_GP_2,Synthetic_Park,R,DDD,SYN-B,SYN-B,F1,1,90.64600520998125,28.03416253610933,33.52212422428382,29.089718449588098,MEDIUM,Pirelli,1.0,1,1,4,1,False,False,True,False,23.571150036687833,32.53767177502588,44.25941372584452,1008.3466971951345,False,2.812142641109322,116.82214985530246,1.895671189690569,1.2655412578211596,207.8843913080265,322.347791240621,66.48022966103488,0.18459833400253833,10455.607463792798,11727.871122248373,51,0.11650965584118265
F1,2025,2,2025-05-15,Synthetic_GP_2,Synthetic_Park,R,DDD,SYN-B,SYN-B,F1,2,90.71728975859281,28.1087723927275,33.54153823223048,29.06697913363483,MEDIUM,Pirelli,2.0,0,1,4,1,False,False,True,False,24.19220615403011,33.017873707366334,43.62508428914277,1009.6189171158737,False,3.477581447586441,155.66316401968356,2.0328553499637234,1.3692721602996043,205.8514874419381,322.8781777933779,66.86329436946632,0.17713998124226307,10243.710406096216,11657.466163092959,46,0.13813525332278714
F1,2025,2,2025-05-15,Synthetic_GP_2,Synthetic_Park,R,DDD,SYN-B,SYN-B,F1,3,90.74962878145215,28.129382983670126,33.580585000104335,29.039660797677683,MEDIUM,Pirelli,3.0,0,1,4,1,False,False,True,False,24.275728865724684,33.7371013888595,45.875241803004194,1012.2479192053132,False,3.074540368995655,177.2147022195101,1.8934146489105195,1.4408168300907633,206.87297491881466,323.29539030285133,67.28335793038082,0.19828117696347447,10206.414626644722,11917.363265058091,50,0.11450394715928706
F1,2025,2,2025-05-15,Synthetic_GP_2,Synthetic_Park,R,DDD,SYN-B,SYN-B,F1,4,90.97695352099123,28.196707430915556,33.60746049670825,29.17278559336743,MEDIUM,Pirelli,4.0,0,1,4,1,False,False,True,False,23.669013553368465,34.21029926627043,42.696535412857834,1012.3787012295121,False,2.351777215918834,210.06212425428745,1.94594896144862,1.184127525720244,206.97159183096372,322.0320230853964,66.58348773292778,0.17958767514359308,10546.561620858574,11707.292763735528,50,0.09791017508428101
F1,2025,2,2025-05-15,Synthetic_GP_2,Synthetic_Park,R,DDD,SYN-B,SYN-B,F1,5,91.03523644860181,28.179474829495934,33.645702776459146,29.21005884264673,MEDIUM,Pirelli,5.0,0,1,4,1,False,False,True,False,24.14448207063333,33.604344166926005,44.659263031718325,1007.9058601054351,False,2.8988535499060677,200.95502053394088,1.8077274972717836,1.2431386966805686,202.85592568363083,325.2161077862091,67.44800563664762,0.18088361222579033,10327.61350958267,11796.539710611234,50,0.11812004689541435
F1,2025,2,2025-05-15,Synthetic_GP_2,Synthetic_Park,R,DDD,SYN-B,SYN-B,F1,6,91.12984077561114,28.198555367739772,33.67969368245589,29.25159172541548,MEDIUM,Pirelli,6.0,0,1,4,1,False,False,True,False,23.649239440738064,34.76063573285713,44.34469807061072,1008.9147017143378,False,2.7826097121259856,225.92154438066993,1.8861488828403514,1.0276138745700432,203.56703182418283,321.9976401468759,68.81913377957294,0.19196133119246775,10515.12416163677,11791.738901754446,50,0.11437781811706685
F1,2025,2,2025-05-15,Synthetic_GP_2,Synthetic_Park,R,DDD,SYN-B,SYN-B,F1,7,91.05530988280644,28.253301727704052,33.70006124413878,29.101946910963605,MEDIUM,Pirelli,7.0,0,1,4,1,False,False,True,False,23.296138624626558,35.287124242256276,44.35988144217397,1009.3600876806048,False,3.270692596883912,261.40277935299247,1.7191492882445158,1.3992043632550026,207.31301416796404,324.78773732592947,64.43168309479205,0.18237658918843855,10494.679759387502,11524.74348766341,50,0.12570196775675804
F1,2025,2,2025-05-15,Synthetic_GP_2,Synthetic_Park,R,DDD,SYN-B,SYN-B,F1,8,91.2312877463084,28.261636336923022,33.74569212922017,29.22395928016521,MEDIUM,Pirelli,8.0,0,1,4,1,False,False,True,False,23.448733766455383,35.73853161303972,42.4039478103174,1008.5683101969989,False,3.8436191246460734,278.3520451643823,1.8919297817297351,1.3293239551003246,205.90974743474072,323.969723266145,67.73702461838894,0.17817036421835614,10584.157503849927,11751.497761765693,48,0.10211151005506792
F1,2025,2,2025-05-15,Synthetic_GP_2,Synthetic_Park,R,DDD,SYN-B,SYN-B,F1,9,90.68919448931928,28.156452438881765,33.58004499258818,28.952697057849335,HARD,Pirelli,9.0,0,1,4,1,False,False,True,False,23.72137734486879,36.08093317578815,44.788717174224125,1010.5908500192195,False,2.2761031187070637,288.6129971709302,1.7204374006703547,1.3186776386645074,206.02232567288485,326.0075021885384,67.31782807183029,0.2017242526941202,10334.945132303324,11917.310980588847,50,0.11653297441712732
F1,2025,2,2025-05-15,Synthetic_GP_2,Synthetic_Park,R,DDD,SYN-B,SYN-B,F1,10,91.03690729074223,28.2304454139024,33.659237253519905,29.14722462331993,HARD,Pirelli,10.0,0,1,4,1,False,False,True,False,24.03631374352768,36.29205346605982,45.35416039587595,1011.089679285084,False,3.0174309812172377,328.13657467552895,1.9342702277235893,1.3498122159901362,207.2345018212113,321.672448615111,64.1015067931898,0.1688077344255901,10297.13896625474,11894.83688390859,51,0.11899924018540359
F1,2025,2,2025-05-15,Synthetic_GP_2,Synthetic_Park,R,DDD,SYN-B,SYN-B,F1,11,91.38800530948645,28.30999504831528,33.827740303860026,29.25026995731114,HARD,Pirelli,11.0,0,1,4,1,False,False,True,False,23.50887369582062,35.48185942962613,45.37823951853152,1013.4349997093567,False,3.4291617000495624,354.0396715648444,1.9474823438013198,1.3966845539223254,203.357506207619,323.8356690326232,64.68987353765293,0.17985874551764205,10104.217907114044,11759.475274820832,51,0.1270478073873693
F1,2025,2,2025-05-15,Synthetic_GP_2,Synthetic_Park,R,DDD,SYN-B,SYN-B,F1,12,91.10546472756862,28.236590981549174,33.678009759755454,29.19086398626399,HARD,Pirelli,12.0,0,1,4,1,False,False,True,False,23.899611772648306,36.86598844467435,43.01363059415357,1010.4081867125914,False,2.7356207073216696,15.514854475999016,1.988389204041169,1.2616632177978235,205.88873849894728,323.0732792437801,63.25842417693719,0.18300942825761754,10410.200489856219,11769.585419509178,46,0.12972982209253836
F1,2025,2,2025-05-15,Synthetic_GP_2,Synthetic_Park,R,DDD,SYN-B,SYN-B,F1,13,91.07102416996689,28.21727212803367,33.72778125479393,29.125970787139288,HARD,Pirelli,13.0,0,1,4,1,False,False,True,False,24.297293149143393,35.42677268024505,44.49182380856639,1010.6059693990518,False,3.1658571984097263,33.877658702011445,1.8728193306380756,1.4440062311593251,205.65179524498876,324.4916834009679,63.53268716159734,0.20072832255958722,10548.729286577298,11892.926523094871,47,0.1106020060686604
F1,2025,2,2025-05-15,Synthetic_GP_2,Synthetic_Park,R,DDD,SYN-B,SYN-B,F1,14,91.22984060539152,28.313006693311422,33.72020022105883,29.196633691021262,HARD,Pirelli,14.0,0,1,4,1,False,False,True,False,24.613635406368594,36.316039632979944,43.99515209242926,1009.6434692951746,False,2.743054243081243,53.44106363788785,2.007394512470872,1.4709223353778857,204.3775015334362,323.57142733774225,68.3339989109792,0.18189768904948586,10423.741259738372,11576.13150886676,47,0.09331579488440961
F1,2025,2,2025-05-15,Synthetic_GP_2,Synthetic_Park,R,DDD,SYN-B,SYN-B,F1,15,90.67982457711788,28.124283226922113,33.53639853275414,29.019142817441626,MEDIUM,Pirelli,1.0,1,1,4,1,False,False,True,False,23.95862946219822,35.02973311477877,44.14588058699903,1011.9297822954658,False,2.7429198869652116,75.84608379802381,1.878380143206835,1.4578176477394207,206.1124983514208,321.3094580179989,65.63644658878643,0.17718456729420526,10278.210576771522,11876.651869975585,51,0.11561717991539999
F1,2025,2,2025-05-15,Synthetic_GP_2,Synthetic_Park,R,DDD,SYN-B,SYN-B,F1,16,90.65257108340963,28.103739036837105,33.50358872184547,29.045243324727053,MEDIUM,Pirelli,2.0,0,1,4,1,False,False,True,False,24.021289230931156,34.16256289387009,44.0804210993109,1010.144050741013,False,3.294244840648087,113.58093288351478,1.9071136282559769,1.43257937643078,206.58961146356378,324.0697640776177,68.03538915407367,0.17345906938480155,10423.084429994222,11698.460528506706,50,0.10715252423681201
F1,2025,2,2025-05-15,Synthetic_GP_2,Synthetic_Park,R,DDD,SYN-B,SYN-B,F1,17,90.552408137488,28.05232770403626,33.48705374368109,29.013026689770655,MEDIUM,Pirelli,3.0,0,1,4,1,False,False,True,False,23.7765256996986,33.45621138212649,44.07774393237235,1010.7185271436215,False,2.890171894907268,115.94582679464474,1.8576014431782113,1.3377333825637445,207.9942256816611,323.7512550488187,64.2479915851452,0.190357578984665,10668.129093156991,11839.962748576669,46,0.11476302158521579
F1,2025,2,2025-05-15,Synthetic_GP_2,Synthetic_Park,R,DDD,SYN-B,SYN-B,F1,18,90.81300756805626,28.160718765023503,33.61740983120352,29.034878971829244,MEDIUM,Pirelli,4.0,0,1,4,1,False,False,True,False,24.18730987383793,34.95306695562876,42.67306855150574,1008.75130521498,False,3.08581986757474,135.31762429359287,1.8817548482460718,1.2485777557671605,206.1941805119814,326.517689557334,62.916515734737985,0.18614299103154164,10416.40684511543,11802.380277280192,51,0.0894058897232767
F1,2025,2,2025-05-15,Synthetic_GP_2,Synthetic_Park,R,DDD,SYN-B,SYN-B,F1,19,90.85126313591503,28.177345762980906,33.63706963814485,29.036847734789276,MEDIUM,Pirelli,5.0,0,1,4,1,False,False,True,False,23.702654229057327,33.61975489670965,43.474300693722526,1011.1097191627282,False,2.9422293357792886,163.96486618389474,1.9064140085884866,1.2947678188050376,205.64217632024497,323.94595321621347,68.23020452117353,0.17685845295613367,10163.845439543946,11877.7490180653,51,0.08787366819261463
F1,2025,2,2025-05-15,Synthetic_GP_2,Synthetic_Park,R,DDD,SYN-B,SYN-B,F1,20,91.08285550471113,28.2802242425319,33.66905106025665,29.133580201922584,MEDIUM,Pirelli,6.0,0,1,4,1,False,False,True,False,23.938299624889563,33.25640914017331,41.63821931876242,1013.391110108564,False,3.1939816906661695,190.74832646907976,1.6742757902135352,1.31196001041921,206.9163366796352,324.38119596568464,64.53939864960776,0.161616636511287,10438.93731905248,11815.458961568043,49,0.09519566509413993
F1,2025,2,2025-05-15,Synthetic_GP_2,Synthetic_Park,R,DDD,SYN-B,SYN-B,F1,21,90.97742505070735,28.134031975932913,33.629028730914584,29.214364343859856,MEDIUM,Pirelli,7.0,0,1,4,1,False,False,True,False,24.06902481570171,32.87787420848572,44.98501252488032,1010.782756374883,False,3.100289700461176,196.95209225471308,1.894862108369474,1.3459144286931455,206.13892123610444,319.0283324571483,63.37543236581029,0.16817692731538256,10318.767474334043,11736.99783032951,46,0.12944950633607122
F1,2025,2,2025-05-15,Synthetic_GP_2,Synthetic_Park,R,DDD,SYN-B,SYN-B,F1,22,90.77157446576923,28.173055847248346,33.604613042580134,28.99390557594075,MEDIUM,Pirelli,8.0,0,1,4,1,False,False,True,False,23.58829556578819,31.664219244776653,43.41384645759138,1010.0931458422689,False,2.843670283710049,224.50034865968632,1.9420600192848478,1.3094698109117406,207.65097893357142,318.95333560313463,66.15550495308108,0.17980516270442615,10222.345570984173,11570.547678928571,46,0.1318444646921519
F1,2025,2,2025-05-15,Synthetic_GP_2,Synthetic_Park,R,DDD,SYN-B,SYN-B,F1,23,91.08292676983251,28.15805862289603,33.72684885050087,29.19801929643561,HARD,Pirelli,9.0,0,1,4,1,False,False,True,False,23.72353528722426,31.08985303268374,43.25278869439349,1006.5316301449095,False,3.409336122436444,238.645044812337,1.9004520900068331,1.3372499421487454,204.68442715150582,319.65364366537676,66.60208284526577,0.17914404887499855,10455.365608182741,11653.899750807175,50,0.08942606874273701
F1,2025,2,2025-05-15,Synthetic_GP_2,Synthetic_Park,R,DDD,SYN-B,SYN-B,F1,24,91.12724843596443,28.272855248998617,33.69367583668892,29.160717350276897,HARD,Pirelli,10.0,0,1,4,1,False,False,True,False,23.62318094273716,31.10009503555266,42.93481086223348,1010.2174912770939,False,3.331751324515104,268.26654249131195,1.9624083926005205,1.462134591593134,202.47368399920146,323.67052445587785,66.76153988844747,0.1730889256333598,10298.119833607047,12117.730098690996,46,0.13186591556920352
F1,2025,2,2025-05-15,Synthetic_GP_2,Synthetic_Park,R,DDD,SYN-B,SYN-B,F1,25,91.06640533331719,28.279209918941675,33.74195958047759,29.045235833897927,HARD,Pirelli,11.0,0,1,4,1,False,False,True,False,23.875217653772474,29.837183023085654,44.40756375574641,1009.4444430281462,False,2.5366813811259066,292.2690511033493,1.8484387399627762,1.3680535773156806,204.96571773058614,324.63404183897313,63.81117088657757,0.17774811259023932,10316.975812756098,11717.457322166843,46,0.14596634719629403
F1,2025,2,2025-05-15,Synthetic_GP_2,Synthetic_Park,R,DDD,SYN-B,SYN-B,F1,26,91.10800459654928,28.220675123490206,33.72672850624491,29.160600966814158,HARD,Pirelli,12.0,0,1,4,1,False,False,True,False,24.23036293620362,30.888412917283844,42.281179530573226,1009.3283241194592,False,3.0664761852284363,336.00699085317694,1.9216198075141044,1.3939010379668608,204.95371848496637,322.56956663670894,65.87735351676548,0.16925922810501762,10388.688982258405,11867.893105481075,49,0.1110545938469946
F1,2025,2,2025-05-15,Synthetic_GP_2,Synthetic_Park,R,DDD,SYN-B,SYN-B,F1,27,91.0140981095794,28.237502962930627,33.705611788835704,29.070983357813063,HARD,Pirelli,13.0,0,1,4,1,False,False,True,False,23.350540934065158,29.46711001618773,45.09777451202957,1005.3424904541808,False,2.6964300442594014,344.15745462188534,1.6894836083244353,1.2474741884423244,205.24700306560504,321.0560124462706,66.51124050094502,0.19961745804982556,10482.324978095874,11782.41148997223,49,0.1054229930145032
F1,2025,2,2025-05-15,Synthetic_GP_2,Synthetic_Park,R,DDD,SYN-B,SYN-B,F1,28,91.0655682424361,28.25257820285486,33.70890381593426,29.104086223646974,HARD,Pirelli,14.0,0,1,4,1,False,False,True,False,23.901771271803945,29.588099678741337,42.011714026419995,1009.3843590484212,False,3.235746620078587,14.952912840352155,1.9975684534461102,1.2821335358281956,205.1243874175749,321.84979926045634,67.64936437909388,0.1890713415083452,10601.143060035654,11738.186957622709,50,0.08248632938589916
F1,2025,3,2025-07-15,Synthetic_GP_3,Synthetic_Street,R,AAA,SYN-A,SYN-A,F1,1,91.59068367347027,28.35575484656115,33.886965446306384,29.347963380602728,MEDIUM,Pirelli,1.0,1,1,1,1,False,False,True,False,24.126551773201143,34.504961520491506,41.55707935945196,1007.2297260533071,False,3.4380462940967083,175.6597250340715,0.8646891023824343,2.200946169002388,211.85128396487121,323.1953199219665,63.90165664912642,0.17766725267100328,10406.133137720855,11681.52759924181,51,0.13878741131788844
F1,2025,3,2025-07-15,Synthetic_GP_3,Synthetic_Street,R,AAA,SYN-A,SYN-A,F1,2,91.51912084892348,28.381262875497058,33.852069631481015,29.285788341945405,MEDIUM,Pirelli,2.0,0,1,1,1,False,False,True,False,24.93088806700392,34.67598632258675,41.93989478619018,1009.5558994732477,False,3.352553407013549,186.27897320372506,0.9018520953291037,2.2352910351957433,209.68262598494408,319.912654455118,66.39706288158789,0.16701393883902202,10515.207143495167,11775.22680966382,48,0.11323725189063023
F1,2025,3,2025-07-15,Synthetic_GP_3,Synthetic_Street,R,AAA,SYN-A,SYN-A,F1,3,91.65501893681552,28.403428459398597,33.90437647530962,29.347214002107307,MEDIUM,Pirelli,3.0,0,1,1,1,False,False,True,False,24.70121108598472,35.287173569571706,42.16285719026443,1009.1489355051111,False,3.5862213877468596,208.6038384951345,1.130320022094244,1.953256871791097,208.5043992618356,326.34828482709327,64.89725648385131,0.1860184604107356,10397.425686912029,11779.549780239715,51,0.14368666334756813
F1,2025,3,2025-07-15,Synthetic_GP_3,Synthetic_Street,R,AAA,SYN-A,SYN-A,F1,4,91.94549781565065,28.503459611854574,33.9622666542771,29.47977154951898,MEDIUM,Pirelli,4.0,0,1,1,1,False,False,True,False,24.58349774582605,35.49350125241391,41.437494280732444,1007.28716104395,False,4.003360929193947,237.23784128605885,0.9350835655420656,2.194869495600352,209.14863253159842,321.79199980470065,64.58646502089925,0.15847431440102347,10490.571373124145,11839.44615446401,46,0.09980562133551227
F1,2025,3,2025-07-15,Synthetic_GP_3,Synthetic_Street,R,AAA,SYN-A,SYN-A,F1,5,91.84766366339765,28.435112281686425,33.96820141078911,29.44434997092211,MEDIUM,Pirelli,5.0,0,1,1,1,False,False,True,False,24.109317329408242,36.191404565104094,41.044102680727256,1009.0679772218538,False,3.5430938489577226,256.87610213983197,1.0229332555131083,2.1409507734677122,210.48779381322495,321.8527892027818,66.00019873944285,0.16181078268594515,10321.58440276823,11800.918989392232,51,0.13552695240830892
F1,2025,3,2025-07-15,Synthetic_GP_3,Synthetic_Street,R,AAA,SYN-A,SYN-A,F1,6,91.89992287858301,28.488365298578533,33.97964256559548,29.431915014409,MEDIUM,Pirelli,6.0,0,1,1,1,False,False,True,False,24.733904369451942,36.17223917186222,41.84751588870291,1009.9170179859058,False,3.296891594083243,265.55511591613686,1.0634089343156718,2.070466542486843,212.71446420701872,328.520432179455,61.47976931668426,0.17616651971734618,10420.34279014794,11916.085295717952,45,0.10832491317177108
F1,2025,3,2025-07-15,Synthetic_GP_3,Synthetic_Street,R,AAA,SYN-A,SYN-A,F1,7,91.93496867047921,28.503594584608596,33.96368129441785,29.467692791452762,MEDIUM,Pirelli,7.0,0,1,1,1,False,False,True,False,25.061350696440094,36.255388335204515,42.630348171583336,1009.0386534055563,False,3.427531747795744,291.7335420545958,1.0450799081026727,2.129493480854176,208.651866006238,320.83140093377676,68.62232658012034,0.18719586329643664,10278.351205117282,11691.425395681363,51,0.11616020957597159
F1,2025,3,2025-07-15,Synthetic_GP_3,Synthetic_Street,R,AAA,SYN-A,SYN-A,F1,8,92.04372962849413,28.528790761851358,34.04535899194268,29.469579874700102,MEDIUM,Pirelli,8.0,0,1,1,1,False,False,True,False,24.319182008962635,37.650469229247875,41.18905165075369,1011.4009384703887,False,3.6196860528042394,315.29112388598605,0.963205633821212,2.2210228711676545,210.61801222027233,326.6809712784163,66.86172144517657,0.18266230929982386,10331.432573187958,11808.252903303042,48,0.11360093125953377
F1,2025,3,2025-07-15,Synthetic_GP_3,Synthetic_Street,R,AAA,SYN-A,SYN-A,F1,9,91.65134253597091,28.404643109531662,33.885579191299556,29.361120235139694,HARD,Pirelli,9.0,0,1,1,1,False,False,True,False,24.30570054229473,37.86816484827769,40.34005852190089,1010.1381613680073,False,3.364652447662989,340.60847231272,1.1113547687598777,1.960403461777193,207.89485786230028,323.36535375997084,65.57746590122298,0.18600867565804108,10394.988594352117,11732.722694313112,48,0.117622843789478
F1,2025,3,2025-07-15,Synthetic_GP_3,Synthetic_Street,R,AAA,SYN-A,SYN-A,F1,10,91.87736409126063,28.468921892752526,33.93905143501322,29.469390763494886,HARD,Pirelli,10.0,0,1,1,1,False,False,True,False,23.988874006540186,36.82565095346113,41.24505733983003,1010.0890024013227,False,3.5375322083651075,5.747212359766763,0.9362422090221496,2.084329768162325,207.96887629894357,320.9421138688596,64.0930469804389,0.18216076826099678,10191.918527786733,11795.722534282786,45,0.13244695101873055
F1,2025,3,2025-07-15,Synthetic_GP_3,Synthetic_Street,R,AAA,SYN-A,SYN-A,F1,11,91.8170534004564,28.454561009675526,33.9538181911234,29.40867419965747,HARD,Pirelli,11.0,0,1,1,1,False,False,True,False,24.434533961918543,37.087682851176055,41.1115311389784,1009.9360257684278,False,3.1616305144573245,16.871592649887816,1.0915661899987328,2.170807820609561,207.17961434605016,322.2893885950268,65.78993548120833,0.1688022189702769,10357.350942187351,11856.686973674481,50,0.13494618377004516
F1,2025,3,2025-07-15,Synthetic_GP_3,Synthetic_Street,R,AAA,SYN-A,SYN-A,F1,12,92.20182399304035,28.5790639612597,34.080387685867194,29.542372345913456,HARD,Pirelli,12.0,0,1,1,1,False,False,True,False,25.037674117892525,36.5662867318892,42.28714781854667,1009.1086818157465,False,3.8614358299666014,43.307387225808554,0.9866393961398584,2.142181842028436,207.76379046928216,324.3440431533254,67.09663969236539,0.1886035187395071,10187.777409205793,11905.11240026053,47,0.09159339208992462
F1,2025,3,2025-07-15,Synthetic_GP_3,Synthetic_Street,R,AAA,SYN-A,SYN-A,F1,13,92.00109596467145,28.560739380195184,33.97052321115269,29.469833373323574,HARD,Pirelli,13.0,0,1,1,1,False,False,True,False,24.449570989510924,37.23401748164131,40.758917115609606,1011.2706679482309,False,3.6946890112071458,57.16124385307609,0.9493639891766886,2.168128703359305,205.5861550729295,322.78244195034125,64.84915165108882,0.1859561250432008,10296.893673799592,11735.70656374166,48,0.08631848497039912
F1,2025,3,2025-07-15,Synthetic_GP_3,Synthetic_Street,R,AAA,SYN-A,SYN-A,F1,14,92.01946141577166,28.507800518214168,34.014865141637344,29.496795755920147,HARD,Pirelli,14.0,0,1,1,1,False,False,True,False,24.07889278361999,36.27656682325761,42.83043338484767,1011.4044190605688,False,3.9535540482339893,96.61635055380066,0.9833811244439761,2.0885737605666645,208.01732908836823,316.39887051928264,66.42227116132942,0.16716297075808037,10355.610890575292,11826.815205014522,48,0.11059967393631841
F1,2025,3,2025-07-15,Synthetic_GP_3,Synthetic_Street,R,AAA,SYN-A,SYN-A,F1,15,91.67847412349356,28.39651082353763,33.910779953535794,29.37118334642014,MEDIUM,Pirelli,1.0,1,1,1,1,False,False,True,False,25.031403410773258,37.08732673771238,39.64946895309126,1011.4585682747916,False,3.092643195905812,122.48263041174488,0.9603664566888118,2.0922479291607705,209.42446298453805,320.1929428673847,68.78321879784252,0.18382034444785886,10330.077062008984,11659.698963474568,50,0.1262204279180017
F1,2025,3,2025-07-15,Synthetic_GP_3,Synthetic_Street,R,AAA,SYN-A,SYN-A,F1,16,91.74868935754199,28.41776505421868,33.96268658425906,29.368237719064254,MEDIUM,Pirelli,2.0,0,1,1,1,False,False,True,False,25.154545415267798,37.53803342400278,41.56522441183444,1010.5494253393587,False,3.380890232619269,123.74491887245898,0.8976806568503974,2.2101909185465187,209.652355792984,322.50665440481026,63.47904154299264,0.1791600593695793,10417.003815019469,11801.57664888937,49,0.12801804752976045
F1,2025,3,2025-07-15,Synthetic_GP_3,Synthetic_Street,R,AAA,SYN-A,SYN-A,F1,17,92.00197787100029,28.51882858000087,34.07780917022208,29.40534012077734,MEDIUM,Pirelli,3.0,0,1,1,1,False,False,True,False,25.271339308998073,36.597129813340565,41.865467026657136,1010.7626196477564,False,3.794173636217888,132.9558865520831,1.0593997749639745,2.03564992160823,207.82677831634277,321.7883912149934,60.14187653728281,0.18526592841827838,10375.497094776616,11774.27411288387,50,0.11639223142019282
F1,2025,3,2025-07-15,Synthetic_GP_3,Synthetic_Street,R,AAA,SYN-A,SYN-A,F1,18,91.71246767817816,28.393160644522304,33.925799925033935,29.393507108621918,MEDIUM,Pirelli,4.0,0,1,1,1,False,False,True,False,24.021950292637413,35.66117295313237,42.12707619326138,1008.6467392981829,False,3.4193118182656104,183.64179018472203,1.1260806256604832,2.08012718398033,212.12541998547223,318.87380907272455,67.18997219454033,0.20336879705669123,10455.689218671087,11690.023288811873,51,0.10507432017124876
F1,2025,3,2025-07-15,Synthetic_GP_3,Synthetic_Street,R,AAA,SYN-A,SYN-A,F1,19,91.8848351752743,28.452628628624137,33.97815901854586,29.454047528104304,MEDIUM,Pirelli,5.0,0,1,1,1,False,False,True,False,25.456089841178013,34.60058453382329,42.53045690207244,1012.5591658028764,False,2.898196879486443,204.41457083648038,0.9443060355423192,2.0211155566298054,208.55172419494133,324.8729303538749,64.66800444677878,0.16924640028135893,10378.51536861448,11880.088593504255,49,0.10194742115677956
F1,2025,3,2025-07-15,Synthetic_GP_3,Synthetic_Street,R,AAA,SYN-A,SYN-A,F1,20,91.86319304675372,28.481850246493625,33.986206452346025,29.395136347914075,MEDIUM,Pirelli,6.0,0,1,1,1,False,False,True,False,25.011629007710464,35.2316446344698,40.36248012564146,1010.6380096546835,False,3.2022192138246774,212.36503839289924,0.8681765387964666,1.8778712281833183,208.856600653223,323.5406383728293,68.45143244019502,0.18169234029182088,10342.709623667466,11853.778141010474,50,0.10300273030532367
F1,2025,3,2025-07-15,Synthetic_GP_3,Synthetic_Street,R,AAA,SYN-A,SYN-A,F1,21,91.86204315398803,28.493357231767366,34.03134648634264,29.33733943587802,MEDIUM,Pirelli,7.0,0,1,1,1,False,False,True,False,24.47801437979862,33.29854190551875,42.74419217933245,1009.2288789548268,False,3.57590654853391,247.31402768543762,1.121712497786911,2.108411616714962,208.2680351123934,320.62031189227963,65.13288885484121,0.19300821950405636,10445.410087191716,11985.522449349375,49,0.11493691521683742
F1,2025,3,2025-07-15,Synthetic_GP_3,Synthetic_Street,R,AAA,SYN-A,SYN-A,F1,22,92.05699156367085,28.523443626521836,34.02704873443706,29.50649920271195,MEDIUM,Pirelli,8.0,0,1,1,1,False,False,True,False,24.41337003233116,33.91774113755288,43.05997091852159,1010.7699258911407,False,3.4760128173473057,261.9211007217731,1.0293297008270303,2.1077380217556065,206.65493677154322,324.4326997606851,64.208722890492,0.1758628915110361,10611.249855951224,11704.617532268976,48,0.13553158546053906
F1,2025,3,2025-07-15,Synthetic_GP_3,Synthetic_Street,R,AAA,SYN-A,SYN-A,F1,23,91.99887137842131,28.498745740102198,34.01114761382152,29.488978024497598,HARD,Pirelli,9.0,0,1,1,1,False,False,True,False,24.757157844789614,32.6906844538798,42.23564954384545,1009.4077941350067,False,3.436253710998437,286.893619383394,0.9831078544851806,2.0815208000749634,209.5349702443761,322.15566669851205,62.406566436470285,0.17905112487178504,10340.19236262247,11665.595895546156,48,0.11473782539209693
F1,2025,3,2025-07-15,Synthetic_GP_3,Synthetic_Street,R,AAA,SYN-A,SYN-A,F1,24,91.8752892647799,28.50377056056427,33.99811159043382,29.373407113781802,HARD,Pirelli,10.0,0,1,1,1,False,False,True,False,24.438437085559606,33.13086246751483,43.33662423031762,1007.7012284015952,False,3.387209476189778,311.7156418339514,1.0987725146907603,1.95084911007083,208.15995295352417,321.798353285709,69.5295945041095,0.18243637668543242,10411.613303031261,11813.126401130223,48,0.11499827413833723
F1,2025,3,2025-07-15,Synthetic_GP_3,Synthetic_Street,R,AAA,SYN-A,SYN-A,F1,25,92.01814902678879,28.536366252889152,34.075299399383994,29.406483374515645,HARD,Pirelli,11.0,0,1,1,1,False,False,True,False,24.703834004092695,31.566002250632142,41.84514385111606,1012.5776760635291,False,3.4190593863362153,333.7924605322496,1.0112437239814334,1.9925152647104658,210.9671117693095,325.30067412346426,66.25545975410198,0.18782361138378506,10356.272301551358,11886.613205443267,45,0.11376160824904341
F1,2025,3,2025-07-15,Synthetic_GP_3,Synthetic_Street,R,AAA,SYN-A,SYN-A,F1,26,92.08854019922806,28.58908128641988,34.04016754917694,29.459291363631237,HARD,Pirelli,12.0,0,1,1,1,False,False,True,False,25.207129332140365,30.57472636250892,41.76843720826292,1012.004200585655,False,2.9871291947510925,2.320963289086876,0.9853156352384365,2.1419377516145475,208.4921617123787,322.64511080987023,65.46373942890517,0.19398155664009017,10305.4262980783,11807.465978889459,45,0.1221916842343535
F1,2025,3,2025-07-15,Synthetic_GP_3,Synthetic_Street,R,AAA,SYN-A,SYN-A,F1,27,91.97918102643044,28.504643485277604,34.04749394395275,29.427043597200083,HARD,Pirelli,13.0,0,1,1,1,False,False,True,False,24.861765853460355,30.81702147062794,40.083605197716196,1009.4338688870387,False,3.7921452250467604,4.9826019635578405,1.0721992658953707,2.3076322717966575,208.11244770951402,321.8848506703819,64.77946461149227,0.17466340499840294,10248.887287281692,11684.062814095663,49,0.12481982734149176
F1,2025,3,2025-07-15,Synthetic_GP_3,Synthetic_Street,R,AAA,SYN-A,SYN-A,F1,28,92.244860798307,28.597840197419806,34.08170461231959,29.565315988567605,HARD,Pirelli,14.0,0,1,1,1,False,False,True,False,24.367651514821244,30.14152700295516,41.92981747790654,1008.7014165130414,False,3.313285031741854,57.60516848474731,0.9163406622605743,1.8889974511475567,206.48111448559865,322.0292199561409,64.88438279569228,0.17363970948827545,10238.670638158677,11838.227895562533,47,0.09360361903302174
F1,2025,3,2025-07-15,Synthetic_GP_3,Synthetic_Street,R,BBB,SYN-A,SYN-A,F1,1,91.71098517653398,28.447220077637443,33.96050836841168,29.30325673048486,MEDIUM,Pirelli,1.0,1,1,2,1,False,False,True,False,24.302560957489874,32.87117771107286,42.807657969486996,1010.4463136087596,False,3.7986440210532924,153.22298314877287,1.2585383685125346,1.6736611869984923,208.73035764318305,324.81891100327886,65.88425584026174,0.18419456335162598,10374.415463725234,11714.622180993527,51,0.11673180022408813
F1,2025,3,2025-07-15,Synthetic_GP_3,Synthetic_Street,R,BBB,SYN-A,SYN-A,F1,2,91.73701604476305,28.45664110963074,33.94840863171765,29.331966303414667,MEDIUM,Pirelli,2.0,0,1,2,1,False,False,True,False,25.055324258967406,33.90694755076814,44.241698624951994,1011.3366668635928,False,2.943400615746943,191.25545712415413,1.3100858922986622,1.9964534363181738,209.03118212877902,323.65967385323404,63.19715969933474,0.17851141125575143,10402.071129178747,11745.291911024015,45,0.08626832359712468
F1,2025,3,2025-07-15,Synthetic_GP_3,Synthetic_Street,R,BBB,SYN-A,SYN-A,F1,3,91.87417924436416,28.51372432907528,34.04375830687525,29.31669660841363,MEDIUM,Pirelli,3.0,0,1,2,1,False,False,True,False,24.583516634902427,36.031054965697564,41.98507779970912,1008.9662319717602,False,3.105986082312616,210.50681951931637,1.4156672785090274,1.957760523611181,207.82503477459306,323.6587043083539,67.46945584782605,0.17716090650144106,10399.955855770964,11802.134237481461,45,0.12493251549371372
F1,2025,3,2025-07-15,Synthetic_GP_3,Synthetic_Street,R,BBB,SYN-A,SYN-A,F1,4,91.95765577465805,28.494155969265968,34.03740157925134,29.426098226140745,MEDIUM,Pirelli,4.0,0,1,2,1,False,False,True,False,24.3363632782753,35.95703574669038,41.49019950621906,1008.5778483088266,False,3.579246634057033,233.8338718752867,1.270932582745488,1.8162450616266015,208.627335274265,324.3475888036032,63.48346014510326,0.17235688664352036,10353.59411352206,11804.946955924004,49,0.15680070189445944
F1,2025,3,2025-07-15,Synthetic_GP_3,Synthetic_Street,R,BBB,SYN-A,SYN-A,F1,5,92.09695700831166,28.52246855440418,34.066199571045765,29.508288882861713,MEDIUM,Pirelli,5.0,0,1,2,1,False,False,True,False,24.915650467849858,35.94624033867432,42.782250280418054,1013.1870081387142,False,3.8208986050915605,263.70443162343867,1.4272508974326559,2.086828186302014,210.08362186823962,324.39537252743554,64.42215679241924,0.18122209343114506,10440.700492776523,11892.869910773416,46,0.09334473991811913
F1,2025,3,2025-07-15,Synthetic_GP_3,Synthetic_Street,R,BBB,SYN-A,SYN-A,F1,6,92.16274926981986,28.555274283920454,34.09708351968024,29.51039146621916,MEDIUM,Pirelli,6.0,0,1,2,1,False,False,True,False,24.44269471485248,37.013070099503274,42.297844824585816,1009.3630715633988,False,3.6659751498149475,277.6870306282544,1.1876118613076154,1.603335078962846,208.9989990074868,323.0779254508385,64.27918994899753,0.18023155010421857,10266.72368336305,11758.93412552781,45,0.10310253563532439
F1,2025,3,2025-07-15,Synthetic_GP_3,Synthetic_Street,R,BBB,SYN-A,SYN-A,F1,7,92.02667626771672,28.54370282195974,34.05066619784449,29.43230724791249,MEDIUM,Pirelli,7.0,0,1,2,1,False,False,True,False,24.346934042220163,37.239625373569574,40.84956050671739,1007.2828619905634,False,3.5312290052398208,300.5860898356917,1.310484513823669,1.8261966265835403,208.8891804817489,323.4305149258115,64.68752114056178,0.17894524753473967,10122.65377869819,11799.092703475999,45,0.11400769978172078
F1,2025,3,2025-07-15,Synthetic_GP_3,Synthetic_Street,R,BBB,SYN-A,SYN-A,F1,8,92.0532920115933,28.51686536035626,34.06267065670548,29.473755994531558,MEDIUM,Pirelli,8.0,0,1,2,1,False,False,True,False,24.703897980056944,37.07821484687291,43.395511504129416,1008.9230788557093,False,3.335363806046057,304.49614705859096,1.2006210404548776,1.9382088092848069,209.24980028580617,325.1190280376507,64.48926880508867,0.18751463173498345,10376.890445664723,11752.071593790464,51,0.10749200673037611
F1,2025,3,2025-07-15,Synthetic_GP_3,Synthetic_Street,R,BBB,SYN-A,SYN-A,F1,9,92.13508219371246,28.58715094425099,34.06641330774678,29.481517941714692,HARD,Pirelli,9.0,0,1,2,1,False,False,True,False,24.096383430257987,36.81629094636324,40.60174132572248,1007.852067341312,False,3.3129781659115367,340.3246383760572,1.2020629263391132,1.9506404319859698,207.64703219653802,322.7157576274698,69.70565868908962,0.18664485223757815,10338.088120941302,11730.149982122253,49,0.13574562907937807
F1,2025,3,2025-07-15,Synthetic_GP_3,Synthetic_Street,R,BBB,SYN-A,SYN-A,F1,10,91.89241212855158,28.47496247779035,33.99905987596383,29.418389774797404,HARD,Pirelli,10.0,0,1,2,1,False,False,True,False,25.66475191472605,37.84601324503025,44.043343054844236,1011.0228321296826,False,3.5802250860478577,351.66089703164505,1.395559662971145,1.751675020656279,206.46972034877646,322.4785603665294,63.18584569018799,0.18996196153226003,10283.257014537305,11686.152496518427,49,0.07067012437758058
F1,2025,3,2025-07-15,Synthetic_GP_3,Synthetic_Street,R,BBB,SYN-A,SYN-A,F1,11,92.03999929439485,28.529690052586044,34.05764041569534,29.45266882611346,HARD,Pirelli,11.0,0,1,2,1,False,False,True,False,24.07890060290553,36.884575073605376,43.04269368069407,1011.9949152548222,False,3.654403142331631,12.099315199276646,1.3618636467131953,2.0499168939705505,206.47159132796665,317.4270004457267,62.80836752817056,0.18703853705889376,10426.870679667138,11770.18581723171,48,0.11978608647674198
F1,2025,3,2025-07-15,Synthetic_GP_3,Synthetic_Street,R,BBB,SYN-A,SYN-A,F1,12,92.25324991484163,28.650974268868598,34.18868210262765,29.413593543345385,HARD,Pirelli,12.0,0,1,2,1,False,False,True,False,25.003564293146084,37.09362845464625,43.09316254538473,1011.6999787949403,False,3.7263213684153644,29.11781119232836,1.222226194855712,1.9963030613499262,209.08468528544432,326.75607343217166,66.84000096757933,0.1850965196147734,10380.199396579972,11818.383075631393,47,0.10372964268792059
F1,2025,3,2025-07-15,Synthetic_GP_3,Synthetic_Street,R,BBB,SYN-A,SYN-A,F1,13,92.27923098400274,28.65027184681801,34.17214346364126,29.45681567354346,HARD,Pirelli,13.0,0,1,2,1,False,False,True,False,24.546116587852698,37.473603806657785,40.46699831451981,1009.9173372945213,False,3.343010795524514,69.2372914217475,1.4070378820474816,1.7783266340667838,209.0661729075675,321.6368017981439,67.7842803785933,0.18236702408713462,10295.800331201457,11895.250413996659,49,0.12533558347295934
F1,2025,3,2025-07-15,Synthetic_GP_3,Synthetic_Street,R,BBB,SYN-A,SYN-A,F1,14,92.24427966230394,28.497741821315852,34.1133679118797,29.633169929108384,HARD,Pirelli,14.0,0,1,2,1,False,False,True,False,24.87826895437865,37.69459809053145,42.92322034253234,1010.1584754489772,False,3.296548986651815,72.94241664032955,1.2272130156599066,1.8488712905229368,205.5649352143291,321.17620852277565,65.46127871230911,0.1948971482163829,10263.500082766503,11623.310902283847,51,0.1381323098571628
F1,2025,3,2025-07-15,Synthetic_GP_3,Synthetic_Street,R,BBB,SYN-A,SYN-A,F1,15,91.92301996316274,28.48660894183161,33.99209048373594,29.444320537595196,MEDIUM,Pirelli,1.0,1,1,2,1,False,False,True,False,24.58503892392532,37.144758732659895,41.57837126021806,1008.7645087202172,False,3.5735256923110903,106.92951781000681,1.3541720134292945,1.7296740937223865,209.35868748376748,321.87730150696336,66.33428389880696,0.1727878556877015,10526.640853230114,11789.357338982736,49,0.070133105045384
F1,2025,3,2025-07-15,Synthetic_GP_3,Synthetic_Street,R,BBB,SYN-A,SYN-A,F1,16,91.73974670876748,28.405834524865384,33.900634962229624,29.433277221672476,MEDIUM,Pirelli,2.0,0,1,2,1,False,False,True,False,24.620960046096638,36.69508088692817,39.98938275479223,1010.0200645994126,False,3.5585700111377743,134.54159169202302,1.276687477960367,2.051169952367633,209.29164347294684,322.91460727622825,66.27799458802079,0.16385066804416032,10437.317803377247,11891.323424610486,46,0.09167355886404255
F1,2025,3,2025-07-15,Synthetic_GP_3,Synthetic_Street,R,BBB,SYN-A,SYN-A,F1,17,91.49825321267741,28.389689005375434,33.78759005902433,29.32097414827765,MEDIUM,Pirelli,3.0,0,1,2,1,False,False,True,False,24.42386877942835,37.05862962008925,42.12403057213203,1008.2932653021161,False,3.401263865992992,150.69346500168336,1.2446375308149107,2.0998541550923058,212.08716713434717,321.0032934800634,65.50691698088656,0.16718834140855193,10372.301741510426,11838.72942707163,50,0.05689760890830552
F1,2025,3,2025-07-15,Synthetic_GP_3,Synthetic_Street,R,BBB,SYN-A,SYN-A,F1,18,92.20232611872831,28.59320705112974,34.177970734362944,29.431148333235626,MEDIUM,Pirelli,4.0,0,1,2,1,False,False,True,False,24.77244819897424,35.509804232236526,42.87523449831053,1008.8941041850588,False,3.2997304117856086,176.47948692224293,1.3011841611049915,1.7448047339146104,205.57779430620818,324.2591572676237,63.70567591241137,0.18319390231767202,10200.732475684965,11712.249669869865,51,0.11467946629101027
F1,2025,3,2025-07-15,Synthetic_GP_3,Synthetic_Street,R,BBB,SYN-A,SYN-A,F1,19,92.05765127468965,28.576453346766844,34.08025058938056,29.400947338542245,MEDIUM,Pirelli,5.0,0,1,2,1,False,False,True,False,24.303470245519264,35.34731699433539,40.4618285760996,1011.8406186149899,False,3.634651808234076,189.76750639428394,1.4105505290118732,1.788540259516551,205.6877902196291,322.10984681253996,68.83609243588158,0.1830473228577599,10454.055005587397,11908.512962699522,46,0.1664814177046988
F1,2025,3,2025-07-15,Synthetic_GP_3,Synthetic_Street,R,BBB,SYN-A,SYN-A,F1,20,91.8923075364684,28.51345333140642,33.98237678210014,29.39647742296183,MEDIUM,Pirelli,6.0,0,1,2,1,False,False,True,False,24.644984587118202,35.216525381671524,42.11854014152655,1011.4878643327041,False,3.4249180720127184,229.7740338982735,1.3437462950978847,1.879198223231249,205.88921081631247,322.3836229966069,65.96698357643132,0.17367942896574906,10576.22997982071,11938.696794372005,47,0.10927213919049968
F1,2025,3,2025-07-15,Synthetic_GP_3,Synthetic_Street,R,BBB,SYN-A,SYN-A,F1,21,92.07382446484675,28.551894097239096,34.06350608191212,29.458424285695536,MEDIUM,Pirelli,7.0,0,1,2,1,False,False,True,False,24.690610656068262,33.976049398219324,42.92510527951171,1011.8895273520528,False,3.5609618729250747,238.45238436581144,1.3443701823345278,1.9442741943427395,207.3869155556006,321.2649061729126,67.72898245906214,0.1805130114295077,10370.12412080752,11734.052510539466,48,0.10107675517629704
F1,2025,3,2025-07-15,Synthetic_GP_3,Synthetic_Street,R,BBB,SYN-A,SYN-A,F1,22,92.14960546551163,28.543273946145515,34.071851848974504,29.534479670391605,MEDIUM,Pirelli,8.0,0,1,2,1,False,False,True,False,24.583327967809183,33.46758347196797,44.047406506535175,1007.7526071612398,False,3.6281547347897556,266.20302624638066,1.466291617721861,2.010853454178722,208.22590227624798,320.08722868391146,68.50219677968158,0.19143734566205306,10552.215129685002,11871.616571169856,51,0.1437542219701526
F1,2025,3,2025-07-15,Synthetic_GP_3,Synthetic_Street,R,BBB,SYN-A,SYN-A,F1,23,92.14295749745688,28.596394865286406,34.08758534948831,29.458977282682163,HARD,Pirelli,9.0,0,1,2,1,False,False,True,False,24.47271749987018,32.43807130785307,42.64789857895487,1011.499489592455,False,3.5223344732642774,274.7902828844045,1.0919665612466625,1.7978348470689367,208.2993345103458,321.32433420213437,65.78225557874285,0.16792768484545414,10238.756371809994,11825.684625382712,47,0.08593286481335762
F1,2025,3,2025-07-15,Synthetic_GP_3,Synthetic_Street,R,BBB,SYN-A,SYN-A,F1,24,92.23944836825456,28.549959343297775,34.105793271052235,29.58369575390455,HARD,Pirelli,10.0,0,1,2,1,False,False,True,False,24.900861244155013,33.0943155869265,43.04852973654761,1011.2256958383474,False,3.8408316993023273,304.9340079100963,1.165940048703096,1.6631460856000768,207.8427562470374,323.9115163035421,66.67287323086036,0.187413950841582,10395.685342313232,11672.969741537923,49,0.13357328921163378
F1,2025,3,2025-07-15,Synthetic_GP_3,Synthetic_Street,R,BBB,SYN-A,SYN-A,F1,25,92.08595884399332,28.46035200521954,34.03817617703012,29.587430661743667,HARD,Pirelli,11.0,0,1,2,1,False,False,True,False,24.66440577445551,32.14472240935257,44.23103874395166,1009.7132726541727,False,3.570853569514468,342.5084344798415,1.4226537863395237,1.6829423728198984,203.82111587836107,324.543504007565,65.53172864031225,0.18957688530212188,10454.966304398036,11704.409554112557,49,0.11020506042401698
F1,2025,3,2025-07-15,Synthetic_GP_3,Synthetic_Street,R,BBB,SYN-A,SYN-A,F1,26,92.22989815698027,28.598503496790748,34.10637203664377,29.525022623545752,HARD,Pirelli,12.0,0,1,2,1,False,False,True,False,25.20002069927085,31.70756583382049,41.851041946268204,1009.4049768370451,False,3.9241635166968836,351.62228195158514,1.3622020811279758,1.7490642816867854,207.5944709212332,321.1692332225389,67.85743661793968,0.18594101162576404,10481.257621952745,11862.494304084037,49,0.13208360207761963
F1,2025,3,2025-07-15,Synthetic_GP_3,Synthetic_Street,R,BBB,SYN-A,SYN-A,F1,27,91.998373734576,28.51444713397029,34.06069475289104,29.423231847714675,HARD,Pirelli,13.0,0,1,2,1,False,False,True,False,24.894462900675208,31.043071348428448,41.277740665110436,1012.7771306983171,False,3.643851832153822,8.5281065247392,1.374184443228751,1.898928069990024,208.36605171237534,323.3509812401365,63.42400681179074,0.18114781681263864,10411.281984308089,11981.715767333435,47,0.10874030031037017
F1,2025,3,2025-07-15,Synthetic_GP_3,Synthetic_Street,R,BBB,SYN-A,SYN-A,F1,28,92.22402831708744,28.67060525013897,34.12227956887884,29.431143498069638,HARD,Pirelli,14.0,0,1,2,1,False,False,True,False,24.663964596517317,30.041155704961746,40.32650941368586,1010.0652809647922,False,3.5902392840151323,36.61354708979684,1.415551074131504,2.081422019272494,208.16846880822973,326.53607045905414,66.79744016738462,0.16784931867462466,10464.83507766958,11639.878472383212,49,0.09355928030044067
F1,2025,3,2025-07-15,Synthetic_GP_3,Synthetic_Street,R,CCC,SYN-B,SYN-B,F1,1,92.18003807637125,28.55542874079477,34.14721444832164,29.47739488725484,MEDIUM,Pirelli,1.0,1,1,3,1,False,False,True,False,24.28326293408796,33.70320691662578,42.06192315369054,1009.4315443166216,False,3.423640946900171,156.51817506434472,1.6501260516700986,1.5370790399011163,208.56656127721618,321.8466134654364,68.17627925312709,0.16445363960331394,10467.730304170624,11999.160714075977,50,0.15949954532724486
F1,2025,3,2025-07-15,Synthetic_GP_3,Synthetic_Street,R,CCC,SYN-B,SYN-B,F1,2,91.9112844269278,28.48773021072381,34.03314433609663,29.390409880107363,MEDIUM,Pirelli,2.0,0,1,3,1,False,False,True,False,23.935406433981115,33.580917754475635,39.91755629456294,1010.2435212529357,False,3.2179223365919722,179.573567144127,1.6665930304406509,1.7796685418981726,207.47783075260142,322.9014050305519,67.53766442502122,0.1856050721949859,10412.093762667464,11769.312830126266,48,0.11814106712499454
F1,2025,3,2025-07-15,Synthetic_GP_3,Synthetic_Street,R,CCC,SYN-B,SYN-B,F1,3,92.31773405214147,28.669530149354458,34.190741697312156,29.45746220547486,MEDIUM,Pirelli,3.0,0,1,3,1,False,False,True,False,24.209735992994677,35.433551427445366,41.659414552973274,1012.472551201835,False,3.595727137723264,208.73124787369906,1.5320116318912562,1.519171161057409,205.10902850068481,325.2718320283603,65.40151566237493,0.1631379187616116,10486.664681167676,11849.170644947055,46,0.08197299942974973
F1,2025,3,2025-07-15,Synthetic_GP_3,Synthetic_Street,R,CCC,SYN-B,SYN-B,F1,4,92.05130756107661,28.51296606974572,34.09244663911043,29.44589485222047,MEDIUM,Pirelli,4.0,0,1,3,1,False,False,True,False,24.420286484967185,35.98944510100043,42.950891204648315,1009.1729304106783,False,3.1904897188210795,220.39673116492924,1.7426801225187412,1.6240000551111806,208.43827256709525,324.62756420821097,66.7448417264549,0.17922979556339788,10421.687109753986,11847.23011982699,47,0.1336540871317514
F1,2025,3,2025-07-15,Synthetic_GP_3,Synthetic_Street,R,CCC,SYN-B,SYN-B,F1,5,92.41657077000858,28.663306346740196,34.16399753868546,29.58926688458292,MEDIUM,Pirelli,5.0,0,1,3,1,False,False,True,False,24.87875800674878,36.341400850425515,40.889213906585795,1008.4040068437131,False,3.0259899745797614,252.7808179061855,1.6108043517449253,1.5944601036197001,206.82477086823573,322.68251598507265,66.67351488458631,0.17509529534765822,10399.61164939876,11873.264184404048,50,0.11869918143802904
F1,2025,3,2025-07-15,Synthetic_GP_3,Synthetic_Street,R,CCC,SYN-B,SYN-B,F1,6,92.57207872935825,28.707170783627646,34.300800408373696,29.56410753735691,MEDIUM,Pirelli,6.0,0,1,3,1,False,False,True,False,24.78443628462691,36.85080777008075,43.72227426061783,1009.0410212649537,False,4.039953823275264,266.9417072051026,1.4247166563186426,1.7428326193542358,202.23314495189754,323.6105904951001,67.40065675906793,0.1844133457785982,10440.166862360471,11844.15144932376,49,0.10192733241101556
F1,2025,3,2025-07-15,Synthetic_GP_3,Synthetic_Street,R,CCC,SYN-B,SYN-B,F1,7,92.69653003135534,28.713830331499125,34.26591531200147,29.716784387854744,MEDIUM,Pirelli,7.0,0,1,3,1,False,False,True,False,24.706429273975456,35.73368751178753,41.95922223045872,1012.2749208979868,False,3.3606371797942782,289.21181079969296,1.4697086223069666,1.5006915392122313,206.4984069005247,320.8885604256639,66.81765832458098,0.18588492705336263,10589.582684936462,11796.043426922992,45,0.09804055697191585
F1,2025,3,2025-07-15,Synthetic_GP_3,Synthetic_Street,R,CCC,SYN-B,SYN-B,F1,8,92.65292860457959,28.70354282049219,34.33550790434874,29.61387787973866,MEDIUM,Pirelli,8.0,0,1,3,1,False,False,True,False,24.42165663760211,37.6234563264258,41.16825650643886,1008.2970386985529,False,3.4450973141720467,315.88561608432553,1.6158216069130338,1.498301984578921,208.58420187268825,322.4528204092897,63.5055760982744,0.17721963497534143,10437.269410309247,11818.389624586862,46,0.08279410486678465
F1,2025,3,2025-07-15,Synthetic_GP_3,Synthetic_Street,R,CCC,SYN-B,SYN-B,F1,9,92.66363784375415,28.69534442424869,34.29859023593695,29.669703183568508,HARD,Pirelli,9.0,0,1,3,1,False,False,True,False,24.036202515045098,36.220271264565554,43.255036582092714,1010.3026059204643,False,3.4565575053689988,338.6661311993204,1.408754246271998,1.5597539256309196,204.5664057966551,322.8695305733022,66.2384756931427,0.16542470771028173,10368.13488365103,11891.151118014513,49,0.12763421409071551
F1,2025,3,2025-07-15,Synthetic_GP_3,Synthetic_Street,R,CCC,SYN-B,SYN-B,F1,10,92.61215094476648,28.71990516851158,34.30312907846346,29.58911669779144,HARD,Pirelli,10.0,0,1,3,1,False,False,True,False,24.676786534116847,37.70086579603223,41.630417744034204,1011.3094170456425,False,3.521073196730221,352.42865132888153,1.6586897691800184,1.6203091786929251,209.2561027470332,324.7553358085187,68.83737592193374,0.1772042947600788,10232.6459769959,11661.550134788044,46,0.13053182409227407
F1,2025,3,2025-07-15,Synthetic_GP_3,Synthetic_Street,R,CCC,SYN-B,SYN-B,F1,11,92.39052810814864,28.623818459470915,34.163686919121126,29.603022729556606,HARD,Pirelli,11.0,0,1,3,1,False,False,True,False,24.76693032704343,37.64257220186388,40.289899171339805,1008.0615059806364,False,3.357972034881228,9.323915534662092,1.537159413559365,1.523837610598766,209.11863628070282,323.1614507433316,67.50739194657477,0.17184684600336067,10178.851239534904,11756.780132120335,50,0.08785779501687152
F1,2025,3,2025-07-15,Synthetic_GP_3,Synthetic_Street,R,CCC,SYN-B,SYN-B,F1,12,92.70941594875099,28.75092733956949,34.27156359332909,29.68692501585241,HARD,Pirelli,12.0,0,1,3,1,False,False,True,False,24.288707582117382,37.85871588330376,41.34474923715842,1008.932166373007,False,3.3857023279611638,59.70136150330467,1.7642764854851485,1.7338948070743965,203.6948739048284,323.30676772493393,64.56370034066106,0.1620009020985981,10339.919557766974,11853.72445005577,51,0.12147877253434262
F1,2025,3,2025-07-15,Synthetic_GP_3,Synthetic_Street,R,CCC,SYN-B,SYN-B,F1,13,92.66862997620304,28.751106414722493,34.29773571449498,29.61978784698556,HARD,Pirelli,13.0,0,1,3,1,False,False,True,False,24.38507889487943,37.43937783997751,42.526716598041304,1011.8141078971513,False,3.460144252775725,73.22023451818148,1.4942537407443153,1.6689722140357683,204.84686633978333,322.1059859079452,65.26020700355951,0.1828364048711476,10331.459868873459,11696.240162653985,48,0.08710118261668234
F1,2025,3,2025-07-15,Synthetic_GP_3,Synthetic_Street,R,CCC,SYN-B,SYN-B,F1,14,92.79793714956153,28.732653192003948,34.307848985779025,29.757434971778558,HARD,Pirelli,14.0,0,1,3,1,False,False,True,False,24.698286934588875,37.05358777592567,41.91909695587716,1009.7510708749769,False,3.104710223078048,89.13621236472966,1.7107208079126084,1.5663487514360843,206.45665132171504,320.0880042850003,65.93088105519324,0.17951392185360832,10439.85962006951,11714.123291851974,50,0.10073362019565363
F1,2025,3,2025-07-15,Synthetic_GP_3,Synthetic_Street,R,CCC,SYN-B,SYN-B,F1,15,92.22780296596832,28.617453043546938,34.12436434291015,29.485985579511237,MEDIUM,Pirelli,1.0,1,1,3,1,False,False,True,False,24.43185413627895,37.80317306070063,43.62046540256818,1010.1716718701798,False,3.215186545459237,111.92299530020432,1.4499854723037942,1.346762044865588,206.34995639891503,319.8706650789374,69.20956824043418,0.18857301524253314,10645.151013971585,11850.898133876568,45,0.08996944669400986
F1,2025,3,2025-07-15,Synthetic_GP_3,Synthetic_Street,R,CCC,SYN-B,SYN-B,F1,16,91.94649430917185,28.51648533490343,33.99841509965172,29.431593874616702,MEDIUM,Pirelli,2.0,0,1,3,1,False,False,True,False,24.347896463344572,36.582796058279584,41.04153212388077,1012.5302274077603,False,3.226267770665557,125.85490001350638,1.5936108222173178,1.706720417235243,210.38692673647003,325.2437848630762,66.43507790889603,0.17825193826546365,10569.630991662836,11867.632261051216,51,0.10644111631901812
F1,2025,3,2025-07-15,Synthetic_GP_3,Synthetic_Street,R,CCC,SYN-B,SYN-B,F1,17,92.25019224515115,28.602767536579652,34.12029142717339,29.527133281398115,MEDIUM,Pirelli,3.0,0,1,3,1,False,False,True,False,24.60284962252398,35.76496576002083,42.9554711274836,1008.5269593373321,False,3.675875422221042,149.25659893825537,1.5189380425612806,1.6297311664423428,207.11652183344526,323.4948810788614,65.39789130809253,0.20196833973223263,10378.699555322884,11871.42689028389,46,0.1006216962831821
F1,2025,3,2025-07-15,Synthetic_GP_3,Synthetic_Street,R,CCC,SYN-B,SYN-B,F1,18,92.20903994658946,28.578973606037426,34.13497530013168,29.495091040420355,MEDIUM,Pirelli,4.0,0,1,3,1,False,False,True,False,24.935071614606503,35.90864125846426,42.02197483527419,1008.7872443225228,False,3.6287386048759793,198.97966910349567,1.5526068864702065,1.5780269602197539,207.42479525150216,322.4796965770165,66.13472427186223,0.1961079617060817,10431.483580120004,11763.717487527607,50,0.12421387953054329
F1,2025,3,2025-07-15,Synthetic_GP_3,Synthetic_Street,R,CCC,SYN-B,SYN-B,F1,19,92.50354230945325,28.669954690452997,34.26403915212534,29.569548466874913,MEDIUM,Pirelli,5.0,0,1,3,1,False,False,True,False,24.283008847094724,35.39020860452403,41.4048904630111,1009.5470317927226,False,3.2294629280932647,200.81157055289884,1.5950296480809985,1.620272208236829,205.39124448523992,326.3652267438462,63.81110244392831,0.1858332061874193,10412.779307030525,11920.196956589825,47,0.08720587824805695
F1,2025,3,2025-07-15,Synthetic_GP_3,Synthetic_Street,R,CCC,SYN-B,SYN-B,F1,20,92.44773692702076,28.626807560111537,34.20219588884584,29.618733478063376,MEDIUM,Pirelli,6.0,0,1,3,1,False,False,True,False,24.98445544929358,35.386878202184924,43.10173824297482,1008.4731815723042,False,3.474701407284443,228.67595989632105,1.544698206839812,1.532535097559132,206.08258531789951,324.0851685285906,67.98858656840392,0.19137176860512,10545.296315524754,11695.270108323155,48,0.1218737897684062
F1,2025,3,2025-07-15,Synthetic_GP_3,Synthetic_Street,R,CCC,SYN-B,SYN-B,F1,21,92.36711416559237,28.66129036418614,34.13215468959666,29.573669111809565,MEDIUM,Pirelli,7.0,0,1,3,1,False,False,True,False,24.729948357076616,34.38130204952644,41.07723894009435,1009.3761620961991,False,2.7768235679133237,243.4142015219926,1.4689617908635157,1.5566201341201873,207.61845801546295,322.73097020522636,67.69735073341278,0.1881616538052405,10563.154533201328,11877.254491647554,47,0.1015433939437957
F1,2025,3,2025-07-15,Synthetic_GP_3,Synthetic_Street,R,CCC,SYN-B,SYN-B,F1,22,92.54868545866455,28.749738976206693,34.22812043897633,29.570826043481524,MEDIUM,Pirelli,8.0,0,1,3,1,False,False,True,False,24.500639025517916,33.48264725090604,40.363152053710884,1010.2416914977001,False,2.9883035837856142,270.19802284754746,1.650052661020218,1.608234068698686,207.62759208095483,325.2375289146077,67.05667312411994,0.1754035226945389,10388.109206885147,11778.190851845497,48,0.11186318659107607
F1,2025,3,2025-07-15,Synthetic_GP_3,Synthetic_Street,R,CCC,SYN-B,SYN-B,F1,23,92.46774272205862,28.676543573954287,34.120194698691634,29.671004449412692,HARD,Pirelli,9.0,0,1,3,1,False,False,True,False,24.47507623979532,32.94507553555976,41.434383977921655,1009.9840764776452,False,3.5008768623006072,271.88960333581576,1.3757989207012713,1.644803202217207,204.74286459455507,324.99302321755056,66.96507315978639,0.18953942720018302,10387.597483594509,11886.406781469943,49,0.107630212882116
F1,2025,3,2025-07-15,Synthetic_GP_3,Synthetic_Street,R,CCC,SYN-B,SYN-B,F1,24,92.32963179778426,28.57638370811148,34.1025883791903,29.65065971048248,HARD,Pirelli,10.0,0,1,3,1,False,False,True,False,24.102566569269914,32.31552672898732,40.654516942459374,1010.5229971339339,False,3.7544150430952663,316.3696398516786,1.7919012261351293,1.7277452946933887,208.66529900156038,327.0791088506655,67.67605183390012,0.1744247664837224,10356.319964500417,11911.80489744989,51,0.08148693638287323
F1,2025,3,2025-07-15,Synthetic_GP_3,Synthetic_Street,R,CCC,SYN-B,SYN-B,F1,25,92.60923441742577,28.612049724338892,34.297496100873936,29.699688592212944,HARD,Pirelli,11.0,0,1,3,1,False,False,True,False,24.47654830328106,32.020161182612775,43.29341748237649,1009.0999606607406,False,3.3610467605811167,324.131665908433,1.6666401751551005,1.5514844587528758,206.24586006386141,324.25524463235115,66.18268538126982,0.18759171564089924,10275.565804045891,11732.323878668738,47,0.11617969581697016
F1,2025,3,2025-07-15,Synthetic_GP_3,Synthetic_Street,R,CCC,SYN-B,SYN-B,F1,26,92.4981097863931,28.666537937355454,34.16520988078776,29.66636196824988,HARD,Pirelli,12.0,0,1,3,1,False,False,True,False,24.3269179389966,31.14076697880448,41.47518606138945,1011.8343976354124,False,3.5583580512565725,342.2603284865013,1.5559292780257685,1.578132272541042,206.2560670058747,323.5101995653127,64.78122077502955,0.16245450101124093,10403.296812192424,11754.721058972566,47,0.0969195482846355
F1,2025,3,2025-07-15,Synthetic_GP_3,Synthetic_Street,R,CCC,SYN-B,SYN-B,F1,27,92.65948022927647,28.670749344045216,34.30205283439329,29.686678050837962,HARD,Pirelli,13.0,0,1,3,1,False,False,True,False,24.631587404306746,31.46918137518633,41.246482332461575,1009.1130449571268,False,3.326362573136336,26.732356142866593,1.712088980289465,1.671336590116745,204.84534099100316,321.2869347932805,65.95299956061243,0.1863430607864541,10383.847686030107,11841.084065874367,51,0.1358381078981701
F1,2025,3,2025-07-15,Synthetic_GP_3,Synthetic_Street,R,CCC,SYN-B,SYN-B,F1,28,92.6104284299577,28.70744890730464,34.2711888001301,29.631790722522958,HARD,Pirelli,14.0,0,1,3,1,False,False,True,False,24.399884939579294,31.09925902053468,40.570010219211504,1009.9271524850666,False,3.380340238487676,42.9198942105354,1.5892038539054907,1.5360657692096444,203.56538501454023,324.5799070225962,64.67456504070623,0.1735336890168863,10490.795827046291,11863.143960408825,51,0.11137504340353002
F1,2025,3,2025-07-15,Synthetic_GP_3,Synthetic_Street,R,DDD,SYN-B,SYN-B,F1,1,92.56490586497009,28.706651915542324,34.24100302795559,29.61725092147217,MEDIUM,Pirelli,1.0,1,1,4,1,False,False,True,False,24.71665815975718,34.08365893032451,42.33499308839407,1010.9432652386378,False,3.2531619725747634,168.68074353824778,1.8245590214461667,1.3401989472927767,207.74584557767324,321.84266569342543,68.05723345138072,0.16681156241740389,10563.537650750503,11731.836960786683,47,0.10122881375422026
F1,2025,3,2025-07-15,Synthetic_GP_3,Synthetic_Street,R,DDD,SYN-B,SYN-B,F1,2,92.36930596646545,28.691148796441137,34.161186099200464,29.516971070823843,MEDIUM,Pirelli,2.0,0,1,4,1,False,False,True,False,24.94938220419513,34.71924714404058,42.62977713331122,1008.8329577900153,False,3.1945872148353422,181.91981590761407,1.8946726085534766,1.4163028054116635,206.15823683054188,321.0087886670138,68.81915709292664,0.19267175064213937,10505.116660661148,11862.711672055655,47,0.1591231157728567
F1,2025,3,2025-07-15,Synthetic_GP_3,Synthetic_Street,R,DDD,SYN-B,SYN-B,F1,3,92.38355520761844,28.610685040958405,34.15332238489774,29.6195477817623,MEDIUM,Pirelli,3.0,0,1,4,1,False,False,True,False,24.434151384334456,34.530209377851214,44.16330602526077,1010.4081527832698,False,3.1918688885346977,208.52623311648526,1.9494785117101654,1.409610169811131,206.3821159392007,323.1397332461289,66.06374249089528,0.18614221955943355,10316.928470437382,11666.353917147233,50,0.0681632481510063
F1,2025,3,2025-07-15,Synthetic_GP_3,Synthetic_Street,R,DDD,SYN-B,SYN-B,F1,4,92.52611853876098,28.653829881035485,34.26577013505412,29.60651852267138,MEDIUM,Pirelli,4.0,0,1,4,1,False,False,True,False,24.985013720843025,35.84408828527054,40.74273680158994,1008.5036933990665,False,2.938707676761447,221.11853457699723,1.977022331568391,1.2048151910603142,207.10355862988752,322.0820438398262,66.4533864093215,0.19332667218775973,10503.171963374041,11950.722459839059,45,0.08073407471417321
F1,2025,3,2025-07-15,Synthetic_GP_3,Synthetic_Street,R,DDD,SYN-B,SYN-B,F1,5,92.74965294842373,28.715168912047982,34.28322993909705,29.751254097278697,MEDIUM,Pirelli,5.0,0,1,4,1,False,False,True,False,24.332521207128657,37.63674605138164,42.27635475837264,1009.139493457505,False,3.8935873167276798,254.13255568307477,1.9109244025537735,1.3167840543117562,204.5662821148735,320.63926725777867,66.44116896464672,0.16576521571091204,10308.11330236746,11831.654225946406,49,0.10951798699494722
F1,2025,3,2025-07-15,Synthetic_GP_3,Synthetic_Street,R,DDD,SYN-B,SYN-B,F1,6,92.44654383311114,28.63231884853223,34.178569235814145,29.635655748764762,MEDIUM,Pirelli,6.0,0,1,4,1,False,False,True,False,25.04865704063023,36.75142345278245,43.21070910214556,1009.7822227067034,False,3.7224590422867583,275.97227782578676,1.8027947094653454,1.3050748083790171,205.61911074938706,325.2389580252901,65.09276666842887,0.16032524045777738,10361.5196341749,11784.141880799021,49,0.10251192962456801
F1,2025,3,2025-07-15,Synthetic_GP_3,Synthetic_Street,R,DDD,SYN-B,SYN-B,F1,7,92.72932117775335,28.743082003801025,34.284096236423586,29.70214293752874,MEDIUM,Pirelli,7.0,0,1,4,1,False,False,True,False,24.8785343005892,37.84206370376908,43.703247895630874,1007.040910690973,False,3.341898142138738,300.0403305661252,1.9953062289525545,1.6297040256522137,205.62845636687257,325.97446791855583,61.73322227440894,0.18177409139326436,10298.912383537487,11736.066382811538,50,0.13332472264704312
F1,2025,3,2025-07-15,Synthetic_GP_3,Synthetic_Street,R,DDD,SYN-B,SYN-B,F1,8,92.54157540464264,28.68366210202945,34.21102658527122,29.64688671734197,MEDIUM,Pirelli,8.0,0,1,4,1,False,False,True,False,24.33952559490725,37.39758481935523,42.545258115879435,1006.903067980402,False,3.5338246454894637,332.26809152863933,1.8038836389101889,1.336333966353644,205.99121750965676,321.74246759738963,64.16367466432175,0.17846348242873103,10322.398758896745,11703.63210840618,50,0.1044724529731608
F1,2025,3,2025-07-15,Synthetic_GP_3,Synthetic_Street,R,DDD,SYN-B,SYN-B,F1,9,92.4204051889312,28.65324815454814,34.17975810890745,29.58739892547561,HARD,Pirelli,9.0,0,1,4,1,False,False,True,False,24.689965203291347,37.23587250694629,40.22142969211145,1011.7971428562581,False,3.3892740995216686,347.22106961222414,1.9233694703754927,1.29629680367967,208.1451956121333,319.7548403564294,64.86968406641415,0.17120996287167156,10400.66037676802,11952.031909400888,50,0.11549640559688298
F1,2025,3,2025-07-15,Synthetic_GP_3,Synthetic_Street,R,DDD,SYN-B,SYN-B,F1,10,92.56183808168086,28.696836098130216,34.228595397857795,29.636406585692846,HARD,Pirelli,10.0,0,1,4,1,False,False,True,False,24.55119132217188,37.40651159338498,42.26900034804766,1012.6676129807671,False,3.4416909414832926,13.823318284320806,1.96385834809505,1.3672709692785365,207.37067797518867,323.0624242402282,67.11121238121831,0.17514482871679965,10612.040111818873,11974.57851066123,47,0.12985284509473152
F1,2025,3,2025-07-15,Synthetic_GP_3,Synthetic_Street,R,DDD,SYN-B,SYN-B,F1,11,93.00840254940682,28.82018341031104,34.38876457543718,29.799454563658614,HARD,Pirelli,11.0,0,1,4,1,False,False,True,False,24.476447168407347,37.80109925800991,43.81272627935299,1011.5492631928564,False,3.153721861886015,16.17747047914213,2.018761098295154,1.3714550357149036,201.7377084269844,319.7716068154142,65.84178624067526,0.1722806611632241,10518.196386711066,11946.921382812685,46,0.11007160624251061
F1,2025,3,2025-07-15,Synthetic_GP_3,Synthetic_Street,R,DDD,SYN-B,SYN-B,F1,12,92.59007470155848,28.680757357175448,34.29303732092807,29.616280023454955,HARD,Pirelli,12.0,0,1,4,1,False,False,True,False,25.065375432152777,37.57769843788891,43.705616255213265,1009.7902491563551,False,3.2088507832086,47.733456889291006,2.0261854610225014,1.3982001287328762,204.2569846650212,319.79897286827656,65.85972272891655,0.17804510512693103,10287.737766853625,12005.876674340427,49,0.11184527582374272
F1,2025,3,2025-07-15,Synthetic_GP_3,Synthetic_Street,R,DDD,SYN-B,SYN-B,F1,13,92.85141928797457,28.790155798799784,34.387951007058135,29.673312482116643,HARD,Pirelli,13.0,0,1,4,1,False,False,True,False,24.918072006759846,37.281447821917546,42.20210503344954,1010.8452541236169,False,3.18313123004738,66.38475330437865,1.8892611238580244,1.3596384916199256,206.20646399048175,326.9454578987816,62.85498639229744,0.19175485310501575,10465.591147546449,11737.78101538073,51,0.12331312000989061
F1,2025,3,2025-07-15,Synthetic_GP_3,Synthetic_Street,R,DDD,SYN-B,SYN-B,F1,14,93.01812401922396,28.843583505374397,34.39339403099568,29.781146482853885,HARD,Pirelli,14.0,0,1,4,1,False,False,True,False,24.66929552278695,36.377332112653505,42.63956688632111,1007.4911348250598,False,3.296776688543687,89.60423431462209,2.0043086207130467,1.3376426563137949,201.91813713246592,322.9504761188009,65.72509782463824,0.17346894928284026,10634.470178171563,11875.844477712459,46,0.14078388280098889
F1,2025,3,2025-07-15,Synthetic_GP_3,Synthetic_Street,R,DDD,SYN-B,SYN-B,F1,15,92.20887460444659,28.61712108222543,34.126141387370886,29.465612134850275,MEDIUM,Pirelli,1.0,1,1,4,1,False,False,True,False,24.799960584067026,36.20732738858675,42.72136813877544,1011.1421736597323,False,3.2386903119395303,103.71294900146728,1.8423582217502072,1.3698516154545848,206.46271424619334,323.0027845127439,64.46392849795848,0.19009799989491297,10416.417292792481,11582.268045461084,45,0.1410104117536846
F1,2025,3,2025-07-15,Synthetic_GP_3,Synthetic_Street,R,DDD,SYN-B,SYN-B,F1,16,92.21330484292491,28.543121269526555,34.13252675964346,29.5376568137549,MEDIUM,Pirelli,2.0,0,1,4,1,False,False,True,False,24.890747831696245,35.35496411455438,42.300096492748864,1007.4494060370831,False,3.2170497737276023,132.4324202404958,1.8543543701346448,1.360037701631431,207.91087631134175,320.04169167913324,68.27332439112136,0.17342878468053755,10460.013050695796,11870.686000546944,48,0.09289714426405908
F1,2025,3,2025-07-15,Synthetic_GP_3,Synthetic_Street,R,DDD,SYN-B,SYN-B,F1,17,92.54240009841874,28.735688333115302,34.27434095560301,29.532370809700424,MEDIUM,Pirelli,3.0,0,1,4,1,False,False,True,False,24.65584621792494,36.2216340882562,42.46809714229137,1009.2727834024018,False,3.4104933135683155,162.2047128283192,1.9495032429568107,1.4554258468421926,204.1782702973276,321.7706559765168,66.1683623862599,0.18375350458790746,10395.626966031557,11905.997455184503,48,0.12141902326898107
F1,2025,3,2025-07-15,Synthetic_GP_3,Synthetic_Street,R,DDD,SYN-B,SYN-B,F1,18,92.35854502684016,28.635477259784498,34.1936654843091,29.529402282746567,MEDIUM,Pirelli,4.0,0,1,4,1,False,False,True,False,24.747728706839283,35.205385453620444,41.16258424188804,1009.7085814639761,False,3.4482775151282676,183.86192376612235,1.9079980721300784,1.2700426720442861,206.74849907979691,324.62703050364104,67.56356167844633,0.19774818560509286,10445.217029847525,11914.110147743402,46,0.10165114283992337
F1,2025,3,2025-07-15,Synthetic_GP_3,Synthetic_Street,R,DDD,SYN-B,SYN-B,F1,19,92.27344005581581,28.602005491241748,34.13453083813658,29.536903726437487,MEDIUM,Pirelli,5.0,0,1,4,1,False,False,True,False,24.351883291037975,35.32966151384769,42.30996920147098,1009.0586405020998,False,3.440356348137233,206.0844747167788,1.8657014534060743,1.4804214332074848,208.22923468561692,321.91855197396296,65.38564476942129,0.19186620534561974,10142.29409749393,11846.716181346192,48,0.11653049348101187
F1,2025,3,2025-07-15,Synthetic_GP_3,Synthetic_Street,R,DDD,SYN-B,SYN-B,F1,20,92.52691972794302,28.727084783637505,34.23636549685671,29.563469447448803,MEDIUM,Pirelli,6.0,0,1,4,1,False,False,True,False,24.20574578497195,33.688075793787654,41.262706817273774,1009.1365720944863,False,3.3089161722137135,225.79938630540664,1.8490303357410367,1.3993739376309544,207.13764695119158,324.85268643818887,64.85834584321645,0.1932577072508082,10379.00685586105,11959.818654144847,46,0.08745572968391715
F1,2025,3,2025-07-15,Synthetic_GP_3,Synthetic_Street,R,DDD,SYN-B,SYN-B,F1,21,92.77960568072929,28.752133113357207,34.35306703232274,29.674405535049345,MEDIUM,Pirelli,7.0,0,1,4,1,False,False,True,False,24.811792105780974,33.831228236048005,42.003749226737575,1008.9537238290142,False,3.3778848197368836,247.63177957542177,2.0326130192880747,1.3024090507909054,204.60310937832674,322.19414254773295,67.63432702114544,0.1711899459285439,10290.208754879204,11781.942110024984,47,0.12960712034754587
F1,2025,3,2025-07-15,Synthetic_GP_3,Synthetic_Street,R,DDD,SYN-B,SYN-B,F1,22,92.85468700946484,28.740053852672165,34.30641453977067,29.808218617022007,MEDIUM,Pirelli,8.0,0,1,4,1,False,False,True,False,24.431533001065176,33.33965860887006,40.82171469955116,1009.752821081464,False,3.4395868333036748,260.96373592996065,1.949082007653701,1.5140321912395147,202.19896607698146,319.9747263833597,66.4318958975249,0.1746115997548154,10613.343541251215,11839.863786192096,47,0.14090806067652833
F1,2025,3,2025-07-15,Synthetic_GP_3,Synthetic_Street,R,DDD,SYN-B,SYN-B,F1,23,92.53246603042514,28.620949711448244,34.23570538371547,29.675810935261424,HARD,Pirelli,9.0,0,1,4,1,False,False,True,False,24.931300127586812,32.84388957491596,42.411015732394155,1010.8610498588953,False,3.359697749466513,293.82458923593254,2.055859833431264,1.3850184704540371,204.40089458938718,324.20154628249185,63.70932704372249,0.17283958451613624,10332.645130131514,11997.392576802116,46,0.1165178974666424
F1,2025,3,2025-07-15,Synthetic_GP_3,Synthetic_Street,R,DDD,SYN-B,SYN-B,F1,24,92.65434325032268,28.738727407161495,34.24821664264461,29.667399200516584,HARD,Pirelli,10.0,0,1,4,1,False,False,True,False,24.46847710634167,31.39821855222468,42.17629891206135,1010.8944382109775,False,3.4797846459415345,306.1493540386466,1.9842356463020763,1.22170409003869,203.7390313001944,324.42470123002374,63.36019260339946,0.1788526944054702,10568.865760530443,11644.698187537517,47,0.11083634865269851
F1,2025,3,2025-07-15,Synthetic_GP_3,Synthetic_Street,R,DDD,SYN-B,SYN-B,F1,25,92.48280094859086,28.683768947722555,34.23634057018092,29.562691430687387,HARD,Pirelli,11.0,0,1,4,1,False,False,True,False,24.279645072478107,31.649777033373695,42.793493615837825,1009.7014526844722,False,3.280803125207435,325.10850817782455,1.8224855944782639,1.5006383609857048,208.37601380301533,321.86128656707757,67.41296355798565,0.19627513295021623,10506.15467494376,11624.343404028945,46,0.09520891988825428
F1,2025,3,2025-07-15,Synthetic_GP_3,Synthetic_Street,R,DDD,SYN-B,SYN-B,F1,26,92.67306078327661,28.70718234206008,34.33029124674264,29.635587194473892,HARD,Pirelli,12.0,0,1,4,1,False,False,True,False,24.379286530897357,31.6614637674104,42.78862979629664,1012.2660667088566,False,3.5611667045169275,353.51453076709583,1.8125807816112127,1.1850963904696692,205.76997800272576,325.80853317003977,63.733019163840254,0.18130397319035452,10354.025360964555,11786.194274914971,46,0.1037291406378048
F1,2025,3,2025-07-15,Synthetic_GP_3,Synthetic_Street,R,DDD,SYN-B,SYN-B,F1,27,92.70098810027703,28.778933129753018,34.28537063369015,29.636684336833866,HARD,Pirelli,13.0,0,1,4,1,False,False,True,False,24.24772157019359,30.240037474495853,42.218158388193935,1009.1184332418513,False,3.3258624925456277,27.66496444522511,1.8069732110142023,1.3260579210139722,206.62467234204044,322.60388339781446,71.13468505175716,0.1667998819579435,10315.382071079272,11870.072831780193,49,0.11273525609262935
F1,2025,3,2025-07-15,Synthetic_GP_3,Synthetic_Street,R,DDD,SYN-B,SYN-B,F1,28,92.80863473645833,28.7765832755541,34.37369141575776,29.658360045146466,HARD,Pirelli,14.0,0,1,4,1,False,False,True,False,24.556711793055594,30.75309645358887,41.28386409716272,1010.3982766509621,False,3.161633633919505,35.388286493703276,1.8160003774200981,1.1583154059156806,204.37231908092036,324.12262370527054,65.04661721838154,0.18622879980962992,10318.543383563385,11645.338425508513,45,0.09167682926968017
